sentence,source,word_count
Kò sí ẹ̀rí tí ó fi ẹsẹ̀ rinlẹ̀ .,masakhaner,9
Wákàtí méje ti ré kọjá lọ tí Luis Carlos Díaz ti di àwátì .,masakhaner,14
"radionet Luis Carlos Díaz , ti wà nínú àtìmọ́lé agbófinró Ìlú .",masakhaner,12
A bá a kẹ́dùn ipò tí ó wà .,masakhaner,9
Ìwé àbádòfin ìlò ẹ̀rọ alátagbà yóò pa òmìnira ọ̀rọ̀ sísọ lórí ayélujára ní Nàìjíríà,masakhaner,14
Ìwé àbádòfin náà yóò fi àṣẹ fún ìṣánpa ẹ̀rọ ayélujára ní Nàìjíríàj,masakhaner,12
Àtẹ̀jáde ìtúmọ̀ 3 Ọ̀pẹ 2019 15 : 10 GMT,masakhaner,9
Aṣojú Mohammed Sani Musa ni agbátẹrùu ìwé àbádòfin ìlò ẹ̀rọ alátagbà .,masakhaner,12
Àwòrán àgékù láti ibùdó Channel Television You Tube .,masakhaner,9
Ẹ̀ṣẹ̀ ni bí o bá gbó ìjọba lẹ́nu ( tako ìjọba ),masakhaner,12
"èdèe Nàìjíríà pẹ̀lú àwọn orílẹ̀ èdè mìíràn . """"""""",masakhaner,9
ẹ̀rọ ayélukára bí ajere Nàìjíríà yóò bọ́ sí .,masakhaner,9
Èyí léwu nítorí ó fi àyè gba àwọn onípò àṣẹ láti lo agbára nílòkulò .,masakhaner,15
Ta ní í sọ bóyá gbólóhùn kan lè fa rògbòdìyàn ?,masakhaner,11
Àṣẹ fún Àjọ Agbófinró láti ṣán ẹ̀rọ ayélujára pa fúngbà díẹ̀,masakhaner,11
Àwọn aṣojú - ṣòfin tí ó wà lẹ́yìn ìwé àbádòfin ẹ̀rọ alátagbà náà,masakhaner,13
Àjọ Elétò ( INEC ) gba ẹ̀sùn náà mọ́ra .,masakhaner,10
wọ́n kóra jọ níbi orísìírísìí jákèjádò orílẹ̀ èdè náà .,masakhaner,10
Moro kó owó sápòo rẹ̀ bẹ́ẹ̀ náà ó fo òfin ìgbanǹkan Aṣọ́bodè dá .,masakhaner,14
"‘Kò nílò ìdákẹ́ jẹ́jẹ́ , ìbẹ̀rù bojo tàbí ìkáàánú - araẹni’ – # SayNoToSocialMediaBill !",masakhaner,15
Kà síwájú sí i :,masakhaner,5
‎Èyí ni ìgbà tí àwọn ayàwòrán ń ṣiṣẹ́ .,masakhaner,9
"A sọ , a kọ , a p'èdè .",masakhaner,9
'Èyí ni ìpinnu tí ó dára jù lọ tí ilé - ẹjọ́ yóò ṣe',masakhaner,14
Àtẹ̀jáde ìtúmọ̀ 11 Bẹlu 2019 16 : 36 GMT,masakhaner,9
Àwọn ọmọ orí ayélujára ṣíra láti fi ìdùnnúu wọn hàn lóríi ìdájọ́ náà .,masakhaner,14
Àwọn kan kí Rebeca Z .,masakhaner,6
Ìgbésẹ̀ láti fòpin sí ìsoyìgì ọmọdé ní Tanzania,masakhaner,8
Gyumi rọ Ilé - ẹjọ́ Gíga láti gbé àlàálẹ̀ LMA tì sẹ́gbẹ̀ẹ́ .,masakhaner,13
Ilé - ẹjọ́ Gíga kò ṣe bẹ́ẹ̀ .,masakhaner,8
Ẹjọ́ òǹkaye 204 ti oṣù Ọ̀wẹwẹ̀ ọdún - un 2017 .,masakhaner,11
Kà síwájú sí i : Mozambique sọ ìsoyìgì ọmọdé di ìwà ọ̀daràn,masakhaner,12
Àyè fún àtúnpè - ẹjọ́,masakhaner,5
Ẹrù ọjà pẹ̀lú àkórí nípa Jamaica di títà lórí ayélujára,masakhaner,10
Àtẹ̀jáde ìtúmọ̀ 26 Ọ̀wàrà 2019 12 : 50 GMT,masakhaner,9
"Àwòrán láti ọwọ́ọ Jason Persse , CC BY - SA 2 . 0 .",masakhaner,14
Kí àwọn méjèèjì mọ̀ pé àtúnṣe kì í ṣe nǹkan tó ma yá kíákíá .,masakhaner,15
Mo lérò wípé ìjọba ní àwọn agbẹjọ́rò tó ká ojú òṣùwọ̀n .,masakhaner,12
'Ọ̀pọ̀lọpọ̀ ìlú ti kọ̀yìn síjọba lórí ìgbésẹ̀ yìí . ',masakhaner,10
Àtẹ̀jáde ìtúmọ̀ 17 Ọ̀wàrà 2019 4 : 03 GMT,masakhaner,9
Àgékù ohun tí ó ń ṣẹlẹ̀ ní Guinea láti ìròyìn ránpẹ́ France 24 kan .,masakhaner,15
Ìtúmọ̀ Ìtúnwí - ọ̀rọ̀ Ọlọ́rọ̀ gan - an,masakhaner,8
A rọ àwọn ọ̀dọ́ ẹgbẹ́ òṣèlú náà láti kún fún ìṣọ́ra ní ojúu pópó .,masakhaner,15
Káràkátà dẹnu kọlẹ̀ ní àárín gbùngbùn ibi ìṣàkóso ìlú ní Kalou .,masakhaner,12
Ènìyàn díẹ̀ ni ó jáde ní ìgbèríko àti Òkèe Guinea .,masakhaner,11
"Àmọ́ ṣá , ọ̀pọ̀lọpọ̀ ìlú ti kọ̀yìn síjọba lórí ìgbésẹ̀ yìí .",masakhaner,12
Àwọn ọmọ ìlú orí ayélujára fajúro sí ìṣẹ̀lẹ̀ náà lórí ẹ̀rọ alátagbà :,masakhaner,13
Ó di ọjọ́ iwájú kí á tó mọ̀ .,masakhaner,9
"Ní báyìí ṣá , ọkọ̀ ojú omi ti ń ré .",masakhaner,11
"Lọ́jọ́ 15 oṣù Ọ̀wàrà , akọ̀ròyin Guinea Bhiye Bary kọ :",masakhaner,11
"Ẹ̀yin aráa Guinea , ẹ mú ọkàn le !",masakhaner,9
# GUINÉE – ó jẹ́ ohun ìyàlẹ́nu .,masakhaner,8
Ìtìjú mú àwọn tí ìṣẹ̀lẹ̀ ṣẹlẹ̀ sí máà leè sọ,masakhaner,10
Àtẹ̀jáde ìtúmọ̀ 9 Ọ̀wàrà 2019 20 : 46 GMT,masakhaner,9
Àwòrán láti BBC # SexForGrades .,masakhaner,6
Igbeneghu sọ báyìí wípé :,masakhaner,5
Ṣé o kò mọ̀ wípé ọmọbìnrin arẹwà ni ọ́ ?,masakhaner,10
"Ìjọ Ajíhìnrere Foursquare ti dá Igbeneghu dúró “ lẹ́nu iṣẹ́ ìhìn rere """""""" .",masakhaner,14
Àwọn ìṣẹ̀lẹ̀ ìbànújẹ́ ọdún sẹ́yìn,masakhaner,5
Àwọn ọ̀jọ̀gbọ́n oníṣìná ilé ẹ̀kọ́ gíga Nàìjíríà ti ba ti àwọn obìnrin jẹ́ .,masakhaner,14
Kà síwájú sí i : Àlùfáà tàbí apanijẹ bí ẹ̀pa ?,masakhaner,11
Ajíhìnrere Oníwàásù nínúu wàhálà ẹ̀sùn ìfipábánilòpọ̀,masakhaner,6
Ó fún àwọn obìnrin ní àǹfààní láti wí ti ẹnu wọn .,masakhaner,12
Ìgbà àti àkókò nìkan ni yóò sọ .,masakhaner,8
Ilé ẹ̀kọ́ ìmọ̀ orin kíkọ kan ṣoṣo ní Zanzibar ti fẹ́ di títì pa,masakhaner,14
Ilé - ẹ̀kọ́ Orin Kíkọ Àwọn Orílẹ̀ - èdè Dhow f'orin ṣègbélárugẹ àṣàa Swahili,masakhaner,14
Àtẹ̀jáde ìtúmọ̀ 4 Ọ̀wàrà 2019 18 : 28 GMT,masakhaner,9
DCMA ló ni àwòrán .,masakhaner,5
"Akẹ́kọ̀ọ́ DCMA kan ń kọ́ qanun , ohun èlò orin ayédáadé orin taarab .",masakhaner,14
Àwòrán láti iléèwé DCMA .,masakhaner,5
Àwòrán jẹ́ ti iléèwée DCMA .,masakhaner,6
Ìtàn náà jọ ti Omar Juma fúnra rẹ̀ :,masakhaner,9
Ìtàn nípa àyálò àṣà àti àjọṣepọ̀,masakhaner,6
DCMA ni ó ni àwòrán .,masakhaner,6
Ìfiyèsí Alákòóso Ìwé Títẹ̀ : Òǹkọ̀wé àtẹ́jádé yìí ti ṣiṣẹ́ ọ̀fẹ́ pẹ̀lú DCMA .,masakhaner,14
Ìṣọdẹ - àjẹ́ ṣì ń gba ẹ̀mí àwọn ènìyàn ní ìgbèríko India,masakhaner,12
Àtẹ̀jáde ìtúmọ̀ 8 Ògún 2019 15 : 17 GMT,masakhaner,9
Ìletò kan ní ẹ̀báa Jamshedpur ní Jharkhand .,masakhaner,8
Àwòrán láti ọwọ́ọ Anumeha Verma,masakhaner,5
Mẹ́jọ nínú àwọn ènìyànkéènìà wọ̀nyí ti wà ní akóló ọlọ́pàá .,masakhaner,11
Àrùn T’ó Ń Peléke Sí i,masakhaner,6
FLAC ti ń ṣe àtọ́nàa ìṣòfin tí ó tako ìṣọdẹ - àjẹ́ ní Jharkhand .,masakhaner,15
Prem Chand sọ wípé ó kan apá kan nínú àwọn ọmọ ìlú :,masakhaner,13
"Àwọn tí ó f’ara kááṣá wọ̀nyìí ni àwọn Adivasis , Harijans àti Dalits .",masakhaner,14
Ọ̀ràn wọ̀nyí ti fi hàn wípé àhesọ ni ó máa fi ń bẹ̀rẹ̀ .,masakhaner,14
Gẹ́gẹ́ bí Prem Chand ṣe ti sọ :,masakhaner,8
Ìṣọdẹ - àjẹ́ jákèjádò India,masakhaner,5
Ìṣẹ̀lẹ̀ 2017 ní ipínlẹ̀ Rajasthan .,masakhaner,6
Chutni Mahato ti Saraikela ní Jharkhand jẹ́ ọ̀kan lára wọn .,masakhaner,11
Àwọn ènìyàn láti agbègbè náà máa ń pè é ní ‘tigress’ .,masakhaner,12
Wọ́n fi ẹ̀sùn - un àjẹ́ kàn - án ní ọdún - un 1995 .,masakhaner,15
"Síbẹ̀síbẹ̀ , mo ti jìyà nítorí ìwà pálapàla yìí .",masakhaner,10
Dídá Ohùn Gbogboògbò Sí i,masakhaner,5
Ní ọ̀rọ̀ọ Prem Chand :,masakhaner,5
Ìtọ́jú àwọn erin aláìlóbìíi Myanmar,masakhaner,5
Àtẹ̀jáde ìtúmọ̀ 30 Ọ̀wẹwẹ̀ 2019 9 : 37 GMT,masakhaner,9
Òṣìṣẹ́ àgọ̀ kan ń rọ Ayeyar Maung ní oúnjẹ .,masakhaner,10
Ẹsẹ̀ẹ rẹ̀ kan ti lu páḿpẹ́ àwọn ajérangbépa .,masakhaner,9
"Ọ̀dọ́ erin mìíràn , Ayeyar Maung náà rí nǹkan .",masakhaner,10
"Lọ́wọ́ lọ́wọ́ báyìí , Myanmar yóò fẹ́rẹ̀ẹ́ ní tó erin ẹgàn 1 , 500 .",masakhaner,15
Àtẹ̀jáde ìtúmọ̀ 23 Ọ̀wẹwẹ̀ 2019 19 : 45 GMT,masakhaner,9
Iyùn bí ìwo àgbọ̀nrín tí ó ti pàwọ̀dà .,masakhaner,9
"Àworán láti ọwọ́ọ Matt Kieffer , CC BY - SA 2 . 0 .",masakhaner,14
", gbogbo ojú ló ń wo erékùṣù náà .",masakhaner,9
Kí ni ohun tí ń pàwọ̀dà ní pàtó ?,masakhaner,9
Ìpele ìpàwọ̀dà kejì yóò jẹ́ ìtọ́ka sí ìpàwọ̀dà iyùn kárí ayé àti ikú iyùn .,masakhaner,15
Kí ló fa sábàbí ?,masakhaner,5
Kí ni arapa rẹ̀ ?,masakhaner,5
Ohun tí ó léwu ni ìpàwọ̀dàa iyùn .,masakhaner,8
"Bí ẹjá bá sì tán lómi , iṣẹ́ bọ́ lọ́wọ́ àwọn apẹja nìyẹn .",masakhaner,14
Kí ni a lè ṣe láti dẹ́kun rẹ̀ ?,masakhaner,9
Ó sọ síwájú sí i :,masakhaner,6
Ganase gbà wípé ọ̀ràn náà gba àtúnṣe ní kíákíá .,masakhaner,10
Ìrìn - àjò : Ìpẹ̀kun eré - ìdárayá fún Ọmọ - adúláwọ̀,masakhaner,12
Ìṣèbéèrè fún ìwé ìrìnnà dà bíi ẹbọ fún àwọn òòsà,masakhaner,10
Àtẹ̀jáde ìtúmọ̀ 19 Ògún 2019 13 : 42 GMT,masakhaner,9
Àtúntò àwòrán - an látọwọ́ọ Georgia Popplewell .,masakhaner,8
Ilé - iṣẹ́ UK Nílé pe àìfúni ní ìwé ìrìnnà náà padà .,masakhaner,13
"Ọlọ́finlúà lọ , ó bọ̀ padà sí Nàìjíríà , kò b'ọmọ jẹ́ .",masakhaner,13
Àwọn mìíràn kò rí àǹfààní báyìí .,masakhaner,7
‘O kò ní padà ! ’,masakhaner,6
"Awọn àgbá bọ̀ , inú dídùn l’ó ń mú orí yá .",masakhaner,12
Wọ́n pa ohùn mọ́ mi lẹ́nu !,masakhaner,7
èdè tí ó kù .,masakhaner,5
Ǹjẹ́ òtítọ́ ni wípé ó ṣeéṣe kí Ọmọ - adúláwọ̀ ó máà padà wálé ?,masakhaner,15
Iṣẹ́ ìdóòlà - ẹ̀mí ní oríi omi Erékùsù Canary ní 2006 .,masakhaner,12
Àwòrán láti ọwọ́ọ Noborder Network .,masakhaner,6
Ọ̀gọ̀rọ̀ ló wá láti àwọn Ìlú Gúúsù Aṣálẹ̀ Sahara .,masakhaner,10
"Àwọn arìnrìnàjòó san “ ẹgbẹlẹmùkù owó lọ́wọ́ ẹnìkọ̀ọ̀kan """""""" fún ìrìnàjò láti Cape Verde .",masakhaner,15
Irọ́ tí ó ti ara ẹlẹ́yàmẹyà sú yọ lórí ẹ̀rọ alátagbà lásìkò ìbò,masakhaner,13
Àtẹ̀jáde ìtúmọ̀ 9 Ṣẹẹrẹ 2020 10 : 33 GMT,masakhaner,9
O leè ká apá kejì ìròyìn náà níbí .,masakhaner,9
Èyí fi ojú hàn lásìkò ìbò nígbàtí àwọn olóṣèlú lo ẹlẹ́yàmẹ́lẹ́yá fi polongo ìbò .,masakhaner,15
"Láti ilẹ̀ , ìtàkùrọ̀sọ lórí ayélujára ní Nàìjíríà kò lọ láì sí ìkórìíra .",masakhaner,14
Ó fẹ́ jọ àtúnwáyé ìṣẹ̀lẹ̀ 2015 ṣùgbọ́n pẹ̀lú atakànàngbọ̀n mìíràn .,masakhaner,11
Ìbò àti ìgbàgbọ́ ọ̀rọ̀ orí ẹ̀rọ ayélujára ní Nàìjíríà,masakhaner,9
Ọ̀dọ́ ni ọ̀pọ̀lọpọ̀ àwọn olùdìbò orílẹ̀ - èdèe Nàìjíríà .,masakhaner,10
A ká àwọn ìkíyèsí yìí sílẹ̀ láti orí ayélujára ní àsìkò yìí .,masakhaner,13
Àwòrán 1 : Túwíìtì irọ́ ti Festus Keyamo,masakhaner,8
"Fún àpẹẹrẹ òmíràn , a lo àwòrán kan báyìí lọ́nà tí kò yẹ .",masakhaner,14
Ìjọba PDP ló ń tukọ̀ ètò ní 1999 sí 2015 .,masakhaner,11
Túwíìtì náà jẹ́rìí wípé Lebanon ni àwòrán ọ̀hún ti ṣẹ̀ wá .,masakhaner,12
Àwòrán 3 : Ọ̀rọ̀ ìkórìíra ẹ̀yà tẹ̀gbintẹ̀gbin,masakhaner,7
Bákan náà ni ó mú túwíìtì ìsọkúsọ náà wálẹ̀ ( Àwòrán 3 ) .,masakhaner,14
"Nàìjíríà , Tunisia , Uganda , àti Zimbabwe .",masakhaner,9
Àwọn ọkùnrin méjèèjì sọ wípé Ọlọ́run ló yọ sí àwọn,masakhaner,10
Àtẹ̀jáde ìtúmọ̀ 16 Ṣẹẹrẹ 2020 18 : 10 GMT,masakhaner,9
Allah l'ó pa á láṣẹ láti gbẹ́ ilé Ọlọ́run fún ètò ìgbéyàwó sísàlẹ̀ ilẹ̀ .,masakhaner,15
"Àwòrán láti ọwọ́ọ Amanda Leigh Lichtenstein , a fi àṣẹ lò ó .",masakhaner,13
Ìran náà wá nípasẹ̀ àwòrán ìtọ́nà tí ó rí lójú àwọn àláa rẹ̀ .,masakhaner,14
Ouma gbàgbọ́ wípé òun ń mú májẹ̀mú mìíràn pẹ̀lú Ọlọ́run padà wá sílé ayé .,masakhaner,15
“ Ìpele kejì ń bọ̀ lọ́nà .,masakhaner,7
Èyí ni ìpele àkọ́kọ́ ti májẹ̀mú náà .,masakhaner,8
Ìkejì ń bọ̀ lọ́nà .,masakhaner,5
Òǹlòo Instagram kan kọ :,masakhaner,5
Kò tilẹ̀ béèrè fún ìrànwọ́ fún katakata tàbí owó fún làálàáa rẹ̀ .,masakhaner,13
A kò gbọdọ̀ dájọ́ ẹni yìí .,masakhaner,7
Àwòrán láti ọwọ́ọ Amanda Leigh Lichtenstein .,masakhaner,7
Ilé Ọlọ́run fún ètò ìgbéyàwó Ethiopia,masakhaner,6
"Ní ọ̀gànjọ́ , ó ríran rí wúrà .",masakhaner,8
Àwọn àfẹ́sọ́nà kan ti ṣe ètò ìgbéyàwó níbé .,masakhaner,9
oòrùn ń tàn gbà láti ibi tí ẹnìkan kò mọ̀ .,masakhaner,11
Kíni ìdí irẹ̀ tí Donald Trump ṣe l'ókìkí ní Nàìjíríà ?,masakhaner,11
Trump ní ọ̀pọ̀lọpọ̀ olólùfẹ́ ní gúúsù orílẹ̀ - èdèe Nàìjíríà,masakhaner,10
Àtẹ̀jáde ìtúmọ̀ 17 Ṣẹẹrẹ 2020 13 : 59 GMT,masakhaner,9
Àwọn ọmọ Amẹ́ríkà rí i bí àkàndá ènìyàn .,masakhaner,9
Ìhùwàsíi rẹ̀ kò bá tayé mu .,masakhaner,7
Kì í ṣe ẹni tí wọ́n sọ pé ó jẹ́ .,masakhaner,11
Ìdí mìíràn ni ẹ̀sìn .,masakhaner,5
Àwọn Ọmọ lẹ́yìn - in Krístì nífẹ̀ẹ́ẹ Trump,masakhaner,8
"Cheta Nwanze , Olórí Ìwádìí ní SBM Intelligence sọ fún Ohùn Àgbáyé :",masakhaner,13
"Nàìjíríà ní ìjọba ìbílẹ̀ 774 , tí í ṣe ẹ̀ka aláṣẹ ìjọba ìbílẹ̀ .",masakhaner,14
"Síbẹ̀ , ọ̀pọ̀ ọmọ Nàìjíríà ló fẹ́ràn - an Trump .",masakhaner,11
Twitter di pápá ìròyìn ayédèrú lásìkò Ìdìbò ọdún - un 2019 ní Nàìjíríà,masakhaner,13
Ọ̀rọ̀ Ìkórìíra Ẹ̀yà àti Ayédèrú Ìròyìn tàn ká lórí Twitter,masakhaner,10
Àtẹ̀jáde ìtúmọ̀ 21 Ṣẹẹrẹ 2020 10 : 25 GMT,masakhaner,9
Àtòpọ̀ àwòrán láti ọwọ́ Nwachukwu Egbunike,masakhaner,6
O lè ka apá kìíní níbí .,masakhaner,7
Túwítà di ohun èlò fún ìsọkiri ọ̀rọ̀ ìkórìíra ẹ̀yà àti ọ̀rọ̀ ẹgbẹ́ òṣèlú .,masakhaner,14
“ Àsìkò ìdìbò ọdún 2019 ò yàtọ̀ rárá .,masakhaner,9
Àwọn ọmọ orílẹ̀ - èdèe Nàìjíríà náà fi èròo wọn hàn .,masakhaner,12
Akọ̀ròyìn Abdulbaqi Jari túwíìtì pé :,masakhaner,6
Ìròyìn ayédèrú àti ìṣèlú ní àwọn orílẹ̀ - èdè ilẹ̀ Adúláwọ̀,masakhaner,11
Ìròyìn Ayédèrú tó tako ẹ̀yà,masakhaner,5
Atọ́ka 2 : Àwòrán Túwíìtì kan láti ọwọ́ Nasir El - Rufia,masakhaner,12
Kí ni ohun tí ó ṣẹlẹ̀ gan - an ?,masakhaner,10
Atọ́ka 3 : Àwòrán Túwíìtì kan láti ọwọ́ Jubril A .,masakhaner,11
Nàìjíríà jẹ́ orílẹ̀ - èdè kan tí ọ̀rọ̀ ẹ̀yà ti rinlẹ̀ gan - an .,masakhaner,15
Ìsọkiri láti mú èrò inú àwọn olóṣèlú ṣẹ,masakhaner,8
Atọ́ka 6 : Àwòrán Túwíìtì kan láti ọwọ́ Souljah,masakhaner,9
"kí ó lọ nírọ̀rùn lọ́wọ́ . """"""""",masakhaner,7
oòrùn orílẹ̀ - èdèe Nàìjíríà ní àná ọjọ́ náà .,masakhaner,10
Irọ́ pátápátá ni àwọn ẹ̀sùn Onochie .,masakhaner,7
Onochie jẹ́ ògbóǹtarìgì níbi ká máa ṣe àpínká ìròyìn ayédèrú .,masakhaner,11
Ọ̀rọ̀ Àtakò lórí Ayélujára : ọ̀ràn ní Nàìjíríà,masakhaner,8
Àkójọpọ̀ àwọn ajagun orí Twitter tí wọ́n ń ṣe àpínká irọ́,masakhaner,11
Wọ́n dìídì gbìyànjú láti ṣe àpínká irọ́ bí i pé òótọ́ ni .,masakhaner,13
Àtẹ̀jáde ìtúmọ̀ 31 Ṣẹẹrẹ 2020 9 : 35 GMT,masakhaner,9
""""""""" fún ọdún méjì gbáko , New Times Rwanda jíyìn ìròhìn .",masakhaner,12
Ó sọ̀rọ̀ síwájú sí i :,masakhaner,6
Bákan náà ni Omarah gbóríyìn fún iléeṣẹ́ eré orí ìtàgé Nollywood ti Nàìjíríà .,masakhaner,14
Àtẹ̀jáde ìtúmọ̀ 14 Èrèlé 2020 18 : 32 GMT,masakhaner,9
Ọkùnrin kan gbé ẹ̀rọ - ìgbóhùnsáfẹ́fẹ́ tí máa ń rin ọ̀nà jínjìn dání .,masakhaner,14
"Àwòrán láti ọwọ́ọ Ọmọ Yoòbá , tí a gba àṣẹ láti lò .",masakhaner,13
Rédíò tí ó ń mú ìsọdọ̀kan àti ìgbéga wáyé,masakhaner,9
Àwọn àkópa méjì ló jáwé olúborí .,masakhaner,7
"Àwòrán láti ọwọ́ọ Ọmọ Yoòbá , a gba àṣẹ láti lò ó .",masakhaner,13
Kò sẹ́ni tí kò kópa nínú ayẹyẹ náà .,masakhaner,9
Àwọn sọ̀rọ̀sọ̀rọ̀ tí ó ti fẹ̀yìntì ló ka ìròyìn tí wọ́n sì tọ́kùn ètò .,masakhaner,15
Ǹjẹ́ ìlànà ìṣọwọ́kọ Yorùbá tuntun yóò di lílò lọ́jọ́ iwájú bí ?,masakhaner,12
Àtẹ̀jáde ìtúmọ̀ 10 Ẹrẹ́nà 2020 20 : 36 GMT,masakhaner,9
Olóyè Ògúntósìn ló yànda àwòrán .,masakhaner,6
25 ni gbogbo àwọn àmì wọ̀nyí lápapọ̀ .,masakhaner,8
Kà sí i : Ọ̀rọ̀ àyálò nínú èdè Yorùbá : Bí èdè ṣe yí padà,masakhaner,15
alífábẹ́ẹ̀tì Vai ni Ilẹ̀ - Adúláwọ̀ jẹ́ orísun wọn .,masakhaner,10
Ìṣàyèwò 'alífábẹ́ẹ̀tì tó ń sọ̀rọ̀',masakhaner,5
"Nígbà tí ó délé , òkùnkùn bo iyàrá birimùbirimù .",masakhaner,10
Ó tú gbogbo ilé kí ó tó wá rí i ní kọ̀rọ̀ ilé .,masakhaner,14
"Lálẹ́ ọjọ́ yẹn , ó fi nǹkan àjèjì náà sábẹ́ ìgbèrí sùn .",masakhaner,13
Ó sọ fún Ohùn Àgbáyé :,masakhaner,6
… Mo lálàá wí pé mo lọ sí inú oòrùn .,masakhaner,11
alífábẹ́ẹ̀tì Odùduwà tuntun náà .,masakhaner,5
èwe tí kò s'ówó láti parí i rẹ̀ náà ò gbẹ́yìn .,masakhaner,12
"Síbẹ̀síbẹ̀ , àtìlẹ́yìn kì í pọ̀ jù fún ìpínkárí alífábẹ́ẹ̀tì náà .",masakhaner,12
Ìgbésẹ̀ tí ó mú ìwúrí dání ni alífábẹ́ẹ̀tì Odùduwà náà .,masakhaner,11
Ọ̀rọ̀ àyálò nínú èdè Yorùbá : Bí èdè ṣe yí padà,masakhaner,11
Ṣé àkàrà ni ò ń pè àbí bean cake ?,masakhaner,10
Àtẹ̀jáde ìtúmọ̀ 11 Ẹrẹ́nà 2020 11 : 11 GMT,masakhaner,9
Àjọṣepọ̀ láàárín onírúurú èdè ti wà láti ayébáyé .,masakhaner,9
Ìṣẹ̀lẹ̀ yìí kò yọ ìran Yorùbá sílẹ̀ .,masakhaner,8
Ó tó ìdajì gbólóhùn èdè Gẹ̀ẹ́sì tí a yà lò nínú èdè Yorùbá .,masakhaner,14
"Kí a wo ọ̀rọ̀ bí i """""""" cup """""""" Ó di kó̩ò̩pù .",masakhaner,13
"Àwọn gbólóhùn """""""" àyálò """""""" wọ̀nyí mú èdè Yorùbá fẹjú sí i .",masakhaner,13
"Síbẹ̀ , òtítọ́ farahàn wípé láti ara èdè Yorùbá ni ó ti sú yọ .",masakhaner,15
Ìgbéga ni èyí jẹ́ fún Yor Yorùbá .,masakhaner,8
Ọ̀pọ̀lọpọ̀ ògbufọ̀ tí ẹ̀rọ ṣe ni kò nítumọ̀ .,masakhaner,9
Àtẹ̀jáde ìtúmọ̀ 11 Ẹrẹ́nà 2020 21 : 16 GMT,masakhaner,9
"Àwòránlláti ọwọ́ Ọládiméjì Ajégbilẹ̀ , àṣẹ - àtúnlò láti orí Pexels .",masakhaner,12
"Bákan náà , ló kù díẹ̀ káàtó , kò ṣe déédéé ?",masakhaner,12
"Fún àpẹẹrẹ , gbólóhùn Yorùbá bí i ayaba àti ọbabìnrin ní ìtumọ̀ tó yàtọ̀ .",masakhaner,15
"Ọ̀pọ̀lọpọ̀ ẹ̀rọ ní í máa tú ìmọ̀ gbólóhùn méjèèjì sí """""""" queen """""""" .",masakhaner,14
Èyí sì ti fẹ bí a ti ṣe ń lo àwọn èdè wọ̀nyí lójú .,masakhaner,15
A ṣẹ̀dá àwọn orúkọ yìí ní ìbámu pẹ̀lú iṣẹ́ tí wọ́n ń ṣe .,masakhaner,14
Àtẹ̀jáde ìtúmọ̀ 13 Ẹrẹ́nà 2020 18 : 32 GMT,masakhaner,9
Àwòrán tí kò ní olóhun láti orí Wikipedia .,masakhaner,9
Ìyè ni Ara - jíjẹ àti ẹ̀jẹ̀ mímu .,masakhaner,9
Àmọ́ àwọn aṣojú ìjọba tìkarawọn ń tàpá sí òfin ìdènà ààrùn yìí .,masakhaner,13
Kí ni ìṣòro rẹ̀ ?,masakhaner,5
Gbogbo onígbàgbọ́ yóò wọ ìbomúbẹnu lásìkò tí ìsìn bá ń lọ lọ́wọ́ .,masakhaner,13
Wọn kò ní gba ẹnìkan lọ́wọ́ .,masakhaner,7
Wọn kò ní f'ẹnu ko Àlùfáà ìjọ lọ́wọ́ .,masakhaner,9
"Wọn kò ní fẹnu ko àwọn Ère , àmọ́ wọn ó tẹríba níwájú wọn .",masakhaner,15
Wọn kò ní lo àwọn ìwé àdúrà nígbà ìsìn .,masakhaner,10
Oúnjẹ Àpèjẹ Ifẹ̀ kò ní jẹ́ pínpín lọ́jọ́ Àìkú .,masakhaner,10
Àwọn ìpàdé ẹlẹ́gbẹ́jẹgbẹ́ àti ti àwọn tó ń kọ́ ìsìn Ọlọ́run kò ní wáyé .,masakhaner,15
Ilé - iṣẹ́ Agbóhùnsáfẹ́fẹ́ Ìbílẹ̀ Fagilé Ìfọ̀rọ̀wọ́rọ̀ pẹ̀lú àwọn ajìjàǹgbara LGBT lẹ́yìn ìhalẹ̀mọ́ sí olóòtú,masakhaner,15
Àtẹ̀jáde ìtúmọ̀ 8 Èrèlé 2019 10 : 39 GMT,masakhaner,9
Àwọn ajìjàǹgbara ní Madrid fi ẹ̀hónú hàn lórí ìrúfin ẹ̀tọ́ LGBT ní Russia,masakhaner,13
sọ̀rọ̀ nínú àkọsílẹ̀ Facebook kan :,masakhaner,6
Mò ń fagi lé ètò náà .,masakhaner,7
"Òun náà sì lè kojúu wàhálà , onípè àjèjì náà léríléka .",masakhaner,12
Àwọn ìwọ́de àti ìfẹ̀hónúhàn irú èyí wáyé ní àwọn ìlú mìíràn ní Russia .,masakhaner,14
Jẹ́ kí ìpèe rẹ̀ ta ọ́ jí !,masakhaner,8
WỌ́N WÀ NÍBẸ̀ : NÍNÚ ÀWỌN ỌGBÀ Ẹ̀WỌ̀N ÀTI IBOJÌ - ÒKÚ .,masakhaner,13
# SAVELGBTINRUSSIA Ẹ̀TANÚ ÌBÁLÒPỌ̀ - LÁÀÁRÍN - AKỌ - ÀTI - AKỌ = ÌJỌBA AFIPÁMÚNI,masakhaner,15
Àtẹ̀jáde ìtúmọ̀ 19 Èrèlé 2019 12 : 39 GMT,masakhaner,9
Àwòrán láti ọwọ́ Borges Nhamira pẹ̀lú àṣẹ ìlò .,masakhaner,9
Ó yẹ kí ẹjọ́ọ wọn ó parí lọ́dún yìí .,masakhaner,10
# FreeAmade : Ìpolongo láti gba Akọ̀ròyìn Mozambique sílẹ̀,masakhaner,9
Amnesty International náà sọ̀rọ̀ :,masakhaner,5
Àtẹ̀jáde ìtúmọ̀ 29 Ẹrẹ́nà 2019 16 : 00 GMT,masakhaner,9
Ibi tí àyípadà ti bẹ̀rẹ̀,masakhaner,5
Ó sọ fún àwọn akọ̀ròyìn pé :,masakhaner,7
Ó jẹ́ agbègbè kan tí ó lọ́rọ̀ jù ní àgbáyé .,masakhaner,11
Èèyàn lè jẹ àǹfààní rẹ̀ lọ́nà tó mọ́gbọ́n dání .,masakhaner,10
"Àwòrán : Àjọ tí ó ń rí sí ààbò gbogboògbò , CC 2 . 0",masakhaner,15
Alátakò tí kò ṣe é borí,masakhaner,6
Kí ni ìdí fún ìkórìíra àti òǹgbẹ fún ìṣubúu wa ?,masakhaner,11
Àwa náà ní láti di aṣíwájú fún ara wa …,masakhaner,10
Ìfẹsẹ̀múlẹ̀ tí ó ń lọ,masakhaner,5
Wọ́n jẹ́ ọ̀wọ́ àwọn tí ó nílò aṣojú .,masakhaner,9
Burundi : Kọ Ìkọkúkọ sórí àwòrán Ààrẹ — kí o wẹ̀wọ̀n,masakhaner,11
Àtẹ̀jáde ìtúmọ̀ 20 Igbe 2019 18 : 53 GMT,masakhaner,9
"Ààrẹ Jacob Zuma bẹ Burundi wo ní 25 , oṣù Èrèlé ọdún 2016 .",masakhaner,14
Orísun àwòrán : ìjọba ZA .,masakhaner,6
"Flickr , àṣẹ CC .",masakhaner,5
Wọ́n bu ẹnu àtẹ́ lu ìwà yìí gidigidi .,masakhaner,9
"Nkurunziza , ’ Adarí ayérayé tó ga jù’",masakhaner,8
Pierre Nkurunziza ti jẹ ààrẹ ilẹ̀ Burundi láti ọdún 2005 .,masakhaner,11
"Wọ́n pè é ní “ adarí ayérayé tó ga jù """""""" .",masakhaner,12
"Òun ni òbíi wa , òun ni ó ń gbà wá nímọ̀ràn .",masakhaner,13
"Ní tiwa , olórí tó dára jù ni a ní .",masakhaner,11
"Pẹ̀lú àwọn ìdojúkọ wọ̀nyí , “ ipò náà """""""" le sí i .",masakhaner,13
Àwọn aláṣẹ sì ń fi ìkanra mú gbogbo ìhàlẹ̀ tí wọ́n ń rí .,masakhaner,14
Bí ó tilẹ̀ jẹ́ pé ẹgbẹẹgbẹ̀rún ti padà sílé .,masakhaner,10
Àtẹ̀jáde ìtúmọ̀ 30 Igbe 2019 17 : 43 GMT,masakhaner,9
"Àgékúrò àwòrán adarí iléeṣẹ́ náà , Irina Reyder ní ọ́fíìsì iléeṣẹ́ BlaBlaCar ti Russia .",masakhaner,15
Àwòrán láti orí Ojú ewé .,masakhaner,6
Reyder kọ nípa ìṣẹ̀lẹ̀ náà sójú ìwé Facebook rẹ̀ .,masakhaner,10
E : Ta ni yóò wá jẹ́ alámọ̀dájú náà ?,masakhaner,10
"PR : Adarí iléeṣẹ́ wa ni , Irina Reyder",masakhaner,9
"Fún àpẹẹrẹ , tí a bá ní agbẹjọ́rò gidi kan .",masakhaner,11
Ó ń láti jẹ́ ọkùnrin .,masakhaner,6
Bóyá kí ìwọ Sergey ó ṣe ìfọ̀rọ̀wọ́rọ̀ náà ?,masakhaner,9
Ṣé àwọn alámọ̀dájú tuntun yìí á mọ̀ dájú dánu ?,masakhaner,10
Reyder ń béèrè ìbéèrè ìkẹ́gàn náà lọ́wọ́ àwọn èèyàn - an rẹ̀ .,masakhaner,13
Bí ó tilẹ̀ jẹ́ pé àlàyé wọn kò fìdí èyí múlẹ̀ tó :,masakhaner,13
Ìpolongo ìtakò Kérésìmesì ìlú China mú yíyan àjọyọ̀ le fún ọmọ - ìlú,masakhaner,13
Àtẹ̀jáde ìtúmọ̀ 23 Ọ̀pẹ 2018 13 : 23 GMT,masakhaner,9
Kókó ìròyìn àkọ́kọ́ 1 .,masakhaner,5
Àjọ̀dún Òyìnbó ń bọ̀ lọ́nà dẹ̀dẹ̀ .,masakhaner,7
"Kí a ṣe àjọyọ̀ àbí kí á máà ṣe é , ìbéèrè ni ìyẹn .",masakhaner,15
Ọmọ China ni mí n kò sì kí ń ṣe àjọyọ̀ Òyìnbó .,masakhaner,13
Sọ pé rárá fún ìṣàjọyọ̀ àjọ̀dún Òyìnbó nínú ọgbà ilé - ìwé .,masakhaner,13
Ẹgbẹ́ òṣèlú - ìpínlẹ̀ ti kọ ẹ̀yìn sí àjọ̀dún Òyìnbó .,masakhaner,11
Àjọyọ̀ àjọ̀dún ti wa di ọ̀rọ̀ ìṣèlú .,masakhaner,8
A gbọdọ̀ sọ ọjọ́ ìbíi rẹ̀ di Kérésìmesì China .,masakhaner,10
Gbé ìgbésẹ̀ kí o kọ àjọ̀dún Òyìnbó .,masakhaner,8
Àmọ́ àwọn ènìyàn kan lórí Weibo kò rí ọ̀rọ̀ ọlọgbọ́n kankan nínú àríyànjiyàn wọ̀nyí .,masakhaner,15
Àwọn ọ̀dọ́ máa ń ṣe àjọyọ̀ àjọ̀dún Òyìnbó nítorí àríyá àti fún ayọ̀ .,masakhaner,14
"Àwọn àjọ̀dún wọ̀nyí lè mú ìkóúnjẹjẹ gbòòrò , kí ni ó burú nínú ìyẹn ?",masakhaner,15
"Ẹgbẹ́kíkó , ìkóraẹni - níjàánu",masakhaner,5
Ònlo Weibo kan fi ẹ̀hónú hàn :,masakhaner,7
Kérésìmesì ń bọ̀ lọ́nà dẹ̀dẹ̀ .,masakhaner,6
Ojú kan tí gbogbo ènìyàn dúró sí ti kún .,masakhaner,10
Ìkìlọ̀ lórí ìtako àjọ̀dún Òyìnbó ní inú ọgbà ilé - ìwé .,masakhaner,12
Àwọn òǹlo Weibo kan ti pín ìkìlọ̀ ilé - ìwé ti a fún akẹ́kọ̀ọ́ .,masakhaner,15
Ìyàlẹ́nu ni ó jẹ́ fún ìyá kan nígbàtí ọmọọ rẹ̀ kọ ẹ̀bùn Kérésìmesì .,masakhaner,14
Ìyá kọ sórí Weibo :,masakhaner,5
"Ìyá : Ọmọ mi , ẹ̀bùn wo lo fẹ́ fún Kérésìmesì ?",masakhaner,12
"Ó dáa , dájúdájú onígbọràn ọmọ ẹgbẹ́ òṣèlú àti àwọn ará ìlú ni ọ́ .",masakhaner,15
"Síbẹ̀ , àwọn akẹ́kọ̀ọ́ ilé - ẹ̀kọ́ gíga ṣe àròjinlẹ̀ .",masakhaner,11
Akẹ́kọ̀ọ́ kan ní ìbéèrè lórí òfin ilé - ìwé lórí Weibo :,masakhaner,12
Àwọn kan ti yan ìṣàjọyọ̀ àjọ̀dún náà ní ìkọ̀kọ̀ .,masakhaner,10
Ilé - iṣẹ́ ti sọ ayẹyẹ àjọyọ̀ àjọ̀dún Òyìnbó di èèwọ̀ .,masakhaner,12
Ẹ jẹ́ kí a fẹ́ àlàáfíà .,masakhaner,7
Òǹlo Weibo mìíràn fi èròńgbàa rẹ̀ hàn pẹ̀lú ohun tí ó fẹ́ fún Kérésìmesì :,masakhaner,15
Ẹ kú ọdún Kérésìmesì !,masakhaner,5
Mo nífẹ̀ẹ́ - ẹ̀ rẹ olúwa !,masakhaner,7
"Bàba Kérésìmesì , jọ̀wọ́ fún mi ní ìbọsẹ̀ nílá gbàngbà pẹ̀lú òmìnira nínúu rẹ̀ .",masakhaner,15
Òṣìṣẹ́ inú ọkọ̀ òfuurufú olóbìrin nìkan wọ ìwé ìtàn ní Mozambique,masakhaner,11
Àtẹ̀jáde ìtúmọ̀ 23 Ọ̀pẹ 2018 20 : 30 GMT,masakhaner,9
ỌJỌ́ ÌTÀN – Ikọ̀ ọkọ̀ òfuurufú,masakhaner,6
Ikọ̀ ẹ kú oríire !,masakhaner,5
"Mozambique , kú oríire !",masakhaner,5
Fún ọ̀pọ̀lọpọ̀ obìrin nínú iṣẹ́ gbogbo .,masakhaner,7
Nítorí wọ́n bẹ̀rù agbára rẹ̀ .,masakhaner,6
Àtẹ̀jáde ìtúmọ̀ 28 Ọ̀pẹ 2018 9 : 39 GMT,masakhaner,9
Akẹ́kọ̀ọ́ Ifásitì Haromaya ní Ethiopia ń fi àmì ìtako ìjọba hàn .,masakhaner,12
Àwòrán tí a pín lórí ẹ̀rọ - alátagbà .,masakhaner,9
Ọ̀rọ̀ sísọ lórí ayélujára ti ń rí ìfúnpa láti ọwọ́ ìjọba díẹ̀ díẹ̀ .,masakhaner,14
Ta ni ẹni tí ó ń sọ bóyá ọ̀rọ̀ kan jẹ́ àfojúdi ?,masakhaner,13
"Ní àgbáyé , ọmọ - ìlú ní ẹ̀tọ́ láti wá àìṣedéédé aláṣẹ ìjọba .",masakhaner,14
Máà jìyà nínú ìdákẹ́rọrọ — máa wí lọ,masakhaner,8
"Ní ìgbà mìíràn , ó máa mú wọn pa àwọn ìwàa wọn tì .",masakhaner,14
Ìrírí akọbúlọ́ọ̀gù Zone9 ìlú Ethiopia jẹ́ àpẹẹrẹ .,masakhaner,8
Orí Twitter ni Zelalem Kiberet ti pín àwòrán yìí .,masakhaner,10
"Bí wọ́n ti ṣe sọ , iná amọ́roro ìtàgé wálẹ̀ díẹ̀ .",masakhaner,12
Ohùn - un wọn mú kí iyàrá ètò pa lọ́lọ́ .,masakhaner,11
"Àpapọ̀ Akọbúlọ́ọ̀gù Zone9 ní Addis Ababa , ní ọdún 2012 .",masakhaner,11
Endalk Chala ni ó ni àwòrán .,masakhaner,7
"inúu wa dùn nítorí wípé a fún àwọn ènìyàn mìíràn ní ìmísí ni . """"""""",masakhaner,15
Ìjàm̀bá Àwọn Ológun Mauritania 28 tí wọ́n pa ní ọjọ́ Òmìnira tí a kò sọ,masakhaner,15
Àtẹ̀jáde ìtúmọ̀ 2 Ṣẹẹrẹ 2019 17 : 32 GMT,masakhaner,9
"Ààrẹ Ìgbìmọ̀ àwọn Inal - France , Youba Dianka , ṣàlàyé :",masakhaner,12
"Láìsí àní - àní , èpè ja àwọn ológun 28 yẹn lóru ọjọ́ náà .",masakhaner,15
Àwọn Ẹni - orí - kó - yọ sọ̀rọ̀ síta,masakhaner,10
A ò sì gbọdọ̀ fi ẹhónú hàn …,masakhaner,8
Ó ṣe àpèjúwe àwọn ìfìyàorójẹni tí òun pẹ̀lú àwọn ológun mìíràn rí :,masakhaner,13
Wọ́n á sì wọ ìbòjú padà .,masakhaner,7
Ní iwájú wọn ni wọ́n ti pa á .,masakhaner,9
‘Kò tún gbọdọ̀ ṣẹlẹ̀ mọ́’,masakhaner,5
ènìyàn lè rántí kí wọ́n sì sọ pé “ KÒ TÚN GBỌDỌ̀ ṢẸLẸ̀ MỌ́’ .,masakhaner,15
"Ọ̀gbẹ́ni ààrẹ , àkósoò rẹ ti ṣe àmúlò òfin ìyàsọ́tọ̀ àti ìyọkúrò ẹ̀yà .",masakhaner,14
Àtẹ̀jáde ìtúmọ̀ 7 Ṣẹẹrẹ 2019 17 : 26 GMT,masakhaner,9
"Alaa Abd El Fattah , àwòrán láti ọwọ́ Nariman El - Mofty .",masakhaner,13
Abẹ́ ìṣọ́ ọlọ́pàá ni yóò wà fún àkókò yìí .,masakhaner,10
A ní láti ṣe iṣẹ́ ìpìlẹ̀ fún ìtako èyí .,masakhaner,10
Dídarapọ̀ mọ́n ìpolongo # FreeAlaa,masakhaner,5
Mo ń retí ìmísí ọ̀nà tí ẹ ó gbà tún un ṣe .,masakhaner,13
Torí ìdí èyí máa bá wa ronú !,masakhaner,8
Ìwọ́de afẹ́ àwọn abódiakọ - akọ́diabo àkọ́kọ́ lè tú èrò nípa wọn ní Pakístánì ká,masakhaner,15
Àtẹ̀jáde ìtúmọ̀ 11 Ṣẹẹrẹ 2019 20 : 57 GMT,masakhaner,9
Jannat Ali Pẹ̀lú àwọn alágbèékalẹ̀ láti ilé - iṣẹ́ Sathi àti Track - T .,masakhaner,15
Àwòrán láti ọwọ́ọ Syed Noman .,masakhaner,6
A lò ó pẹ̀lú àṣẹ .,masakhaner,6
nínú oṣù Ẹrẹ́nà ọdún 2018 .,masakhaner,6
Ìwọ́de Afẹ́ Abódiakọ - akọ́diabo ní Lahore .,masakhaner,8
"Oṣù Ọ̀pẹ , ọdún 2018 .",masakhaner,6
Syed Noman ni ó ní àwòrán .,masakhaner,7
Ènìyàn Abódiakọ - akọ́diabo tí ó tó bí 250 láti agbègbè jákèjádò ìlú Pakistan .,masakhaner,15
Ni ọ̀rọ̀ọ rẹ̀ alágbèékáa Jannat Ali ní :,masakhaner,8
A ti fi ẹ̀tọ́ àwọn abódiakọ - akọ́diabo yí iyẹ̀pẹ̀ .,masakhaner,11
iṣẹ́ nínú káràkátà àti ètò ìlera láì sí ìyàsọ́tọ̀ .,masakhaner,10
Wọ́n máa lè jẹ ogún àti ẹ̀tọ́ láti di ìbò .,masakhaner,11
Ayàwòrán Ikọ̀ Afẹ́ Abódiakọ - akọ́diabo ni ó ní àṣẹ .,masakhaner,11
A gba àṣẹ àtúnlòw lọ́wọ́ọ rẹ̀ .,masakhaner,7
Pakistan ti ń sún kẹ́rẹ́ ní ti ìgbé ayé Abódiakọ - akọ́diabo .,masakhaner,13
Àtẹ̀jáde ìtúmọ̀ 12 Ṣẹẹrẹ 2019 18 : 27 GMT,masakhaner,9
Àsìkò yìí jẹ́ èyí tí ó le .,masakhaner,8
"Lóòótọ́ ni ìjìyà àwọn obìnrin , ó wà lóòótọ́ .",masakhaner,10
A fẹ́ àwùjọ tí ẹ̀rù àtijáde ò ti ní bà wá !,masakhaner,12
"Síbẹ̀síbẹ̀ , ìdájọ́ òfin yìí kò le tó , ìtìmọ́lé ọdún méjì sí mẹ́jọ .",masakhaner,15
Ó ṣe pàtàkì kí a fi ọgbọ́n kún àwọn ọ̀rọ̀ náà pẹ̀lú ṣíṣe gidi .,masakhaner,15
Ẹ fi owó yín sí ibi tí ẹnu yín wà .,masakhaner,11
Ẹ yéé pa wá ! ! !,masakhaner,7
Bí àpamọ́ àlọ́ àti ìtàn àtọwọ́dọ́wọ́ ṣe mú ọ̀rọ̀ àyíká di mímọ̀ ní Mekong,masakhaner,14
Àtẹ̀jáde ìtúmọ̀ 18 Ṣẹẹrẹ 2019 11 : 19 GMT,masakhaner,9
Àwòrán tí a mú láti Ibùdó - ìtàkùn - àgbáyé iṣẹ́ Ìtàn Àwọn Ènìyàn .,masakhaner,15
"Toshiyuki Doi , olùdámọ̀ràn àgbà fún Mekong Watch , ní èyí láti sọ :",masakhaner,14
Àwọn agbègbè ní Mekong níbi tí àwọn oníṣẹ́ - ìwádìí ti ṣe iṣẹ́ .,masakhaner,14
Kmhmu’ ní àríwá àti àárín gbùngbùn Laos ; ; 2 .,masakhaner,11
Siphandon ní gúúsù Laos ; 3 .,masakhaner,7
Akha ní àríwá Thailand ; 4 .,masakhaner,7
Thai So atí Isan ní àríwá - ìwọ̀ - oòrùn Thailand ; 5 .,masakhaner,14
Bunong ní àríwá - ìwọ̀ - oòrùn Cambodia .,masakhaner,9
""""""""" , “ Ǹjẹ́ a lè rí àwọn ẹranko wọ̀nyí ní abúlée yín bí ?",masakhaner,15
"Mun Kimprasert , ẹni ọdún 68 .",masakhaner,7
"Mekong Watch ló ni àwòrán , a lò ó pẹ̀lú àṣẹ .",masakhaner,12
"Ní ìgbà kan , ológun kan wọ inú igbó iwin kan .",masakhaner,12
Ó ṣe alábàápàdé ọ̀pọ̀lọpọ̀ ewé kátabá níbẹ̀ ó sì ṣẹ́ wọ́n .,masakhaner,12
Ó wá ọ̀nà títí kò rí .,masakhaner,7
"Àwòrán láti ọwọ́ọ Mekong Watch , a lò ó pẹ̀lú àṣẹ .",masakhaner,12
Mọ àwọn òǹdíje sí ipò ààrẹ Nàìjíríà ọdún 2019,masakhaner,9
Àtẹ̀jáde ìtúmọ̀ 19 Ṣẹẹrẹ 2019 12 : 09 GMT,masakhaner,9
orílẹ̀ - èdè Nàìjíríà .,masakhaner,5
"Muhammad Buhari , Ààrẹ orílẹ̀ - èdè Nàìjíríà .",masakhaner,9
Atiku Abubakar [ Àwòrán Ibùdó - ìtàkùn - àgbáyé Ilé - iṣẹ́ ìpolongo ] .,masakhaner,15
Abubakar ni igbá - kejì ààrẹ ìgbà kan àti òǹdíje lábẹ́ àsíá PDP .,masakhaner,14
Ó ti gbìyànjú sẹ́yìn láti di ààrẹ àmọ́ orí kò ṣe ní oore .,masakhaner,14
Àwọn mìíràn tí ó ní ìrètí sí ipò ààrẹ Nàìjíríà ni :,masakhaner,12
Oby Ezekwesili [ Àwòrán tí àwọn alágbèékalẹ̀ ìpolongo tari síta ],masakhaner,11
Ó jẹ́ ọ̀kan lára olùdásílẹ̀ Ìpolongo # BringBackOurGirls ( BBOG ) .,masakhaner,12
Kingsley Moghalu [ Àwòrán láti ibùdó ìpolongo ] .,masakhaner,9
Moghalu ti ṣiṣẹ́ rí ní United Nations láti ọdún 1992 sí 2008 .,masakhaner,13
Òun ni òǹdíje ní abẹ́ àsíá Ẹgbẹ́ Olóṣèlú Ìtẹ̀síwájú Ọ̀dọ́ – YPP .,masakhaner,13
SR ni à ń pè ní Wikileaks Ilé Adúláwọ̀ .,masakhaner,10
Aré ti ń lọ fún ọjọ́ iwájú orílẹ̀ èdè Nàìjíríà,masakhaner,10
Buhari àti Abubakar ni afigagbága ìdíje ìbò aré yìí .,masakhaner,10
Àwọn méjèèjì ti ń figagbága nínú ìbò Nàìjíríà ní ọjọ́ tí ó ti pẹ́ .,masakhaner,15
Ètò ìgbógunti ìwà àjẹbánu rẹ̀ fì sí ẹ̀gbẹ́ kan .,masakhaner,10
"Bíótiwùkíórí , ó ní láti bá agbára ìwàlóríoyè afigagbága rẹ̀ takọ̀ngbọ̀n .",masakhaner,12
Àtẹ̀jáde ìtúmọ̀ 22 Ṣẹẹrẹ 2019 21 : 45 GMT,masakhaner,9
"Tẹ́lẹ̀ rí , ó ṣiṣẹ́ ní Belgrade Atelje 212 .",masakhaner,10
Àtìlẹyìn fún obìnrin gidi àti òṣèré yìí @ NatasaTasicKnez .,masakhaner,10
"A ní láti ṣiṣẹ́ pọ̀ láti yí i padà ! """"""""",masakhaner,11
Àtẹ̀jáde ìtúmọ̀ 2 Èrèlé 2019 0 : 16 GMT,masakhaner,9
"Ṣùgbọ́n nígbà tí àwọn jàndùkú dé , wọ́n sún láti ‘Savannah’ sí ‘Kingdom’",masakhaner,13
George lé orin rẹ̀ tuntun Montano náà sọ ọ̀rọ̀ ìkẹyìn :,masakhaner,11
Àtẹ̀jáde náà mú ìfura dání bóyá ìjà tòótọ́ ni tàbí ète lásán - làsàn :,masakhaner,15
"Ìfigagbága àwọn akọrin wọ̀nyí ni a mọ̀ sí “ picong """""""" .",masakhaner,12
Àwọn olólùfẹ́ẹ Soca kò le è béèrè ju bẹ́hẹ̀ lọ .,masakhaner,11
Àtẹ̀jáde ìtúmọ̀ 2 Èrèlé 2019 15 : 53 GMT,masakhaner,9
"Spiny Babbler , ẹyẹ tí a kò le è rí níbòmìrán àyàfi ní Nepal .",masakhaner,15
Àwòrán láti ọwọ́ọ Sagar Giri .,masakhaner,6
"Ó dára ní wíwò , iké oríṣiríṣi .",masakhaner,8
Ẹ̀dá ẹyẹ yìí máa ń fò sókè lálá nínú àwọn àkókò kan nínú ọdún .,masakhaner,15
Don Messerschmidt kọ nípa àkọsílẹ̀ tí onímọ̀ - nípa - ẹyẹ S .,masakhaner,13
Dillon Ripley ṣe nípa ẹyẹ náà nínú ìwée rẹ̀ Ìṣàwárí ẹyẹ Spiny Babbler :,masakhaner,14
Àtẹ̀jáde ìtúmọ̀ 4 Èrèlé 2019 15 : 53 GMT,masakhaner,9
"Olúṣẹ́gun Ọbásanjọ́ , Ààrẹ àná orílẹ̀ - èdè Nàìjíríà .",masakhaner,10
Ó kọ ọ́ sínú ìwé náà wípé :,masakhaner,8
"Ọbásanjọ́ , òǹkọ̀wé àpilẹ̀kọ ?",masakhaner,5
"ìtẹ̀síwájú orílè - èdè náà ya pẹ́rẹpẹ̀rẹ . """"""""",masakhaner,9
Àworan Ìkápá Gbogboògbòw láti ẹ̀ka ìjọba US .,masakhaner,8
Ọ̀gágun tí ó ti jagun fẹ̀yìntì kì í sinmi ní orílẹ̀ - èdè Nàìjíríà,masakhaner,14
Òwìwí kan kọ̀ kò kúrò nínú ilé ìgbìmọ̀ ìjọba Tanzania .,masakhaner,11
Àmìi kí ni èyí ?,masakhaner,5
Àtẹ̀jáde ìtúmọ̀ 7 Èrèlé 2019 10 : 57 GMT,masakhaner,9
"Àwòrán láti ọwọ́ọ Pernille Bærendtsen , a lò ó pẹ̀lú àṣẹ .",masakhaner,12
Àpẹẹrẹ wo ni ti òwìwí nínú ilé ìgbìmọ̀ ?,masakhaner,9
Ẹyẹ òwìwí náà ti jẹ́ rírí nínúu gbọ̀ngan ilé ìgbìmọ̀ ìlú Dodoma ní ẹ̀rìnmejì .,masakhaner,15
Àpẹẹrẹ wo ni èyí túmọ̀ sí ?,masakhaner,7
mìíràn tí ó ní í ṣe pẹ̀lú ìṣèlú .,masakhaner,9
Ìtakò jẹ́ dandanàndan nínú ìjọba tiwantiwa tí ó yé kooro .,masakhaner,11
Òwìwí náà ta kété .,masakhaner,5
Èyí jásí wípé kò sí ìbẹ̀rù .,masakhaner,7
Àtẹ̀jáde ìtúmọ̀ 9 Èrèlé 2019 10 : 49 GMT,masakhaner,9
Yomi Kamez ti Quartz Africa ṣàlàyé :,masakhaner,7
Yíyọ - eyín onídàájọ́ àti ìdọ́gba lábẹ́ òfin,masakhaner,8
Adájọ́ Àgbà Orílẹ̀ - èdè Nàìjíríà ( CJN ) .,masakhaner,10
Ẹ̀sùn àìbìkítà àti ìṣowó - ìlú - mọ́kumọ̀ku ni a fi kan Onnoghen .,masakhaner,14
Apá IV ìwé òfin náà túbọ̀ sọ síwájú nípa òfin yìí .,masakhaner,12
Ààrẹ orílẹ̀ - èdè Nàìjíríà Muhammadu Buhari kò tẹ̀lé àwọn àlàálẹ̀ wọ̀nyí .,masakhaner,13
"Ìwà ìfagbáraṣèjọba ni ààrẹ hù , bẹ́ẹ̀ ni kò sì bá òfin mú .",masakhaner,14
"Ní oríi gbàgede ẹ̀rọ - alátagbà Twitter , àwọn ènìà ń sọ .",masakhaner,13
Ìgbógunti ọ̀rọ̀ ìkórìíra ni gbólóhùn tuntun ‘ààbò orílẹ̀ - èdè’,masakhaner,10
Ẹ̀rọ - alátagbà àti ìbò orílẹ̀ - èdè Nàìjíríà,masakhaner,9
Àtẹ̀jáde ìtúmọ̀ 10 Èrèlé 2019 10 : 59 GMT,masakhaner,9
"Àwòrán láti ọwọ́ọ Georgia Popplewell , a lò ó pẹ̀lú àṣẹ .",masakhaner,12
Ojúnà jẹ́ ohun àwọn ènìyàn .,masakhaner,6
Àmọ́ kí ẹnikẹ́ni máà rò wípé iṣẹ́ ọpọlọ nìkan ni ìrìnàjò sí Ìwọ́de Ojúnà .,masakhaner,15
Orin tí a gbé jáde ní ìgbà tí ó yẹ .,masakhaner,11
"“ Savannah Grass """""""" láti ọwọ́ọ Kes",masakhaner,7
"“ Savannah Grass """""""" jẹ́ ìpè sí ìrírí idán ayée àjọ̀dún yìí .",masakhaner,13
"“ Rag Storm """""""" láti ọwọ́ọ Super Blue , pẹ̀lú àjọṣepọ̀ 3 Canal",masakhaner,13
"“ Famalay """""""" lọ́wọ́ọ Machel Montano , Bunji Garlin àti Skinny Fabulous",masakhaner,12
Àwọn kan ní ẹ̀jẹ̀ ni àmọ́ wọn kò fẹ́ rí oòrùn,masakhaner,11
Famalay kì í bẹ̀rù láyé láti tì ọ́ lẹ́yìn ní ìgbà gbogbo …,masakhaner,13
Èyí kì í ṣe wípé orin mẹ́ta péré ni ó ń du oyè .,masakhaner,14
Jẹ́ kí àwọn òkú ó sọ ìtàn nípa Hong Kong,masakhaner,10
Àtẹ̀jáde ìtúmọ̀ 14 Èrèlé 2019 12 : 32 GMT,masakhaner,9
"Òpópónà Ilé - ìsìn òrìṣà , Yau Ma Tei , Hong Kong .",masakhaner,13
Medium ti ṣe àtẹ̀jáde ẹ̀dàa ìròyìn yìí ṣáájú èyí .,masakhaner,10
"Oníṣẹ́ ìlú ni àwọn amọ̀nà , olùkọ́ , oníṣègùn àti àwọn onímọ̀ mìíràn .",masakhaner,14
"Ó súnmọ́ , síbẹ̀ ó jìnà",masakhaner,6
Ọ̀pọ̀lọpọ̀ ńláǹlà ni a pín sí kéékèèké .,masakhaner,8
Àìmọye àwọn ènìyàn tí ó wà nínú ìrìnàjò afẹ́ náà jẹ́ àgbàlagbà .,masakhaner,13
Ẹgbẹ̀rún 150 àwọn ènìyàn wọ̀nyí ni ó ń dá gbé .,masakhaner,11
Àmọ́ gbígbé pẹ̀lú ẹbí tàbí ọ̀rẹ́ kò kan ti ìtìlẹyìn .,masakhaner,11
Obìrin náà jẹ èrè iṣẹ́ ọwọ́ọ rẹ̀ ní ẹ̀wọ̀n .,masakhaner,10
Ìpànìyàn ní àárín àwọn ènìyàn,masakhaner,5
Ẹ̀bùn ni ó yẹ kí ọbẹ̀ náà jẹ́ fún ẹ̀gbọ́n náà .,masakhaner,12
Ìpànìyàn mìíràn wáyé ní ilé ìtaja - ohun - èlò - inú - ilé .,masakhaner,15
Ẹ̀rọ - ayàwòrán amóhùnmáwòrán ká ìṣẹ̀lẹ̀ náà sílẹ̀ .,masakhaner,9
Àlábàápàdé àwọn ẹ̀mí àti òjìjíi wọn,masakhaner,6
Ọ̀pọ̀ àwọn arìnrìn - àjò afẹ́ jẹ́ akẹ́kọ̀ọ́ ilé - ẹ̀kọ́ gíga .,masakhaner,13
Iṣẹ́ẹ gbogbo wa ni láti dóòlà ẹ̀míi wọn ní yàráa pàjàwìrì .,masakhaner,12
Àmọ́ wọ́n máa ń kanra nígbà mìíràn .,masakhaner,8
"Onírúurú ikú ni yóò pa gbogbo àwọn olùgbée 20 , 000 Yau Ma Tei .",masakhaner,15
Ohun tí ó ń fa ikú ni ìbàjẹ́ ọkàn tí a ò wò sàn .,masakhaner,15
"Ìbàjẹ́ ọkàn ní ìwòsàn , a sì lè dènà ìpànìyàn .",masakhaner,11
Ó lè lo ọ̀nà mìíràn .,masakhaner,6
Àtẹ̀jáde ìtúmọ̀ 20 Èrèlé 2019 20 : 16 GMT,masakhaner,9
Ìfọ̀rọ̀wọ́rọ̀ Ààrẹ Ilham Aliyev àti amóhùnmáwòran REAL TV ní Oṣù Èrèlé 12 .,masakhaner,13
Àpá àwòrán wá láti REAL TV ẹ̀rọ - alátagbà YouTube channel .,masakhaner,12
Ìdáhùn sí ìbéèrè yìí kọyọyọ ní Azerbaijan .,masakhaner,8
"Ìfọ̀rọ̀wánilẹ́nuwo Ààrẹ Ilham Aliyev's pẹ̀lú REAL TV ní ọjọ́ 12 , oṣù Èrèlé .",masakhaner,14
Àwòrán láti orí ẹ̀rọ - alátagbà YouTube ti REAL TV .,masakhaner,11
A kò rí ohun tuntun kan gbámu .,masakhaner,8
Mo wo ìtàkùrọsọ àkọ́kọ́ tí Ilham Aliyev ṣe pẹ̀lú oníròyìn ilẹ̀ yìí kan .,masakhaner,14
Nítorí pé a ti ń fún un l'ésì fún ọdún pípẹ́ .,masakhaner,12
Kò sí hóró òótọ́ kán nínú ìtàkùrọsọ ọ̀hún .,masakhaner,9
Ní àkótán : ara ò rọ ìjọba !,masakhaner,8
"Nǹkan kan ṣo tí mo gbọ́ ni “ Ìyá àgbà Saray """""""" .",masakhaner,13
Ilham Aliyev pàdé Ìyá àgbà Saray .,masakhaner,7
Àwòrán láti qafkaz . info .,masakhaner,6
Gbogbo obìnrin Azerbaijan ni ó fẹ́ fi ìwà jọ ìyá àgbà Saray .,masakhaner,13
Ìyá àgbà Saray ní ìfọkàntẹ̀ pé ìjọba yóò dúró tì òun .,masakhaner,12
Àwọn ọmọ ilẹ̀ wa á máa mú ìwúrí báni .,masakhaner,10
Ó wà nínú ìṣòro ; ilée rẹ̀ ti wó .,masakhaner,10
Ó jọ pé kò mọ̀ pé ẹnìkan yóò wá ṣe ìrànwọ́ fún òun .,masakhaner,14
"Nítorí pé , òfé lásán ni olùbéèrè Mirshahin Aghayev àti ìbéèrè rẹ̀ .",masakhaner,13
Àdéhùn wọn kò wúlò fún wa mọ́ .,masakhaner,8
Èké àti irọ́ wọn ti sú àwọn èèyàn .,masakhaner,9
Àwọn ará ìlú ń fẹ́ ohun tuntun àti àtúntò tòótọ́ .,masakhaner,11
"Ó rò pé , Beijing ló yẹ á bá wí .",masakhaner,11
Àtẹ̀jáde ìtúmọ̀ 23 Èrèlé 2019 8 : 45 GMT,masakhaner,9
Àwòrán wá láti ọwọ́ọ Chemi Lhamo láti ìbáwọlé The Stand News .,masakhaner,12
Zhao Yunlin ni ó tú ìmọ̀ọ rẹ̀ sí èdèe Gẹ̀ẹ́sì .,masakhaner,11
Chemi Lhamo ti jẹ́ ajàjàǹgbara akẹ́kọ̀ọ́ fún ọdún mélòó kan .,masakhaner,11
Láti èèyàn ogúnléndé aláìníbùgbé sí olórí ìgbìmọ̀ akẹ́kọ̀ọ́,masakhaner,8
Nígbàkúùgbà tí wọ́n bá bí mí léèrè pé : ‘Ibo lo ti wá ?,masakhaner,14
"Mo lè sọ Gẹ̀ẹ́sì . """"""""",masakhaner,6
"Ní ìgbà yẹn , Lhamo jẹ́ ọmọ ọdún 12 .",masakhaner,10
Àtẹ̀jáde ìtúmọ̀ 1 Ẹrẹ́nà 2019 16 : 04 GMT,masakhaner,9
"Àwòrán láti ọwọ́ọ Fernando Gomes , a gba àṣẹ láti lò ó .",masakhaner,13
Àfilé iye owó náà ti dá awuyewuye sílẹ̀ .,masakhaner,9
Ìfẹ̀hónúhàn ní Luanda ( ọjọ́ kẹrin oṣù Èrèlé ) .,masakhaner,10
"Àwòrán láti ọwọ́ọ Simão Rossi , a lò ó pẹ̀lú àṣẹ .",masakhaner,12
Ó sọ fún wa :,masakhaner,5
Kí ni ẹ fi ṣe ohùn àwọn mẹ̀kúnnù ?,masakhaner,9
Àtẹ̀jáde ìtúmọ̀ 6 Ògún 2019 11 : 16 GMT,masakhaner,9
"Ère Orin Ìràpadà , Ọgbà Òmìnira , Jamaica .",masakhaner,9
"Àwòrán láti ọwọ́ọ Mark Franco , a gba àṣẹ láti lò ó .",masakhaner,13
olómìnira náà ní òmìnira tàbí kò ní .,masakhaner,8
"Alága Ìgbìmọ̀ Àtìlẹ́yìn Òmìnira ti orílẹ̀ - èdè náà , Khafra Khambon , gbà .",masakhaner,15
Ó rọrùn fún ẹgbẹ́ tí ó dúró ṣinṣin láti dá ètòo ẹlẹ́yàmẹyà àti ìtẹ̀bọlẹ̀ .,masakhaner,15
"Gbogbo ètò ni ó ní òṣùwọ̀n , tí ó ṣì jìnà gbégbérégbé sí òkè .",masakhaner,15
ẹlẹ́yàmẹyà nínú ilé - iṣẹ ṣe ń pín àwọn ènìyàn sọ́tọ̀ọ̀tọ̀ .,masakhaner,12
Àwọn òǹlò ẹ̀rọ - alátagbà sọ ti wọn .,masakhaner,9
Òǹlò Facebook Adrian Raymond sọ :,masakhaner,6
"Gbá iyìi rẹ̀ mú , àṣàà rẹ , àti ìdánimọ̀ọ rẹ .",masakhaner,12
Àwọn ọmọ Bangladeshi lo ẹ̀rọ - alátagbà fi gbógun ti àjàkálẹ̀ àìsàn ibà - ẹ̀fọn,masakhaner,15
Ọ̀gọ̀rọ̀ l’ó ń d'orí kọ ẹ̀rọ - alátagbà lọ láti gba ẹ̀jẹ̀,masakhaner,12
Àtẹ̀jáde ìtúmọ̀ 30 Agẹmọ 2019 17 : 11 GMT,masakhaner,9
"Ẹ̀fọn Aedes albopictus , tí ó máa ń gbé kòkòrò ibà ká .",masakhaner,13
"Àwòrán láti oríi Wikipedia , James Gathany , CDC ni ó ni àwòrán .",masakhaner,14
Àkọsílẹ̀ Àìsàn Pọ̀ Sí i Ní Osù Agẹmọ,masakhaner,8
Ní ti òǹlò Twitter Md .,masakhaner,6
"Ibà - ẹ̀fọn ti ọdún yìí jẹ́ tuntun , ó sì yára pa ènìyàn .",masakhaner,15
Ó sì ń fa àmì ìfòyà .,masakhaner,7
Shofiq Ahmed pín Túwíìtì kan nípa ìròyìn àìsàn tuntun :,masakhaner,10
Àwọn tí ó ń kú nh pọ̀ ọ́ sí i .,masakhaner,11
Ǹjẹ́ ìjọbá ń ṣe tó ?,masakhaner,6
Òǹlò Mohammad Mynuddin jábọ̀ ìfàsẹ́yìn láti ọwọ́ àwọn òṣìṣẹ́ ìjọba láti kápá àjàkálẹ̀ náà :,masakhaner,15
A ò tíì rí nǹkan .,masakhaner,6
Ó yà mí lẹ́nu 🤔 🤔,masakhaner,6
Hannan Gazi náà se àgbéjáde tirẹ̀ :,masakhaner,7
Àmì ibà - ẹ̀fọn àti àtiṣe . .,masakhaner,8
"Síbẹ̀síbẹ̀ , fún ìdáààbò àwọn ènìyàn , ṣíṣe ṣì kú .",masakhaner,11
Ilé àjogúnbá náà di àwópalẹ̀ pẹ̀lú bí Ilé - ẹjọ́ Gíga ṣe pa àṣẹ .,masakhaner,15
Àtẹ̀jáde ìtúmọ̀ 22 Òkúdù 2019 11 : 13 GMT,masakhaner,9
"Ẹgẹrẹmìtì “ Jahaj Bari """""""" kí ó tó di àdàwólulẹ̀ .",masakhaner,11
Àwòrán láti ọwọ́ọ Shakil Ahmed .,masakhaner,6
A fi àṣẹ lò ó .,masakhaner,6
Àjogúnbá Ìṣẹ̀lẹ̀ Àtẹ̀yìnwá — ọ̀rọ̀ tí ò jẹ́ mọ́ nǹkan,masakhaner,10
Shuvra Kar kọ sí oríi Facebook :,masakhaner,7
Iṣẹ́ ọnà aláràbarà ti orí òrùlé ibi ìbojúwòta gígùn .,masakhaner,10
Àwọn òpó ní àwòṣe ọnà ilée ionic àti Corinthian .,masakhaner,10
"Fún ìdí èyí , kò yẹ kí ilé náà di àdàwólulẹ̀ .",masakhaner,12
Àmọ́ púpọ̀ nínú àwọn ilé wọ̀nyí ni ó ti wó láti ọjọ́ pípẹ́ .,masakhaner,14
Ragib Hassan ni ó ní àwòrán ní oríi Wikipedia .,masakhaner,10
Ó kọ sínú ìwé ìròyìn ìbílẹ̀ẹ Bhorer Kagoj :,masakhaner,9
Ṣùgbọ́n kò sí ẹni tí ó dá mi lóhùn .,masakhaner,10
Kí ni ká sọ ?,masakhaner,5
Àwòrán ìsàlẹ̀ yìí ni àwọn ilé àjogúnbáa Bangladeshi tí àdàwólulẹ̀ ń bá :,masakhaner,13
A lò ó pẹlú àṣẹ .,masakhaner,6
Òun ni ibùgbé Gómìnà Dhaka ní ayée Ìjọba Mughal .,masakhaner,10
Ìloro àbáwọlé ìwọ̀ - oòrùn - un ààfin náà nìkan ló ṣì ń dúró .,masakhaner,15
ShankhaNidhi । Èyí ni ilé ọgọ́rùn - ún ọdún sẹ́yìn mìíràn ní Dhaka .,masakhaner,14
"Láìsí àmójútó , ilé yìí ṣì dúró .",masakhaner,8
Ilé yìí ṣì ń dúró lónìí .,masakhaner,7
Oríi Wikipedia ni àwòrán yìí wà .,masakhaner,7
Àtẹ̀jáde ìtúmọ̀ 8 Òkúdù 2019 22 : 44 GMT,masakhaner,9
Àwọn ìgòo Baijiu ń ṣe ìrántí ìpànìyànnípakúpa Tiananmen náà .,masakhaner,10
Ohùn Àgbáyé ṣe ẹ̀dàa ìròyìn náà ní abẹ́ ìtọwọ́bọ̀wé àjọṣe pọ̀ ìkóròyìnjọ .,masakhaner,13
Ìgò ọtí - líle 64,masakhaner,5
Orúkọ tí a pe ọtí - líle náà ni “ 8 wine 64 ″ .,masakhaner,15
"Pẹ̀lú ìdádúró ìrànlẹ́wọ̀n , àwọn mẹ́tẹ̀ẹ̀ta ṣì wà lábẹ́ ìṣọ́ :",masakhaner,11
Ìfọwọ́ọ ṣìnkún òfin múni nítorí àtúnpín túwíìtì,masakhaner,7
"Àwọn kan tẹ̀lée padà sílé , wọ́n sì ya àwòrán nínú ilée wọn .",masakhaner,14
"Wọ́n tún ṣe bẹ́ẹ̀ , wọ́n mú okùn ìkòkò ìse - ìrẹsì .",masakhaner,13
Ojúṣe láti ṣe ìrántí : ọgbọ̀n ọdún lẹ́yìn Tiananmen,masakhaner,9
"Filip Noubel ni ó ya àwòrán èyí , a fi àṣẹ lò ó .",masakhaner,14
Ohùn Àgbáyé ti ń jábọ̀ ìròyìn lórí ìṣẹ̀lẹ̀ yìí fún ọdún mẹ́wàá .,masakhaner,13
"Irú ìpalẹ́numọ́ onísànánjúpa Beijing báwọ̀nyí ti ń kárí ayé , títí kan Hong Kong .",masakhaner,15
‘Ohùn - un Jamaica fún Àyípadà Ojú - ọjọ́’ fi orin jíṣẹ́ẹ wọn,masakhaner,13
Àtẹ̀jáde ìtúmọ̀ 22 Èbìbì 2019 13 : 12 GMT,masakhaner,9
Elizabeth àti White River ní St Ann .,masakhaner,8
"Àwòrán - an Emma Lewis , pẹ̀lú àṣẹ ni a fi lò ó .",masakhaner,14
Ìyá Ilẹ̀ - ayé ń ké tantan,masakhaner,7
Nínú igbó kìjikìji níbi tí àwọn igi ń wó sí,masakhaner,10
"Wo òkúta ìsàlẹ̀ òkun , wo ẹja bí ó ṣe kéré",masakhaner,11
"Fún wọn ní àsìkò , jẹ́ kí wọ́n dàgbà àti ga",masakhaner,11
"Àwòrán - an Emma Lewis , a lò ó pẹ̀lú àṣẹ .",masakhaner,12
Ìyá Ìṣẹ̀dá ń kérora fún ìwàláàyè,masakhaner,6
"Bí àwọn iléeṣẹ́ ṣe ń ṣiṣẹ́ , ìyá ń ké .",masakhaner,11
"Ìgbà wo ni a óò kọ́ ẹ̀kọ́ , tí a ó fi gbọ́n ?",masakhaner,14
"Bí omi - dídì ilé ayé ṣe ń yọ́ , òkun ń kún .",masakhaner,14
Àtẹ̀jáde ìtúmọ̀ 14 Èbìbì 2019 13 : 42 GMT,masakhaner,9
Ka àwọn ọ̀ràn ìsàlẹ̀ yìí síwájú :,masakhaner,7
Ìfẹ̀sùn Ìbanilórúkọjẹ́ kan Irrawaddy Náà,masakhaner,5
Èsì tí U Ye Ni fún àwọn ọmọ ajagun rè é :,masakhaner,12
Ó ká mi lára nípé iṣẹ́ẹ wa kò yé ikọ̀ ajagun yékéyéké .,masakhaner,13
"Ọ̀kan lára ẹni tí a fi ẹ̀sùn kàn , Zeyar Lwin , sọ pé :",masakhaner,15
Aya - eré - ìtàgé aláàárẹ̀ nínú àtìmọ́lé,masakhaner,8
"Ìgbẹ́jọ́ọ rẹ̀ tún di ọjọ́ 9 , oṣù Èbìbì ọdún - un 2019 .",masakhaner,14
"“ Kò yẹ kí wọ́n di èrò ẹ̀wọ̀n ní ìbẹ̀rẹ̀ . """"""""",masakhaner,12
Àtẹ̀jáde ìtúmọ̀ 12 Èbìbì 2019 7 : 11 GMT,masakhaner,9
"Àwòrán : Pedro Biava , tí a fi àṣẹ lò .",masakhaner,11
"Ariwo ọkọ̀ ojú irin náà , tí ó máa ń gbalẹ̀ kan títí lálẹ́ .",masakhaner,15
Àwọn ọmọ ẹranko kì í jẹ́ sí ibi ìdẹ mọ́ bíi tẹ́lẹ̀ .,masakhaner,13
A kò ní alẹ́ àìláriwo .,masakhaner,6
Iṣẹ́ àtúnṣe bẹ̀rẹ̀ ní 2014 .,masakhaner,6
"Àwòrán : Pedro Biava , pẹ̀lú àṣẹ ni a fi lò ó .",masakhaner,13
Àtẹ̀jáde ìtúmọ̀ 9 Èbìbì 2019 18 : 05 GMT,masakhaner,9
Dókítà Wairagala Wakabi [ Àwòrán láti CIPESA tí a fi àṣẹ lò ],masakhaner,13
Èyí mú kí ọ̀pọ̀lọpọ̀ búlọ́ọ̀gù aládàádúró ó wọ òkùnkùn .,masakhaner,10
Oníròyìn Orí ẹ̀rọ - alátagbà Luis Carlos Diaz di àwátì ní Venezuela,masakhaner,12
Àtẹ̀jáde ìtúmọ̀ 13 Ẹrẹ́nà 2019 9 : 08 GMT,masakhaner,9
“ Níbo ni Luis Carlos wà ?,masakhaner,7
Àwòrán ìpolongo orí ayélujára tí Provea taari síta .,masakhaner,9
– Kò sí ní ilé iṣẹ́ ìgbóhùnsáfẹ́fẹ́ náà,masakhaner,8
– Kò gbé ìpèe rẹ̀,masakhaner,5
– Kò fèsì sí àtẹ̀jíṣẹ́ tàbí iṣẹ́ - ìjẹ́ oríi WhatsApp,masakhaner,11
Ìsọ̀kan àwọn Oníròyìn náà fẹ ọ̀rọ̀ náà lójú :,masakhaner,9
Díaz tún jẹ́ olùkópa nínú ẹgbẹ́ Ohùn Àgbáyé fún ọdún mẹ́wàá .,masakhaner,12
Check Yẹ àwọn iṣẹ́ àkànṣe Ohùn Àgbáyé lórí arapa COVID - 19 lágbàáyé .,masakhaner,14
Àtẹ̀jáde ìtúmọ̀ 3 Igbe 2020 13 : 42 GMT,masakhaner,9
Àwòrán láti ọwọ́ Pete Linforth ní Pixabay .,masakhaner,8
"Ìlò àwòrán pẹ̀lú àṣẹ Pixabay , fún ìlò gbogboògbò .",masakhaner,10
Yẹ àkọsílẹ̀ àkànṣe Global Voices wò lórí ipa COVID - 19 lágbàáyé .,masakhaner,13
"Ara rẹ̀ ti ń balẹ̀ , ó sì ń dáhùn sí ìtọ́jú dáadáa .",masakhaner,14
kòkòrò àrùn Kòrónà láti má wọ orílẹ̀ - èdè Nàìjíríà .,masakhaner,11
"Ọmọ ìlú lórí ayélujára , Ayobami kéde pé ìgbésẹ̀ NCDC falẹ̀ .",masakhaner,12
Ìjọba àpapọ̀ sì fi òfin de fífún àwọn ènìyàn ní visa Nàìjíríà .,masakhaner,13
Ìṣàmójútó tí kò péye tó,masakhaner,5
A gba àṣẹ láti lo àwòrán .,masakhaner,7
Àtẹ̀jáde ìtúmọ̀ 8 Igbe 2020 13 : 01 GMT,masakhaner,9
"Ojú ọ̀nà Santa Maria , Cape Verde .",masakhaner,8
"Àwòrán láti ọwọ́ọ Miccaela , Wikimedia Commons .",masakhaner,8
Gẹ́gẹ́ bí ilé iṣẹ́ oníròyìn kan ti Orílẹ̀ - èdè Portugal Lusa ti ròyìn :,masakhaner,15
Àwàdà ńlá ni ! ! !,masakhaner,6
Mú àǹfààní ẹ̀bùn # StayAtHome yìí lò fún 25 meticals láàárín oṣù kan .,masakhaner,14
Fún àlàyé lẹ́kùnúnrẹ́rẹ́ kàn sí :,masakhaner,6
Ìgbésẹ̀ tí ó dáa ni .,masakhaner,6
Sé ó jẹ́ ojúlówó bákan náà ?,masakhaner,7
Ajàfẹ́tọ̀ọ́ ọmọ - ènìyàn Tomás Queface túwíìtì :,masakhaner,8
Àìsàn # coronavirus yìí ti ṣípayá ìwà àìdọ́gba tí ó wà láwùjọ wa .,masakhaner,14
'Ilẹ̀ - Adúláwọ̀ kì í ṣe iyàrá àyẹ̀wò',masakhaner,8
Àtẹ̀jáde 12 Igbe 2020 7 : 55 GMT,masakhaner,8
Olóyè ọmọ - ogun .,masakhaner,5
"Àwòrán láti àkàtà Ọmọ - ogún Òfuurufú US Ẹ̀ka ìmọ̀ ẹ̀rọ , Jeremy T .",masakhaner,15
"láti lúgọ sí ara wọn . """"""""",masakhaner,7
"Ní Australia , àyẹ̀wò ti ń lọ lórí àwọn oníṣẹ́ ìlera ẹgbẹ̀rún 4 .",masakhaner,14
láti wá ṣe àyẹ̀wò ní ara àwọn tí kò rí já jẹ láwùjọ .,masakhaner,14
gbajúmọ̀ lórí ẹ̀rọ - agbọ́rọ̀káyé .,masakhaner,6
Ìràwọ̀ agbábọ́ọ̀lù ọmọ orílẹ̀ - èdè Ivory Coast Didier Drogba túwíìtì :,masakhaner,12
"kò bá à wáyé lọ́jọ́ iwájú , """""""" bí News 24 ti jábọ̀ .",masakhaner,14
Àwa ni ẹni ayàn fún iṣẹ́ àyẹ̀wò náà níbí .,masakhaner,10
Ìṣẹ̀lẹ̀ - àtẹ̀yìnwá tó burú jáì nípa ìdánwò egbògi ní Ilẹ̀ - Adúláwọ̀,masakhaner,13
lọ́wọ́ àwọn ènìyàn kí wọn ó tó ṣe ìdánwò àti ìlànà ìṣètò ìlera onítúláàsì .,masakhaner,15
àti NIH kó owó lé lórí .,masakhaner,7
"ṣe , tí ìk - ín - ní ń kín ìlọsíwájú ìkejì lẹ́yìn . """"""""",masakhaner,15
Ó tẹ̀síwájú nínú ọ̀rọ̀ọ rẹ̀ :,masakhaner,6
Àhesọ nípa egbògi àjẹsára agbógunti àrùn rọmọlápárọmọlẹ́sẹ̀ fọ́n ká sí ìgboro .,masakhaner,12
Ìmúláradá lẹ́yìn ‘orí fífọ́’ ìfipámúnisìn,masakhaner,5
"ìtọ́jú tí ó lẹ́tikẹ . """"""""",masakhaner,6
Ẹ̀sùn ìlọ́wọ́sí ìdúkokò mọ́ ààbò ìlú ni a fi kan àwọn akọ̀ròyìn náà,masakhaner,13
Àtẹ̀jáde ìtúmọ̀ 15 Èbìbì 2020 20 : 34 GMT,masakhaner,9
Ọjọ́ 19 oṣù Èbìbí 2010 .,masakhaner,6
Ní yàjóyàjó : Òpin ìgbẹ́jọ́ ní Bubanza .,masakhaner,8
Ẹ̀sùn tí a kà sí àwọn akọ̀ròyìn náà lọ́rùn kì í ṣe tiwọn .,masakhaner,14
Iṣẹ́ẹ wọn ni àwọn akọ̀ròyìn náà ń ṣe : ìkóròyìnjọ .,masakhaner,11
Ọkàn - án balẹ̀ !,masakhaner,5
"Àmọ́ adájọ́ kò tíì dájọ́ , àbálọ - bábọ̀ ọ̀rọ̀ di lẹ́yìn oṣù kan .",masakhaner,15
Àwọn ẹgbẹ́ ọlọ́tẹ̀ agbébọrìn ti máa ń fi ibí yìí kiri àgbègbè náà .,masakhaner,14
Akọ̀ròyìn Esdras Ndikumana túwíìtì :,masakhaner,5
Ìdájọ́ tí a fún wọn tó ọdún 15 nínú ẹ̀wọ̀n .,masakhaner,11
the àtẹ̀jíṣẹ́ náà ni a fi kàn wọ́n mọ́lẹ̀ .,masakhaner,10
Kò - tẹ́ - mi - lọ́rùn,masakhaner,7
Ìṣẹ̀lẹ̀ àtẹ̀yìnwá nípa ìjìyà akọ̀ròyìn,masakhaner,5
Iṣẹ́ àwọn akọ̀ròyìn de polúkúmuṣu .,masakhaner,6
# BringBackOurGirls àti # ArewaMeToo ṣe àtúntò sí ìgbàwí ètò ìṣèlú ní orílẹ̀ èdè Nàìjíríà,masakhaner,15
Àtẹ̀jáde ìtúmọ̀ 9 Òkúdù 2020 20 : 17 GMT,masakhaner,9
"Àwọn ọmọ ẹgbẹ́ Mother's Savings Club , Nàìjíríà .",masakhaner,9
"Ní Nàìjíríà , àdó - olóró àgbẹ́sẹ̀léró ni gbàgede àgbàwí ọ̀rọ̀ òṣèlú .",masakhaner,13
Àgbàwí àti ọ̀rọ̀ ìṣèlú sábà máa ń fi ti ọ̀rọ̀ ẹ̀sìn àti ẹlẹ́yàmẹyà ṣe .,masakhaner,15
Báwo ni wọ́n ṣe ń tẹ̀síwájú nínú iṣẹ́ wọn tàbí fọnrere iṣẹ́ wọn ?,masakhaner,14
"Àmọ́ ṣá o , àṣeyọrí akitiyan yìí kò ṣẹ̀yìn - in ìnáwónára Ezekwesili .",masakhaner,14
Ezekwesili wí nínú àwòrán - olóhùn Twitter náà .,masakhaner,9
# ArewaMeToo di ẹ̀dà ìgbésẹ̀ Èmi Náà àgbáyé # MeToo ní àríwá Nàìjíríà .,masakhaner,14
Ìwà - ipá sí obìnrin wọ́pọ̀ jákèjádò orílẹ̀ - èdèe Nàìjíríà .,masakhaner,12
"Ní Nàìjíríà , ẹ̀wọ̀n gbére ni ìjìyà ìfipábánilòpọ̀ .",masakhaner,9
Ọmọdé lè fi ara gbá ẹ̀wọ̀n ọdún 14 .,masakhaner,9
"ṣiṣẹ́ bí ìyọlẹ́nu orí ayélujára ṣe ń lékún sí i """""""" .",masakhaner,12
"Síbẹ̀ , Hashim ṣe àtẹ̀jáde àwọn ọ̀rọ̀ ìrètí sí orí Twitter :",masakhaner,12
ní èyí tí ó ti mú ìdàgbàsókè lọ́pọ̀lọpọ̀ bá orílẹ̀ èdè Nàíjíríà .,masakhaner,13
pèsè ètò ìlànà ẹ̀kọ́ tíwọn lórí ẹ̀rọ ayélujára nìkan .,masakhaner,10
"wàyìí láti sọ́ra , kí wọ́n máa ba fojụ winá òfin ìjọba .",masakhaner,13
Ẹ̀yin ọmọ Nàíjíríà tòótọ́ 2 .,masakhaner,6
Ètò ìgbélé yóò wà láti aago mẹ́jọ̀ àsálẹ́ títí di aago mẹ́fà òwúrọ̀ .,masakhaner,14
Kò ní sí ìrìnàjò láti ìpínlẹ̀ kan lọ sí òmíràn .,masakhaner,11
Ìpínlẹ̀ Kano yóò ní ètò kónílé - gbélé fún ọ̀sẹ̀ méjì gbáko 11 .,masakhaner,14
"Mo ní ìdánilójú pé , pẹ̀lú ìfọwọ́sowọ́pọ̀ wọn , àseyọrí yóò wà .",masakhaner,13
Olùrànlọ́wọ́ ààrẹ lórí ìròyìn àti ìkéde ọ̀gbẹ́ni Fémi Adésínà ló kéde yìí .,masakhaner,13
fi ránsẹ́ sí àwọn ọmọ ilé - ìgbìmọ̀ asojú ọ̀hún .,masakhaner,11
ẹyọ kan ( 1 ) ni ìpínlẹ̀ Imo .,masakhaner,9
Ilé Aṣòfin Èkó bẹ̀bẹ̀ fún ìfaradà ìpèníjà ìséde látara ‘Coronavirus’ .,masakhaner,11
èdè Nàíjíríà tọkàn - tọkàn .,masakhaner,6
"orísìrísì ọ̀nà , bàbá dúró gẹ́gẹ́ bí òpómúléró nínú òsèlú àti ọ̀rọ̀ òfin .",masakhaner,14
olóògbé Richard Akínjídé jẹ́ ẹni ọdún Méjìdínláàdórùń kí ó tó jáde láyé .,masakhaner,13
Richard Akínjídé dágbéré fáyé ní ìkan bíi agogo kan òru ọjọ́ Ìṣẹ́gun .,masakhaner,13
Olóògbé Richard Akínjídé jẹ́ ẹni ọdún méjìdínlọ́gọrin .,masakhaner,8
Bàbá gbẹ́mì míì nílé rẹ̀ tó wà nílùú Ìbàdàn lẹ́yìn àìsàn ráńpẹ́ .,masakhaner,13
Salihu Tanko Yakasai ló kéde lórí ẹ̀rọ twitter rẹ̀ láàsálẹ́ ọjọ́ Àìkú .,masakhaner,13
Àmọ́ṣá Gàndújè ní ó se é se kí àtúnse bá ètò ọ̀hún .,masakhaner,13
Ìdá 1: Kín ni Creative Commons?,menyo20k,6
Iṣẹ́ yìí wà lábẹ́ àṣẹ Creative Commons Attribution 4.0 International License.,menyo20k,11
Abala méjì ni ìdá yìí níi:,menyo20k,6
Àwọn àkóónú abala-ẹ̀kọ́ àti àwọn ìwífún àwọn olùkọ́ni Ìwé-ẹ̀rí náà kì í ṣe ìmọ̀ràn ajẹmófin.,menyo20k,15
Sọ ìtàn ìdí tí a fi dá Creative Commons sílẹ̀,menyo20k,10
Tọ́ka sí àwọn ojúṣe òfin àṣẹ-ẹ̀dà lórí ìṣẹ̀dálẹ̀ Creative Commons,menyo20k,10
Ìbéèrè Àrágbáramúramù / Ìdí tí ó fi ṣe kókó,menyo20k,9
Kí ni àwọn ìdí lábẹ́ òfin àti àṣà fún ìdásílẹ̀ Creative Commons?,menyo20k,12
Kín ni ìdí tí CC ṣe di igi àràbà tí gbogbo àgbáyé ń bá ṣe?,menyo20k,15
"Lónìí, ẹgbẹẹgbẹ̀rún lọ́nà ẹgbẹẹgbẹ̀rún àwọn oníṣẹ́-àtinúdá kárí àgbáńlá ayé ló ń lo ìlànà yìí.",menyo20k,14
Ìfiyèsí ti ẹni / Ìdí tí ó fi ṣe kókó fún ọ,menyo20k,12
Ìgbà wo ni ìgbà àkọ́kọ́ tí o gbọ́ nípa Creative Commons?,menyo20k,11
Kíkọ́ ìmọ̀ tí ó ṣe Pàtàkì,menyo20k,6
Ìtàn Creative Commons f’ẹsẹ̀lélẹ̀ pẹ̀lú àṣẹ-ẹ̀dà lórí iṣẹ́-àtinúdá.,menyo20k,8
Ìtàn náà bẹ̀rẹ̀ pẹ̀lú ìṣòfin àṣẹ-ẹ̀dà lórí iṣẹ́-àtinúdá ní orílẹ̀-èdè America.,menyo20k,11
“Larry Lessig ń sọ̀rọ̀ lórí kókó-ọ̀rọ̀ àpérò #ccsummit2011 ”,menyo20k,9
Èdè-ìperí fún àṣẹ-ẹ̀dà ti rí ìfàgùn nínú àwọn ọdún tí ó ti ré kọjá.,menyo20k,14
Èyí pọn dandan ní ti ìbámu ètò àṣẹ-ẹ̀dà.,menyo20k,8
Wọ́n parapọ̀ di alátakò àìbófinmu Àbá náà.,menyo20k,7
Láti ọwọ́ Jesse Dylan. CC BY-NC-SA,menyo20k,6
Síbẹ̀ àtúnpín àti àtúnpòpọ̀ kò ṣe é yọ kúrò lórí ẹ̀rọ-ayélujára.,menyo20k,11
Àmọ́ òfin àṣẹ-ẹ̀dà ní àlàkalẹ̀ tí kò jẹ́ kí ìwọ̀nyí ó ṣe é ṣe.,menyo20k,14
A dá Creative Commons láti jẹ̀gbádùn àǹfààní ẹ̀rọ-ayélujára ní ìrọwọ́ìrọsẹ̀.,menyo20k,10
Ṣe ìṣípayá ojúṣe Àjọ CC Àgbáńlá-ayé,menyo20k,6
Ṣàlàyé àwọn ìpilẹ̀ṣẹ̀ irúfẹ́ iṣẹ́ tí CC ń gbé ṣe gẹ́gẹ́ bí iléeṣẹ́ àìlérèlórí,menyo20k,14
"Bí o bá ronú nípa Creative Commons, ǹjẹ́ o ronú nípa àwọn àṣẹ náà?",menyo20k,14
Àwọn ajàfẹ́tọ̀ọ́-ọmọnìyàn tí ó ń béèrè fún àtúnpadàṣe àṣẹ-ẹ̀dà?,menyo20k,9
Ohun-èlò tí ó wúlò láti pín?,menyo20k,6
Ó hùn ọ́ láti di ara wa bí?,menyo20k,8
Kíkọ́ Ìmọ̀ tí ó ṣe Pàtàkì,menyo20k,6
Àwọn àṣẹ CC tún leè wúlò fún ohun tí kò jẹmọ́ àṣẹ-ẹ̀dá.,menyo20k,12
"Ní pàtàkì, wọ́n fi ìgbàgbọ́ nínú ìlérí ìpínká hàn.",menyo20k,9
"Àwọn òṣìṣẹ́ Creative Commons nínú oṣù Ọ̀wẹwẹ̀ ọdún 2017, © Creative Commons, CC BY 4.0.",menyo20k,15
Àwòrán-olóhùn yìí ṣe ìfáárà ọgbọ́n-èrò tuntun náà (aláṣàyàn).,menyo20k,8
"Pẹ̀lú ìtọ́sọ́nà ọgbọ́n-èrò yẹn, iṣẹ́ iléeṣẹ́ wá wà nínú garawa méjì tí ó jẹ́ pọnti:",menyo20k,15
"Àṣẹ, Àwọn Ohunèlò àti Ìmọ̀-ẹ̀rọ:",menyo20k,5
Ìwífún síwájú sí i nípa ìṣẹ̀lẹ̀-àtẹ̀yìnwá CC,menyo20k,7
Bí mo ṣe pàdánù Nǹkan Ńlá náà láti ọwọ́ Lawrence Lessig.,menyo20k,11
Lawrence Lessig ṣàpèjúwe ohun tí ó ṣẹlẹ̀ ní ẹjọ́ Eldred,menyo20k,10
Àyọkà láti inú Àṣà Ọ̀fẹ́ láti ọwọ́ Lawrence Lessig. CC BY-NC 1.0,menyo20k,12
Àyọkà tí ó ṣe ìṣípayá ohun tí ó fa sábàbí ẹjọ́ Eldred,menyo20k,12
Ìwífún síwájú sí i nípa CC àti àwọn àṣẹ ìṣísílẹ̀-gbangba,menyo20k,10
"À ń ṣe Ẹ̀dà Gẹ́gẹ́ Bí a ti ṣe ń Mí, láti ọwọ́ Cory Doctorow.",menyo20k,15
Ìwífún síwájú sí i nípa àjọṣe-gbogbo-ènìyàn,menyo20k,6
Commons Aládùn àti Ní Kúkúrú láti ọwọ́ David Bollier. CC BY 3.0,menyo20k,12
Àròkọ Ìmodiká Wikipedia. CC BY-SA 3.0,menyo20k,6
Ètò Ìṣèlú Ìṣúnà Commons láti ọwọ́ Yochai Benkler. CC BY 3.0,menyo20k,11
Àròkọ bíntín tí ó ń ṣàlàyé bí ohun amáyédẹrùn ṣe lè ṣe ìmúró àjọṣegbogboènìyàn,menyo20k,14
Àjálù Commons Náà láti ọwọ́ Boundless & Lumen Learning,menyo20k,9
Ìjárọ́ Àjálù Commons láti ọwọ́ On the Commons. CC BY-SA 3.0,menyo20k,11
Àròkọ kúkúrú tí ó ń ṣàlàyé bí a ṣe lè borí àjálù àjọṣegbogboènìyàn,menyo20k,13
Ìwífún sí i nípa àwọn ìgbésẹ̀-iṣẹ́ ìṣísílẹ̀-gbangba-wálíà mìíràn,menyo20k,8
Iré Àṣà Ọ̀fẹ́ láti ọwọ́ Molle Industria. CC BY-NC-SA 3.0,menyo20k,10
Iré kan tí ó ń múni ní òye nípa èrò àṣà ọ̀fẹ́,menyo20k,12
Àwọn Ohun-àmúlò ti Awon Akópa Filé,menyo20k,6
Ìdánimọ̀ Orí ẹ̀rọ-ayárabíàṣá ní orílẹ̀-èdèe Nàìjíríà: Àgbéyẹ̀wò Ìṣẹ̀lẹ̀,menyo20k,8
Ìwádìí àkọ́kọ́ṣẹ yìí wáyé láàárín-in oṣù Èrèlé àti oṣù Igbe ọdún-un 2019.,menyo20k,12
Atanilólobó Báńkì Àgbáyé kan ni:,menyo20k,5
Bákan náà ni pẹ̀lú ní ilé ìfowópamọ́sí.,menyo20k,7
"Bẹ́ẹ̀ náà ni, fún àpẹẹrẹ, ní gbogbo àwọn ètò àwùjọ mìíràn, títí mọ́ ètò ìlera.",menyo20k,15
[ Àjọ Aṣàmójútó Ìdánimọ̀ Nàìjíríà. (2017 oṣù Òkúdù). Àlàálẹ̀ ìṣàmúlò ètò ìdánimọ̀ abẹ́rọ-ayárabíàṣá-ṣiṣẹ́ ní Nàìjíríà.],menyo20k,15
Àìtó Ìpolongo fún àwọn olùgbé ìlú,menyo20k,6
Ìdènà sí ìforúkọsílẹ̀ àti Ìlò,menyo20k,5
Ọ̀pọ̀ ibùdó ìforúkọsílẹ̀ wọ̀nyí ni kò ṣe é dé fún àwọn tí-ó-ní-ìpèníjà-ara.,menyo20k,12
Ó ní òun ní láti pariwo kí òun tó lè pe àkíyèsí àwọn òṣìṣẹ́.,menyo20k,14
"Láfikún, ìrújú wà nípa ti ìdànimọ̀ irúfẹ́ àléébù ara ènìyàn.",menyo20k,10
Ìwé ìdánimọ̀ pélébée rẹ̀ tí kò ṣàfihàn àléébù ara rẹ̀ kò wúlò ní àsìkò náà.,menyo20k,15
"""Obìnrin kan sọ pé, """"Mi ò mọ ohun tí wọ́n fi ń ṣe pàtó.""",menyo20k,14
Ọ̀kan lára àwọn aṣojú àjọ ẹgbẹ́ àwùjọ tí a fọ̀rọ̀ wá lẹ́nu wò jábọ̀ pé:,menyo20k,15
Iléeṣẹ́ kékeré kan ṣoṣo ni ó ń kojú Gòláyátì yìí.,menyo20k,10
"Kò sí ṣíṣe kò sí àìṣe, kò ju kí a hùmọ̀ àwọn ọ̀rọ̀ kan sílẹ̀.",menyo20k,15
"Lẹ́yìn ọdún 19, Boca ṣì ń ròyìn nípa àwọn olùgbé títì",menyo20k,11
"Àwọn asùnta wọ̀nyí tìkara wọn ni ó pilẹ̀ àwọn ọgbọ́n ìkọ̀tàn, ìfọ̀rọ̀wánilẹ́nuwò àti ti ìbéèrè.",menyo20k,15
Ìgbàdégbà oṣù mẹ́tamẹ́ta ni ìwé ìròyìn náà ń jẹ́ títẹ̀ jáde.,menyo20k,11
"Nínú ìfọ̀rọ̀wánilẹ́nuwò orí ẹ̀rọ-ìbánisọ̀rọ̀ pẹ̀lú Ohùn Àgbáyé, Rosina sọ pé:",menyo20k,10
"Rosina sọ pé èrò yìí kọ́kọ́ kọ òun lóminú, ṣùgbọ́n ó padà bùṣe gàdà.",menyo20k,14
Ìdí ni pé gbogbo ìgbà ni a máa ń ṣiṣẹ́ lórí ìròyìn.,menyo20k,12
"Ní ìbàmu pẹ̀lú àkóónú ìwé ìròyìn náà, Rosina sọ pé:",menyo20k,10
Mẹ́wàá ṣẹlẹ̀ sí mi láti ara ìwé ìròyìn yìí.,menyo20k,9
Òhun ni kò jẹ́ kí n sun ìta mọ́.,menyo20k,9
Ó yí ayé mi padà torí èmi pẹ̀lú fẹ́ ní owó ti ara mi.,menyo20k,14
"Àwòrán: Agência ALICE/Boca de Rua, a gba àṣẹ kí a tó lò ó.",menyo20k,13
Mo lérò wí pé òtítọ́ ni ohun tí a sọ [ìyẹn nínú ìwé ìròyìn].,menyo20k,14
Ó jẹ́ ìrírí àti ohun tí à ń là kọjá ní àárín àwùjọ.,menyo20k,13
"Pẹ̀lú rẹ̀ mo jẹ ọ̀pọ̀ àǹfààní, mo sì ṣe ìrànlọ́wọ́ fún ọ̀pọ̀ ènìyàn bákan náà.",menyo20k,15
"Ní tèmi ó dára, ó dára gidi ni.",menyo20k,8
Ó dára nítorí pé ènìyàn ń rí nǹkan ṣe tí ènìyàn bá kúrò nílé.,menyo20k,14
Rírí nǹkan máa ṣe bí iṣẹ́ ṣe pàtàkì sími púpọ̀.,menyo20k,10
"Kí ìtípa yìí tó bẹ̀rẹ̀, àwọn akẹ́kọ̀ọ́ ní ooreọ̀fẹ́ sí ouńjẹ ọ̀fé ní ilé-ìwé.",menyo20k,14
"Asha Jaffar, akọ̀rọ̀yìn àti olùgbé Kibra ń nawọ́ sí àwọn ibùgbé Kibra.",menyo20k,12
"Àwòrán láti Ètò ìpèsè Ouńjẹ ọ̀fé Kibra, àwòrán jẹ́ lílò pẹ̀lú ìyọ̀nda.",menyo20k,12
"Pẹ̀lú àwọn àǹfààní wọ̀nyí, orílẹ̀-èdè Kenya ò gbọdọ̀ fa ọwọ́ aago ìdàgbàsókè yìí sẹ́yìn.",menyo20k,14
---Ìlàkàkà láti fi òpin sí òkúrorò SARS ẹ̀ka ilé-isẹ́ ọlọ́pàá ilẹ̀ Nàìjííríà ń tẹ̀síwájú.,menyo20k,14
Àwọn ọ̀dọ́ Nàìjíríà ń tẹ̀síwájú ìfẹ̀hónúhàn jákèjádò orílèèdè náà,menyo20k,9
Àtẹ̀jáde ìtúmọ̀ 15 Ọ̀wàrà 2020,menyo20k,5
"Ka àtẹ̀jáde yìí ní Français, Español, English",menyo20k,7
"Àwòrán láti ọwọ́ Nora Awolowo, s̩ís̩àmúlò pẹ̀lú ìyọ̀nda.",menyo20k,8
Èyí ni àwọn ohun tí àwọn afẹ̀hónúhàn ń fẹ́:,menyo20k,9
"Àwòrán láti ọwọ́ Aremu Adeola Jr, s̩ís̩àmúlò pẹ̀lú ìyọ̀nda.",menyo20k,9
Àmọ́ pé ẹ̀wọ̀n-àṣe àti ìdarí yẹn ti já.,menyo20k,8
Èyí kò dùn mọ́ ọ̀pọ̀ àwọn ọmọ ìlú nínú.,menyo20k,9
Mr Mitsotakis tófi ẹ̀yìn akegbẹ́ jọnlẹ̀ pẹ̀lú àbájáde egbelemùkú ìbò.,menyo20k,10
Prime minister yìí tún ní òun yóò ṣe ìjọba àlááfíà lórí gbogbo ará ìlú.,menyo20k,14
Ààre dá ìwé yí dúró de osú karùn-ún ọdún 2019.,menyo20k,10
Àwọn Òṣìṣí ìpìnlẹ́ yìí lóti kórajo si pápá ìseré Agege láti sàmì àyájọ́ àwọn òṣìṣẹ́.,menyo20k,15
Wọ́n rawọ́ ẹ̀bẹ̀ sí ìjoba Àpapọ̀ láti wa ǹkan se síi,menyo20k,11
Ọ̀jọ̀gbọ̀n Yakubu ní eni tí Ẹgbẹ́ bá yàn ní ètọ̀ láti má gbaradì fún ìdìbò.,menyo20k,15
A nílò láti máa gbé nínú ìrẹ́pọ̀ kí ìdàgbàsókè ó lè dé àgbègbè wa.,menyo20k,14
"Láàkótán ó ní, ìbáṣepò Àṣà àti ìdọ́ọrépọ̀ wa sì n tèsíwájú.",menyo20k,11
Ó ní lẹ́yìn àyẹ̀wò agbára ẹ̀rọ yìí lómú káwọn ṣe ìfilọ́lẹ̀ sí ojúnà ìpínlẹ̀ Èkó.,menyo20k,15
Baálẹ̀ Kẹhinde Kalẹ̀jayé ló gba àwọn Oníròyìn nímọ̀ràn ọ̀rọ̀ yìí ní ìlú èkó.,menyo20k,13
Àtúnṣe ojúnà Àgbádárìgì ti tún bẹ̀rẹ̀.,menyo20k,6
Dókítà Hamsat ìṣíkejì ọ̀nà yóò láàrín Agboju sí traid fair.,menyo20k,10
Ó ní ọ̀nà náà yóò fẹ̀ẹ̀ láti abala mẹ́rin tówà tẹ́lẹ̀ losí abala mẹ́ẹ̀wá.,menyo20k,14
Ó ṣe ìlérí pé àtúnṣe ọ̀wun yí parí nínú oṣù kejìlá ọdún.,menyo20k,12
Ipa ribiribi ní isẹ́ ọwọ́ àti Ọgbọ́n àtinúdá ń mú bá ìdàgbàsókè ọrọ̀ ajé.,menyo20k,14
"Tí wọ́n sì ti to ẹjọ́ mérin tí wọ́n kọ́kọ́ fé gbọ́ sì́lẹ̀ ,",menyo20k,14
Ààrẹ rọ àwọn Mùsùlùmí láti máa ní Ìkóra ẹni ní Ìjánu làsìkò lámú-lánà.,menyo20k,13
Ìkànnì náà tí o béèrè fún kò sí lóri àpèsè àkóónú,menyo20k,11
Ìlujá ìwádìí yìí kò le ṣiṣẹ́,menyo20k,6
Kò sí àwọn ojú ewé tí ò ń wá.,menyo20k,9
Ó ṣeé ṣe kó jẹ́ pé ìkànnì Kolibri kò ṣiṣẹ́ bó ṣe yẹ,menyo20k,13
Irúfẹ́ ohun èlò wo ni o fẹ́ wọlé sí?,menyo20k,9
Ìkànnì ìkẹ́kọ́ lórí ayélujára ni Kolibri jẹ́.,menyo20k,7
O tún le fi ìṣàmúlòo Kolibri rẹ wọlé sí àwọn àkántì míràn.,menyo20k,12
Kolibri ló ṣe onígbọ̀wọ́ èyí,menyo20k,5
A nílò ọ̀rọ̀-ìfiwọlé fún àwọn olùkọ́ àti alákòóso,menyo20k,8
Orúkọ ìdánimọ̀ tàbí ọ̀rọ̀-aṣínà kò tọ́,menyo20k,6
kọ́ ẹ̀kọ́ díẹ̀ síi nípa ìlò àti ibi àṣírí,menyo20k,9
Jọ̀wọ́ yan èdè àkùnàyàn fún Kolibri,menyo20k,6
"Bí ìgbìyànjú ò bá ṣiṣẹ́, tún apèsè tàn kí o tún ojú ewé sọdọ̀tun.",menyo20k,14
Jọ̀wọ́ ṣàyẹ̀wò àpèsè ìsopọ̀ rẹ kí o tún gbìyànjú.,menyo20k,9
Orúkọ ohun èlò kò le ju àádọ́ta (50) ẹyọ ọ̀rọ̀,menyo20k,10
Irúfẹ́ ohun-èlò wo lo fẹ́ fi ṣe ìṣàgbékalẹ̀ Kolibri?,menyo20k,9
"Ìgbélé kàwé, àfikún ìkẹ́kọ̀ọ́ olúkúlùkù, àti lílò tí kìí í ṣe ti gbogbo gbòò",menyo20k,14
Àwọn ojúṣe gẹ́gẹ́ bí i alábòójútó,menyo20k,6
Fi àyè gba ọ̀rọ̀-aṣínà ìṣàmúlò akẹ́kọ̀ọ́?,menyo20k,6
Rárá. Ìṣàmúlò akẹ́kọ̀ọ́ le wọlé pẹ̀lu orúkọ ìdánimọ̀ nìkan,menyo20k,9
Pàtàkì: jọ̀wọ́ rántí ìwífún nípa ìṣàmúlò rẹ.,menyo20k,7
Kọ ọ́ sílẹ̀ tí ó bá yẹ,menyo20k,7
Dá yàrá ìkẹ́kọ̀ọ́ tuntun sílẹ̀,menyo20k,5
Ṣàkóso àwọn olùkọ́ yàrá ìkẹ́kọ̀ọ́ àti àwọn akẹ́kọ̀ọ́,menyo20k,8
O kò ní àwọn olùkọ́ èyíkèyí tí a yàn,menyo20k,9
O kò ní àwọn akẹ́kọ̀ọ́ tí ó forúkọsílẹ̀,menyo20k,8
Gbogbo àwọn olùṣàmúlò ni a ti forúkọ wọn sílẹ̀ ní yàrá ìkẹ́ẹ̀kọ́ yìí,menyo20k,13
Yí orúkọ yàrá ìkẹ́kọ̀ọ́ pa dà,menyo20k,6
Dá a pa dà sí ìbẹ̀rẹ̀,menyo20k,6
Ìbẹ̀wò oníkálukú sí ẹyọ àkóónú kọ̀ọ̀kan,menyo20k,6
Ṣègbàsílẹ̀ ni a kò faramọ́ lóri Android,menyo20k,7
Kòsí àkọsílẹ̀ iṣẹ́ fún gbígbà ẹ̀dà àkápọ̀-iṣẹ́,menyo20k,7
Olùṣàmúlò lè lọ sí ohun àmúlò kan náà ní ọ̀pọ̀ ìgbà.,menyo20k,11
Ìṣàmúlò àìmọ̀ ni a kò kọ síbẹ̀.,menyo20k,7
Gbogbo ìwífún-alálàyé àti àkọsílẹ̀ ìṣe fún olùṣàmúlò yìí yo sọnù.,menyo20k,10
Fún àwọn aṣàmúlò ní àǹfààní láti lò àwọn ohun àmúlò iṣẹ́ láyì forúkọsílẹ̀wọlé.,menyo20k,13
O ní àǹfààní láti ṣàtòpọ̀ àwọn èto isẹ́ ẹ̀rọ,menyo20k,9
Ṣe àtúntò sí ohun èlò,menyo20k,5
Fàyègba àwọn akẹ́kọ̀ọ́ àti àwọn olùkọ́ni láti ṣàtúnṣe orúkọ wọn ní kíkún,menyo20k,12
Fàyègba àwọn akẹ́kọ̀ọ́ àti àwọn olùkọ́ni láti ṣàyipadà ọ̀rọ̀-ìfiwọléè nígbà tí wọ́n ti forúkọsílẹ̀wọlé,menyo20k,14
Fàyègba àwọn akẹ́kọ̀ọ́ àti àwọn olùkọ́ni láti ṣàtúnṣe orúkọ ìdánimọ̀ wọn,menyo20k,11
Fàyègba àwọn akẹ́kọ̀ọ́ láti wọlé láìlo ọ̀rọ̀ ọ̀rọ̀-ìfiwọléè,menyo20k,8
Jẹ́ kí àwọn akẹ́kọ̀ọ́ ṣí ìṣàmúlò,menyo20k,6
Ń ṣàfihàn àwọn akẹ́kọ̀ọ́ tí a kò fi orúkọ wọn sílẹ̀ ní yàrá ìkẹ́kọ̀ọ́ nìkan,menyo20k,15
Wò kí o sì ṣàkóso yàrá ìkẹ́kọ̀ọ́ rẹ,menyo20k,8
Àmì yìí kò lẹ́sẹ̀ nílẹ̀,menyo20k,5
Lè kọ́ àwọn yàrá ìkẹ́kọ̀ọ́ tí a yàn fún wọn nìkan,menyo20k,11
Lè kọ́ gbogbo yàrá ìkẹ́kọ̀ọ́ inú ohun-èlò rẹ,menyo20k,8
O ṣì lè rááyèsí àkọọ́lẹ̀ yìí láti pátákó 'Olùṣàmúlò'.,menyo20k,9
Ó ń ṣe àṣàjọ àbájáde,menyo20k,5
Pẹ̀lẹ́! Ohun kan kò tọ́!,menyo20k,5
O gbọ́dọ̀ forúkọsílẹ̀-wọlé bí alábòójútó láti wo ojú-ewé yìí,menyo20k,9
O gbọ́dọ̀ forúkọsílẹ̀-wọlé bí alábòójútó tàbí olùkọ́ọ̀ láti wo ojú-ewé yìí,menyo20k,11
O gbọ́dọ̀ forúkọsílẹ̀-wọlé bí olùṣàmúlòàràmàndà tàbí ní àṣẹ ìṣàkóso àkoonú láti wo ojú ewé yìí,menyo20k,15
Ṣé o gbàgbé láti forúkọsílẹ̀-wọlé?,menyo20k,5
Lọ́ sí ojú ewé àkọ́kọ́,menyo20k,5
O gbọ́dọ̀ forúkọsílẹ̀-wọlé bí Akẹ́kọ̀ọ́ láti wo ojú-ewé yìí,menyo20k,9
O gbọ́dọ̀ forúkọsílẹ̀-wọlé láti wo ojú-ewé yìí,menyo20k,7
O gbọ́dọ̀ ní àṣẹ aṣàmúlò àràmàndà láti ní àṣẹ láti wo ojú-ewé yìí,menyo20k,13
"Bí kò bá dá ọ lójú, ṣe àfojúsùn iye tó le jẹ́.",menyo20k,12
Nípa pípèsè ọdún ìbí rẹ.,menyo20k,5
Yan gbogbo ohun tí ó wà ní ojú ewé,menyo20k,9
"Orúkọ ìdánimọ̀ gbọ́dọ̀ ní àwọn lẹ́tà, òǹkà, àti ìlà abẹ́ nìkan",menyo20k,11
Ń gbìyànjú láti tún sopọ̀…,menyo20k,5
"Ìbéèrè yìí ní àṣìṣe, jọ̀wọ́ tẹ̀síwájú sí ìbéèrè tí ó kàn",menyo20k,11
Kò tíì sí ìgbìyànjú kankan lórí ìbéèrè yìí,menyo20k,8
Àwọn àbájáde tí ó kàn,menyo20k,5
Fi ímeèlì ránṣẹ́ sí àwọn akèdè-iṣẹ́-àìrídìmú,menyo20k,6
Ṣèwádìí nínú àgbàjọ àpéjọ ìtàkúrọ̀sọ láti rí bóyá ẹlòmíràn ní irúfẹ́ ìsòro yìí.,menyo20k,13
Gbígbà ẹ̀dà àkápọ̀-iṣẹ́ àti siṣàgbékalẹ̀ àwọn àgbéjáde tó jáde kẹ́yìn,menyo20k,10
Káàbọ̀ sí ibùdó àpẹẹrẹ Kolibri,menyo20k,5
Ṣàyẹ̀wò èyíkẹ̀yí nínú àwọn irúfẹ́ aṣàmúlò mẹ́ta:,menyo20k,7
A kò ṣe àkosílẹ̀ orúkọ rẹ sí yàrá ìkẹ́ẹ̀kọ́ kankan,menyo20k,10
Àṣìṣe wáyé ní ṣíṣàfihàn wúnrẹ̀n yìí,menyo20k,6
Ohun àmúlò iṣẹ́ tí ó kàn,menyo20k,6
"Gẹ́gẹ́ bí alábòójútó, o lè kó àwọn chánnẹ̀lì wọlé",menyo20k,9
Kò sí àwọn ohun àmúlò kankan nílẹ̀,menyo20k,7
Dákun béèrè ìrànwọ́ lọ́wọ́ olùkọ́ tàbí alákòóso rẹ,menyo20k,8
Kòsí àwọn ohun àmúlò ní ìgbẹ̀kọ́ yìí,menyo20k,7
Forúkọsílẹ̀wọlé tàbí ṣẹ̀dá àkáǹtì láti ṣàfipamọ́ ààmì ayò tí o gbà,menyo20k,11
Ṣàwárí nípa títẹ̀wé sínú àpótí tó wà lókè yìí,menyo20k,9
Ṣe àfikún tàbí àtúnṣe sí ohun tí o ti sọ nípa rẹ,menyo20k,12
Ṣàyẹ̀wò àwọn ojúlówó òǹkaye rẹ.,menyo20k,5
Yan gbogbo àwọn ìdáhùn tí ó tọ́:,menyo20k,7
Ṣíratẹ̀ láti ní àfikún ojú ààmì ayò,menyo20k,7
Àwọn ìpín yẹn kò yémi.,menyo20k,5
Jọ̀wọ́ yan iye àwọn òǹkà ìdáhùn tí ó tọ́.,menyo20k,9
Fi ìgbésẹ̀ t'ó kẹ́yìn hàn,menyo20k,5
Fi ìgbésẹ̀ t'ó kàn hàn,menyo20k,5
"Má bínú, ìyẹn kò yé mi!",menyo20k,6
Ìdáhùn yẹn kò tọ̀nà níti òǹkà.,menyo20k,6
"ìdá òǹkà *tí kò tó ọ̀kan*, bíi $1/2$ tàbí $6/10$",menyo20k,10
"ìdá òǹkà *tí kò tó ọ̀kan, tí a ti mú rọrùn*, bíi $3/5$",menyo20k,13
àdàlù òǹkà bíi $1\\ 3/4$,menyo20k,5
"òǹkà onímẹ́wàámẹ́wàá *gangan*, bíi $0.75$",menyo20k,5
"ìdá òǹkà *t'ó jẹ́ tàbí tó ju ọ̀kan lọ*, bíi $10/7$ or $14/8$",menyo20k,13
"Tí o bá lo olobó, ìbéèrè yìí kò ní di àfikún sí ìtẹ́síwájú rẹ",menyo20k,14
Kò sí ìwé pélébé fún kíkọ nǹkan sí,menyo20k,8
Lọ iwájú bíi ìṣẹjú àáyá 10,menyo20k,6
Àṣìṣe ìṣàsopọ̀ mú kí ìgbàsílẹ̀ ohun àmúlò ìgbóhùnàtàwòránjáde kùnà,menyo20k,9
Padà ní bíi ìṣẹjú àáyá 10,menyo20k,6
Kò sí orísun tí ó báramu fún ohun àmúlò ìgbóhùnàtàwòránjáde yìí,menyo20k,11
Kò sí ohun àmúṣe kankan ni kílààsì re,menyo20k,8
Ìṣèṣirò láti ara àwọn ìbéèrè tí ìdáhùn rẹ̀ parí nìkan,menyo20k,10
Ṣàyẹ̀wò ìtẹ̀síwájú akẹ́kọ̀ọ́ àti ìṣesí yàrá ìkẹ́kọ̀ọ́,menyo20k,7
"Jọ̀wọ́, kàn sí alábòójútó Kolibri kó yàn yàrá ìkẹ́kọ̀ọ́ fún ọ",menyo20k,11
"Ṣètò yàrá ìkẹ́kọ̀ọ́ kan, k'ó o sì gba àwọn akẹ́kọ̀ọ́ wọlé",menyo20k,11
O kò ní ìdánwò kúkurú kankan,menyo20k,6
Ìdánwò kúkurú t'ó ń ṣiṣẹ́,menyo20k,5
Àwọn ìbéèrè t'ó ta kókó,menyo20k,5
Ìdánwò kúkurú tí kò ṣiṣẹ́,menyo20k,5
Àwọn akẹ́kọ̀ọ́ kò le rí ẹ̀kọ́ kà,menyo20k,7
Àwọn akẹ́kọ̀ọ́ le rí ẹ̀kọ́ kà,menyo20k,6
Kò sí àwọn ohun àmúlò ìrànlọ́wọ́ nínú ẹ̀kọ́ yìí,menyo20k,9
Ìṣòro kan wà ní píparí ìdánwò kúkurú náà. Ìdánwò kúkurú náà kò dópin.,menyo20k,13
Ìṣòro kan wà ní bíbẹ̀rẹ̀ ìdánwò kúkurú náà. Ìdánwò kúkurú náà kò bẹ̀rẹ̀.,menyo20k,13
Gbé ohun àmúlò yìí lọ sí ipò kan sísàlẹ̀ nínú ẹ̀kọ́ yìí,menyo20k,12
Gbé ohun àmúlò yìí lọ sí ipò kan sókè nínú ẹ̀kọ́ yìí,menyo20k,12
Kò sí àwọn olùṣàmúlò tí ó báramu,menyo20k,7
Kò sí akẹ́kọ̀ọ́ nínú ẹgbẹ́ yìí,menyo20k,6
O kò ní àwọn ẹgbẹ́ kankan,menyo20k,6
Ń ṣàfihàn àwọn akẹ́kọ̀ọ́ tí ó forúkọsílẹ̀ ní yàrá ìkẹ́kọ̀ọ́ yìí nìkan,menyo20k,12
Ṣàtúnṣe àwọn ẹ̀kúnrẹ́rẹ́ àlàyé ẹ̀kọ́,menyo20k,5
Gbogbo ibi tí akẹ́kọ̀ọ́ kọ̀ọ̀kan ṣiṣẹ́ dé lórí ìdánwò kúkurú yìí yóò sọ nù.,menyo20k,14
"Ṣẹ̀dá àti àkóso yàrá ìkẹ́kọ̀ọ́ rẹ, ìdánwò kúkúrú àti ẹgbẹ́",menyo20k,10
Ṣe èto yàrá ìkẹ́kọ̀ọ́ rẹ,menyo20k,5
Ṣàtúnṣe àwọn ẹ̀kúnrẹ́rẹ́ ìdánwò kúkúrú,menyo20k,5
Ṣe àyẹ̀wò ìjábọ̀ fun awon akẹ́kọ̀ọ́ àti àwon ìtẹ̀jáde yàrá ìkẹ́kọ̀ọ́ rẹ,menyo20k,12
Ojúlé ìsopọ̀ le jẹ́ IP àti ojú ìkànpọ̀ bí '192.168.0.100:8080' tàbí URL bí 'example.com':,menyo20k,14
Kò le ṣàsopọ̀ mọ́ orí ojúlé ìṣàsopọ̀ yìí,menyo20k,8
Yan orúkọ fún ojúlé yìí kí o ba rántí rẹ̀ bí ó bá yá:,menyo20k,14
bí àpẹẹrẹ ìsopọ̀ inú ilé,menyo20k,5
Ó ń gbìyànjú láti wọlé sorí ìsopọ̀ì…,menyo20k,7
Ìkànnì tí ó wà lárọ̀ọ́wọ́tó lórí Ilé-ìṣiṣẹ́ Kolibiri,menyo20k,8
Kò sí ìkànnì tó wà lárọ̀ọ́wọ́tó lórí èrọ yìí,menyo20k,9
Ìṣòro wáyé nípa ṣíṣàfipámọ́ ojú ìwé yíì…,menyo20k,7
Kò sí ohun èlò tí ó ní ìdánimọ̀ yìí,menyo20k,9
Ṣé ó dá ọ lójú pé o fẹ́ pa ìkànnì wọ̀nyí rẹ́ lórí ẹ̀rọ rẹ?,menyo20k,15
Ẹ̀dà àwọn ohun àmúlò wọ̀nyí lè wà ní ibòmíràn lórí ẹ̀rọ rẹ,menyo20k,12
Pa àwọn ohun àmúlò wọ̀nyí rẹ́,menyo20k,6
Ṣàkóso àwọn ìkànnì orí ẹ̀rọ,menyo20k,5
Kò sí ìṣàgbékalẹ̀ àwọn ìkànnì,menyo20k,5
Ìṣòro kan wáyé nípa àtúntò àwọn ìkànnì náà,menyo20k,8
Ìṣòro kan wáyé nígbà àtiyọ̀ ojúlé yìí kúrò,menyo20k,8
Ìṣòro kan wáyé nígbà àgbàjde ojúlé t'ó wà ní àrọ́wọ́tó,menyo20k,10
Kòì tíì sí ojúlé kankan,menyo20k,5
Ìgbìyànjú láti pa ìkànnì rẹ́ kùnà. Jọ̀wọ́ tún gbìyànjú lẹ́ẹ̀kansi.,menyo20k,10
Ń ṣàgbékalẹ̀ àtòjọ ìkanni. Èyí lè gba ìṣẹjú díẹ̀,menyo20k,9
Ti parí! íira tẹ àtẹ̀ìpàṣẹ ''Tì'' láti rí àyípadà.,menyo20k,9
Gbogbo àwọn ohun àmúlò lórí ẹ̀rọ yìí,menyo20k,7
Ti wà lórí ẹ̀rọ rẹ,menyo20k,5
Ìṣòro kan wáyé ní ṣíṣàfipámọ́ àyípadà wọ̀nyí.,menyo20k,7
"Orúkọ òǹṣàmúlò lè ní àwọn ẹyọ ọ̀rọ̀, òǹkaye àti ìlà abẹ́ ọ̀rọ̀",menyo20k,12
"Má bínú, ẹ̀yà aṣàwáríkiri rẹ kò lè ṣiṣẹ́.",menyo20k,8
O tún lè gbìyànjú láti ṣàtúntò aṣàwáríkiri tuntun rẹ.,menyo20k,9
Ràn wá lọ́wọ́ nípa fífi ìṣòro yìí tó wa létí,menyo20k,10
Gbìyànjú láti ṣe ìsọdọ̀tun ojú ewé yìí tàbí kí o padà sí ojú-ewé ilé,menyo20k,14
O gbọdọ̀ wọlé bíi alábòójútó láti wo ojú-ewé yìí,menyo20k,9
O gbọdọ̀ wọlé bíi alábòójútó tàbí akọ́ni láti wo ojú-ewé yìí,menyo20k,11
Ọmọ-ọ̀rọ̀ 125 ni èyítí ó pọ̀ jù,menyo20k,7
Ọ̀wọ́ tí òǹṣàmúlò yóò wà gẹ́gẹ́ bí akọ́ni:,menyo20k,8
Tọ́ fún irúfẹ́ àwọn olùṣàmúlò Akọ́ni àti Alábòójútó,menyo20k,8
"Ìtòlẹ́sẹẹsẹ àwọn orúkọ ọ̀wọ́, tí àmì ìdánudúró pín-níyà",menyo20k,8
"Bí ọ̀wọ́ tí ó wà tẹ́lẹ̀ kò bá bá orúkọ mu, yóò di dídá",menyo20k,14
Àwọn ọ̀wọ́ ti olùṣàmúlò yóò fi orúkọ sílẹ̀ sí gẹ́gẹ́ bí i akẹ́kọ̀ọ́:,menyo20k,13
Lè jẹ́ èyíkéyìí irúfẹ́ olùṣàmúlò,menyo20k,5
"Ọmọ-ọ̀rọ̀ 125 ni èyítí ó pọ̀ jù. Láti máa ṣe àyípadà, lo àmì ìràwọ̀:",menyo20k,14
Àwọn ohun tí ó ṣe é ṣe:,menyo20k,7
"Ọdún ẹlẹ́yọ-òǹkà mẹ́rin, tí ó ju 1900 lọ",menyo20k,8
Fàyègba àwọn akẹ́kọ̀ọ́ láti ṣàtúnṣe orúkọ wọn ní kíkún,menyo20k,9
Fàyègba àwọn akẹ́kọ̀ọ́ láti ṣàyípadà ọ̀rọ̀-aṣínà wọn nígbà tí wọ́n forúkọsílẹ̀wọlé,menyo20k,11
Fàyègba àwọn akẹ́kọ̀ọ́ láti ṣàtúnṣe orúkọ-òǹṣàmúlò wọn,menyo20k,7
Kó àwọn olùṣàmúlò wọlé láti inú àtẹ-iṣẹ́,menyo20k,7
ṣàfikún àwọn olùṣàmúlò tí ó wà tẹ́lẹ̀ (fún àwọn òǹṣàmúlò tí orúkọ-òǹṣàmúlò bára mu),menyo20k,14
"Láti tẹ̀síwájú, yan àkápọ̀-iṣẹ́ CSV kan:",menyo20k,6
Àwọn àyípadà wọ̀nyí ni ó di ṣíṣe:,menyo20k,7
Àwọn ìlà wọ̀nyí ní àwọn ìṣìṣe yóò sì di fífòdá bí o bá bá ǹṣó:,menyo20k,15
A fo àwọn ìlà wọ̀nyí dá:,menyo20k,6
Ìráàyè sí Kolibri ti di ìhámọ́ fún àwọn ẹ̀rọ ti-òde,menyo20k,10
Ǹjẹ́ olùṣàmúlò tuntun ni ọ́?,menyo20k,5
Forúkọsílẹ̀-wọlé tí o bá ti ní aṣàmúlò tẹ́lẹ̀,menyo20k,8
Sọ fún alábòójútó rẹ kí ó ṣẹ̀dá aṣàmúlò fún àwọn ohun-èlò wọ̀nyí:,menyo20k,12
Yan ohun-èlò tí o fẹ́ kí ó jẹ́ alábàáṣepọ̀ pẹ̀lú aṣàmúlò rẹ tuntun:,menyo20k,13
Yan ohun-èlò tí ó ní aṣàmúlò rẹ,menyo20k,7
"Orúkọ-òǹṣàmúlò, ọ̀rọ̀-ìfiwọlé, tàbí ohun-èlò kò tọ́",menyo20k,6
Forúkọsílẹ̀ wọlé tàbí ṣẹ̀dá aṣàmúlò láti máa gba ojú-àmì,menyo20k,9
Irú àyíká ìkẹ́kọ̀ọ́ wo ni ohun-èlò rẹ?,menyo20k,7
Báwo ni o ṣe ń lo Kolibri?,menyo20k,7
"Fún ètò ẹ̀kọ́-ilé, àfikún ìkẹ́kọ̀ọ́ àdára-ẹni-kọ́, àti àwọn ìṣàmúlò fún ara ẹni mìíràn",menyo20k,13
Ǹjẹ́ ó hùn ọ́ kí o ṣàtúntò ohun-èlò?,menyo20k,8
Báwo ni o ṣe fẹ́ lo Kolibri?,menyo20k,7
"Orúkọ aṣàmúlò nikan ni o le ni àwọn ẹyọ ọ̀rọ̀, nọmba ati àwọn ìlà abẹ́",menyo20k,15
akoonu sáà àwọn àkọsílẹ̀ iṣẹ́,menyo20k,5
àkóónù ìṣoníṣókí àwọn àkọsílẹ̀ iṣẹ́,menyo20k,5
Àwọn akẹ̀kọ̀ọ́ paapọ̀ lọ́kọ̀ọ̀kan àti àwọn ẹgbẹ́,menyo20k,7
Kòsí àwọn ohun èlò kan tàbí kò látìlẹyìn,menyo20k,8
Ohun-èlò tí ó ní orúkọ yìí ti wà lórí ẹ̀rọ yìí,menyo20k,11
Yan ohun gbogbo ní ojú ewé,menyo20k,6
"Lẹ́tà, nọ́ḿbà, àti ìlà abẹ́ nìkan ni orúkọ aṣàmúlò le ní",menyo20k,11
Ṣàtẹ̀wọlé àwọn ohun ẹ̀rí alábòójútó,menyo20k,5
Ti pa yàrá ìkẹ́kọ̀ọ́ rẹ́,menyo20k,5
Ìtò èròjà iṣẹ́ ti ṣàfipamọ́,menyo20k,5
Ṣé o gbàgbé láti forúkọsílẹ̀ wọlé?,menyo20k,6
O gbọdọ̀ forúkọsílẹ̀-wọlé bíi akẹ́kọ̀ọ́ láti wo ojú-ewé yíì,menyo20k,9
O gbọdọ̀ ti forúkọsílẹ̀-wọlé láti wo ojú-ewé yíì,menyo20k,8
Ojúlé ìṣàsopọ̀ le jẹ́ IP àti ihòìsopọ̀araẹ̀rọ bí i '192.168.0.100:8080' tàbí URL bí i 'example.com':,menyo20k,15
"Ọdún mẹ́wàá, ogún ọdún, ọgbọ́n ọdún, ogójì ọdún,",menyo20k,8
Ẹ̀rọ òṣùnwọ̀n èéfún atẹ́gùn ojú-ọjọ́,menyo20k,5
"Ọdún ń gorí ọdún, a darúgbó, ara wa hunjọ.",menyo20k,9
Ọkan lára ìgbèrò-bẹ́ẹ̀ni-bẹ́ẹ̀kọ́ tó gbajúmọ̀ jùlọ láàárín onímọ̀ ìjìnlẹ̀ f'álàyé ìdarúgbó ni àfikún ìpalára.,menyo20k,14
"Ń’nú ara wa, n’ìṣù-átọ̀mù t'á ò lè f'ojú rí ìyẹn “pádi-ẹ̀jẹ̀,”",menyo20k,11
tó jẹ́ ìpìlẹ̀ fún ìṣișẹ́ geere ẹ̀yà ara wa.,menyo20k,9
"Nínú pádi-ẹ̀jẹ̀ ààyè, èémí tí a mí sínú báwọn ẹ̀yà ara ṣe",menyo20k,12
"Bí kò bá tó, wọ́n yó gba ààyè àìtó yìí kan, ìṣẹ̀dá ò fẹ́ òfìfo.",menyo20k,15
"Nípa bẹ́ẹ̀, wọn yóò bá àwọn molecule mìíràn ṣe pọ̀",menyo20k,10
láti gba agbára tí yóò mú wọ́n ṣe déédéé.,menyo20k,9
Àfi bí àpọ́n t'ó ń gbìdánwò láti dúró déédéé nípasẹ̀ wíwá olólùfẹ́.,menyo20k,12
"Ó tó, nípa tirẹ̀, láti tú tọkọtaya ká.",menyo20k,8
"Bákan náà ló rí pẹ̀lú àwọn èérí ara, tí ó le ṣàkóbá fún pádi ààyè.",menyo20k,15
"Àmọ́ṣá, ara wa ní agbóguntàrùn,",menyo20k,5
ìyẹn àwọn molecule tí ń báwọn èérí ara wọ̀nyí wọ̀yá ìjà.,menyo20k,11
"À ń rí àwọn agbóguntàrùn yìí ń'nú oúnjẹ ajíra bíi vitamin C àti E,",menyo20k,14
ṣùgbọ́n nígbà mìíràn ajíra kì í tó láti bá ogunlọ́gọ̀ èérí ara jà.,menyo20k,13
"Èyí ni àfikún ìpalára. Èyí ń ṣèbàjẹ́ pádi ààyè, ba pádi-ẹjẹ̀ jẹ́,",menyo20k,12
fún àrùn ọlọ́jọ́ pípẹ́ láàyè àti dídarúgbó kíá.,menyo20k,8
Kí ni a ó ṣe? Ó pọn dandan láti wá àwọn agóguntàrùn tuntun,menyo20k,13
"Ńlẹ̀ adúláwò, ìdá ọgọ́rin èèyàn ló ń f'ewé wo àìsàn.",menyo20k,10
"Nígbà náà, kì bá dára bí a bá ṣèwádìí sí ewé wọ̀nyí fún ìgbóguntàrùn.",menyo20k,14
Pẹlu ọkàn ìfẹ́ yìí ni a fi yan ewé P láàyò ní yàrá ìwádìí wa,menyo20k,15
"tí a fi ń wo ọ̀gọ̀rọ̀ àìsàn bí àkóràn, ibà àti ibà apọ́njú-pọ́ntọ",menyo20k,13
"a sì rí i wípé ewé P yìí ní èròjà agóguntàrùn DPPH èérí ara,",menyo20k,14
"nítorí wọ́n ní èròjà H+ proton, tí yó d’ára padà bọ̀ sípò.",menyo20k,12
"Lákòótán, ewée wá wúlò fún ìṣègùn",menyo20k,6
tí yó wo igba àrùn àti pèsè ìṣura fún ìgbóguntàrùn.,menyo20k,10
Àti pé ewé ní molecule bíi flavonoid tí ó kún f'éròjà ìgbóguntàrùn,menyo20k,12
Èyí jẹ́ àṣeyege ìwádìí ìjìnlẹ̀ẹ wa.,menyo20k,6
"pẹ̀lú oríṣiríṣi ènìyàn ní Brazil àti Colombia, a bẹ̀rẹ̀ sí í yẹ",menyo20k,12
"ojú-ọ̀run àti ilẹ̀-ayé wò lóríṣiríṣi ọ̀nà,",menyo20k,6
nípasẹ̀ ìwádìí ìràwọ̀ wíwò àti ibi pàtàkì tí a wà nínú Èdùmàrè.,menyo20k,12
"Láti 2005 a bẹ̀rẹ̀ àkójọpọ̀ ìrírí ìmọ̀ ìjìnlẹ̀ ìràwọ̀ wíwò ìgbàanì,",menyo20k,11
"tí ó fi yé wa wípé a wà nínú ọkọ̀ fẹ̀rẹ̀gẹ̀jẹ̀, ọkọ̀ arìnrìn-àjò, ìyẹn Ilẹ̀-ayé.",menyo20k,15
"Ní ìbámu ìmọ̀ ìjìnlẹ̀ ìràwọ̀ wíwò ìgbàanì,",menyo20k,7
a kọ́ ẹ̀rọ ayédáyé fún ìwádìí ojú-ọ̀run.,menyo20k,7
Àwọn ẹ̀rọ wọ̀nyí jẹ́ ohun-ìní àìníye ìlú ìgbàanì.,menyo20k,8
"Fún àpẹẹrẹ: ẹ̀rọ Astrolabe Lárúbáwá, Armillary Spheres ti Greece",menyo20k,9
àti kàlẹ́ndà ìran Mayan. A ti wá mọ̀ wípé àwọn ẹ̀rọ ojú-sánmà wíwò wọ̀nyí,menyo20k,14
"bá àwọn ojú-ọjọ́ àti àsìkò tan, gẹ́gẹ́ bíi",menyo20k,8
"àsìkò òjò, àsìkò ọ̀gbẹlẹ̀ àti àsìkò mẹ́rẹ̀ẹ̀rin nínú ọdún.",menyo20k,9
"""Látara àwọn ìbéèrè bíi, """"Níbo ni oòrùn ti wá?"""",""",menyo20k,9
ti ṣèbéèrè wọ̀nyí ńigbàkan rí ati wípé wọ́n sì mọ̀ nípa sánmà,menyo20k,12
nínú ìmọ̀ ìṣẹ̀dá ayé àti ìrísí ilé ayé.,menyo20k,8
"Lóde òní, àfàìmọ̀ kí a má sọ àwọn àìmọye ìrísí àgbà-ńlá-ayé wọ̀nyí nù,",menyo20k,13
à ń pàdánù àwọn àṣà àjogúnbá tí ó rọ̀ mọ́ ìmọ̀ ìjìnlẹ̀,menyo20k,12
nípa ojú-ọ̀run ọ̀pọ̀ ìlú ìgbàanì.,menyo20k,5
"Nítorí náà, kókó iṣẹ́ ìwádìí mi ni láti jọ́jọ̀ pẹ̀lú onírúurú àṣà",menyo20k,12
"láàárín àwọn ẹ̀rọ ìwádìí ojú-ọ̀run ìgbàanì, bí onílàjà,",menyo20k,8
àti akẹ́kọ̀ọ́ àkàwé-gboyè ilẹ̀-ayé nínú ètò ẹ̀kọ́.,menyo20k,7
"Mò ń kàwé ní Brazil mo sì ń kàwé gboyè Ilẹ̀-Ayé ní Colombia lọ́wọ́ lọ́wọ́,",menyo20k,15
"pẹ̀lú àwọn akẹ́kọ̀ọ́ láti àwọn ìlú àtijọ́, ti mo gbèrò láti bá jíròrò àṣà",menyo20k,14
kí wọ́n ba ṣèwádìí sí orísun wọn àti kí ìmọ̀,menyo20k,10
nípa ojú-ọ̀run àti ilẹ̀-ayé má ba à sọnù.,menyo20k,8
Báwo! Ronú nípa oúnjẹ àyànfẹ́. Gbìdánwò láti rántí òórùn àt’adùn-un rẹ̀.,menyo20k,11
"Ní báyìí, rò ó wípé aadun oúnjẹ yìí ò dára tó.",menyo20k,11
Wà á lérò wípé oúnjẹ náà ti bàjẹ́,menyo20k,8
tàbí wípé àsè ṣèṣì fi ohun tí ò tọ́ sínúu rẹ̀.,menyo20k,11
Ọ̀pọ̀ ẹranko ló ní oúnjẹ àyànfẹ́,menyo20k,6
"wọ́n sì lè mọ èròjà inú oúnjẹ wọ̀nyí,",menyo20k,8
Ọ̀kan lára ohun tí à ń jẹ láì mọ̀ ni àwọn irin wúwo.,menyo20k,13
"Irin wúwo jẹ́ gbòógì ohun-èlò nílé iṣẹ́ ńláńlá,",menyo20k,8
"pàtàkì fún ìfàjáde irin-ilẹ̀ àti fún ohun-èlò àti ẹ̀rọ iná mànàmáná ṣíṣe,",menyo20k,12
bí ẹ̀rọọ̀ ìbánisọ̀rọ̀ ìléwọ́ọ̀ rẹ fún àpẹẹrẹ.,menyo20k,7
Ìṣòro ibẹ̀ ni pé irin wúwo ń ṣ'àkóbá àti wípé,menyo20k,10
"wọ́n máa ń fa ìpalára ìleraà rẹ, pẹ̀lú àìsàn jẹjẹrẹ.",menyo20k,10
wọn yó sì gb'odò dé òkun.,menyo20k,6
"Àmọ́ k'ó tó di bẹ́ẹ̀, wọn yó la àárín irà kọjá.",menyo20k,11
"Ẹrẹ̀ la fi ń ṣèrántí irà,",menyo20k,6
"agbègbè olóòórùn àt'ọ̀pọ̀lọpọ̀ ẹ̀fọn, àbí bẹ́ẹ̀kọ́?",menyo20k,6
"Síbẹ̀, irà ń pèsè oúnjẹ àti ibi ìdàgbàsókè",menyo20k,8
fún onírúurú ẹja àti ẹranko inú omi.,menyo20k,7
Mo fẹ́ ní ìmọ̀ pípé nípa iye irin wúwo tó la odò kọjá,menyo20k,13
"ṣe há sínú ẹrọ̀fọ̀ inu irà, tí gboungbo igi irà yó sì fà á mu,",menyo20k,15
"tí yóò sì darí sí ara ewé àti ẹranko tí í j'ewé,",menyo20k,12
Ǹjẹ́ alákàn lè mọ ìyàtọ̀ láàárín ewé alábàwọ́n,menyo20k,8
àti ewé tí ò ní àbàwọ́n irin wúwo bí?,menyo20k,9
Ìbéèrè ìwádìí mìíràn ni eléyùn-un.,menyo20k,5
Ṣùgbọ́n kí ni pàtàkìi rẹ̀?,menyo20k,5
Akàn jẹ́ oúnjẹ àyànfẹ́ onírúurú ẹranko,menyo20k,6
àti fún ogunlọ́gọ̀ ọmọ ènìyàn kárí ayé.,menyo20k,7
"Ní ilẹ̀ Brazil, ó kéré jù ẹnìkan yó jẹ kílò ẹranko-inú-omi méjìlá",menyo20k,12
(àti akàn) nínú ọdún kan.,menyo20k,5
"Torí náà, iye irin wúwo tí àwọn ẹranko wọ̀nyí ń jẹ",menyo20k,11
ni iye irin wúwo tí àwa náà ń kó jẹ,menyo20k,10
"Ó ṣe-ni-láàánú, a ò rí i rò. Ẹ ṣeun.",menyo20k,9
"Ìwádìí fi hàn pé ìgbà díẹ̀ ni àwọn èèyàn ń lò nílé ìdáná,",menyo20k,13
bóyá nítorí oúnjẹ-àsèsílẹ̀ tó ti wá pọ̀,menyo20k,7
"nílé ìtajà-ìgbàlódé, àbí nítorí àsìkò tí ò sí àbí látorí ìdínkù",menyo20k,11
ìmọ̀ ẹ̀kọ́ oúnjẹ ṣíṣe láti ọwọ́ òbí sí ọmọ.,menyo20k,9
Ohun tí àwọn èèyàn ò mọ̀ ni wípé asa kí a máa se oúnjẹ nílé,menyo20k,15
"ìjẹkújẹ oúnjẹ á dínkù, àwọn àdídùn, ọ̀rá àìlera, iyọ̀ àti àwọn àfikún-àtọwọ́dá",menyo20k,12
ìyẹn àwọn àìmọye òǹkà àti ọ̀rọ̀ lórí èdìdì oúnjẹ.,menyo20k,9
Ni a fi ní láti máa se oúnjẹ dáadáa.,menyo20k,9
"Lájorí iṣẹ́ ìwádìí mi ni láti yá, mú lò àti ṣ'àgbéyẹ̀wò ètò ìdásí oúnjẹ sísè",menyo20k,15
pẹ̀lú àwọn akẹ́kọ̀ọ́ Ifásitì Brazil.,menyo20k,5
"Ṣùgbọ́n, yó yanilẹ́nu, èé ṣe tí ó jẹ́ akẹ́kọ̀ọ́ Ifásitì?",menyo20k,10
A pinnu láti lo àwọn wọ̀nyí,menyo20k,6
nítorí wípé àwọn ọ̀dọ́ yìí ń ti,menyo20k,7
Pàápàá jù lọ wọn kì í j'oúnjẹ aṣaralóore.,menyo20k,8
tí a pè ní Ìṣaralóore àti oúnjẹ sísè nílé ìdáná.,menyo20k,10
A dán ètò yìí wò pẹ̀lú àwọn akẹ́kọ̀ọ́ Ifásitì ìjọba ti Gúúsù Brazil.,menyo20k,13
"Lásìkò yìí, àwọn ọ̀dọ́ kọ́ nípa ìpilẹ̀ṣẹ̀ oúnjẹ sísè àti oúnjẹ aṣaralóore,",menyo20k,12
"bí a ti ń ṣ'àṣàyàn àti ra oúnjẹ tútù, àti sísè àti ìtọ́wò oúnjẹ aṣaralóore.",menyo20k,15
"Níparí, a ṣe ìlànà ètò tí orílẹ̀ - èdè lè lò fún ìdàgbàsókè",menyo20k,13
"Láfikún, èto nì bùkún iṣẹ́ ìdàgbàsókè ìlú",menyo20k,7
tí ń gbèrò láti ṣe ìgbélárugẹ jíjẹ oúnjẹ aṣaralóore nípasẹ̀ sísè.,menyo20k,11
Wàyí mo pe ọ́ 'níjà: jẹ́ ká máa s'oúnjẹ sí?!,menyo20k,10
"Nínú ààbò ẹ̀rọ-ayárabíàṣá, ìdẹ́rùbà jẹ́ ìṣẹ̀lẹ̀ kan tó lè tako akitiyan ààbò dátà rẹ.",menyo20k,14
"""Ìgbésẹ̀ yìí ni a pè ní """"àwòṣe ìdẹ́rùbà.""""""",menyo20k,8
Kí ni mo ní nínú iléè mi tí ó yẹ kí n dá ààbò bò?,menyo20k,15
"Nǹkan-ìní lè jẹ́: ẹ̀ṣọ́, ẹ̀rọ ilé gbogbo, ìwé-owó, ìwé-ìrìnnà tàbí àwòrán",menyo20k,11
Nítorí tani ni mo ṣe fẹ́ ṣe ìdáààbòbò?,menyo20k,8
"Ọ̀tá lè jẹ́: fọ́léfọ́lé, alábàágbé, tàbí àlejò.",menyo20k,7
Báwo ni ó ṣe pọn dandan tó fún mi láti dáàbò bò ó?,menyo20k,13
Ǹjẹ́ aládùúgbò ní ìṣẹ̀lẹ̀-àtẹ̀yìnwáa ìfọ́lé?,menyo20k,5
Ǹjẹ́ alábàágbéè mi/àlejò jẹ́ olùfọkàntàn?,menyo20k,5
Báwo l’agbára ọ̀táà mi ṣe tó?,menyo20k,6
Àwọn ewu wo ló yẹ kí n gbéyẹ̀wò?,menyo20k,8
Báwo ni ìpalára yóò ṣe tó bí a bá kùnà?,menyo20k,10
Ǹjẹ́ mo ní nǹkankan nínú ilé tí n kò le è pààrọ̀ọ rẹ̀?,menyo20k,13
Ǹjẹ́ mo ní àkókò tàbí owó láti pààrọ̀ nǹkan wọ̀nyí?,menyo20k,10
Ǹjẹ́ mo ní àǹfààní adójútòfò fún ẹrù tí a bá jí nínú iléè mi?,menyo20k,14
Wàhálà mélòó ni mo lè là kọjá láti fi ààbò fún ìpalára wọ̀nwọ̀nyí?,menyo20k,13
Ǹjẹ́ mo fẹ́ ra àpótí-ìpamọ́ fún ìwé tó ṣe kókó?,menyo20k,10
ṣe mo lè ra ojúlówó àgádángodo bí?,menyo20k,7
Kín ni àwòṣe ìdẹ́rùbà àti níbo ni kí n ti bẹ̀rẹ̀?,menyo20k,11
1. Kí ni mo fẹ́ fi ààbò bò?,menyo20k,8
2. Ta ni mo fẹ́ pa á mọ́ fún?,menyo20k,9
3. Báwo ni ìpalára yóò ṣe tó bí n kò bá dá ààbò bò ó?,menyo20k,15
4. Báwo ló ṣe jẹ́ kókó fún mi láti dá ààbò bò ó?,menyo20k,13
5. Wàhálà mélòó ni mo lè là kọjá láti máà jẹ́ kí ìpalára ó wáyé?,menyo20k,15
Kí a gbé ìbéèrè yìí yẹ̀ wò fínnífínní.,menyo20k,8
Kí ni mo fẹ́ dá ààbò bò?,menyo20k,7
Ohun-ìní ni ohun tí ó jẹ́ ti iyebíye tí a sì fẹ́ dá ààbò bò.,menyo20k,15
"Ní ti ààbò ẹ̀rọ-ayárabíàṣá, ohun-ìní jẹ́ oríṣi ìwífún kan.",menyo20k,9
Ohun-ìní ni ẹ̀rọ-ayárabíàṣá rẹ náà.,menyo20k,5
Ta ni mo fẹ́ fi pamọ́ fún?,menyo20k,7
Ọ̀tá ni ènìyàn tí ó jẹ́ ìdẹ́rùbà sí ohun-ìníì rẹ.,menyo20k,10
"Ṣe àkàsílẹ̀ ọ̀táà rẹ, tàbí àwọn tó máa fẹ́ jí ohun-ìníì rẹ.",menyo20k,12
"Àkàsílẹ̀ẹ rẹ lè ní ẹnìkọ̀ọ̀kan, àjọ ìjọba, tàbí àjọ-ìlú.",menyo20k,9
Báwo ni ìpalára ṣe burú tó bí n bá kùnà?,menyo20k,10
Ọ̀ná pọ̀ tí ọ̀tá lè dẹ́rùba dátà rẹ.,menyo20k,8
"Ètè ọ̀tá yàtọ̀ síra wọn, bẹ́ẹ̀ náà ni ìdojúkọ wọn.",menyo20k,10
"Láti mọ èyí, o ní láti gbé ipá ọ̀táà rẹ wò.",menyo20k,11
Ìjọbaà rẹ lè ní ààyè tí ó lágbára láti ṣèyí.,menyo20k,10
Kí ni atọ́ka wípé n óò ní láti dá ààbò bò ó?,menyo20k,12
Ewu jẹ́ atọ́ka wípé ìdẹ́rùbà kan ṣì ohun-ìní kan yóò wáyé.,menyo20k,11
Ó bá ìpójú òṣùwọ̀n mu.,menyo20k,5
Ó pọn dandan láti ṣe ìyàsọ́tọ̀ láàárín ìdẹ́rùbà àti ewu.,menyo20k,10
Ìyọnu mélòó ni mo lè là kọjá láti máà jẹ́ kí ìpalára ó wáyé?,menyo20k,14
Ìdáhùn sí ìbéèrè yìí nílòo àyẹ̀wò ewu.,menyo20k,7
Gbogbo èèyàn kọ́ ló ní ìṣáájú tàbí ìrí ìdẹ́rùbà lọ́nà kan náà.,menyo20k,12
Kọ ìyàn tí o ní láti fi gbógunti ìdẹ́rùbà rẹ sílẹ̀.,menyo20k,11
"Ṣàkíyèsí bí o bá ní ìfàsẹ́yìn owó, ìfàsẹ́yìn ẹ̀rọ, tàbí ìfàsẹ́yìn ìkẹ́gbẹ́.",menyo20k,12
Fi sọ́kàn wípé àwòṣe ìdẹ́rùbà lè yí padà nípa ìgbàtàkókò.,menyo20k,10
"Sí bẹ́ẹ̀, ìṣàgbéyẹ̀wò àwòṣe ìdẹ́rùbà lóòrèkóòrè jẹ ìṣe tó dára.",menyo20k,10
Ṣẹ̀dáa àwòṣe ìdẹ́rùbà tìrẹ fún ìrẹ.,menyo20k,6
Fa ilà sórí kàlẹ́ńdà rẹ fún ọjọ́ iwájú.,menyo20k,8
Dídáààbò Araà rẹ lórí Ẹ̀rọ-alátagbà,menyo20k,5
Ẹ̀rọ-alátagbà jẹ́ ọ̀kan lára ìbùdó-ìtàkùn lórí ẹ̀rọ-ayélujára.,menyo20k,7
"A gbé ẹ̀rọ-alátagbà kalẹ̀ fún pínpín àyọkà, àwòrán àti ìwífún nípa ara ẹni.",menyo20k,13
Ní báyìí ó ti di ibi-ìpéjọ fún ìkójọ àti ọ̀rọ̀.,menyo20k,10
Olobó ohun tí ó yẹ kí o kíyèsí bí o bá ń ṣí ìṣàmúlò,menyo20k,14
Ǹjẹ́ ìwọ́ fẹ́ lo orúkọ àbísọ rẹ?,menyo20k,7
"""Ibùdó ẹ̀rọ-alátagbà mìíràn ní """"ìlànà orúkọ tòótọ́,"""" ṣùgbọ́n èyí kò rí bẹ́ẹ̀ mọ́.""",menyo20k,13
"Bí o bá forúkọsílẹ̀, máà fi ìwífún rẹpẹtẹ ju bí ó ṣe yẹ lọ sílẹ̀.",menyo20k,15
Ṣọ́ra bí o bá ń yan àwòrán ìdánimọ̀.,menyo20k,8
Àdírẹ́ẹ̀sì tàbí atọ́ka òpópónà hàn nínúu rẹ̀?,menyo20k,7
Kíyèsíi àdírẹ́ẹ̀sì IP rẹ lè ti wà lákọsílẹ̀ lásìkò ìforúkọsílẹ̀.,menyo20k,10
"Yan ọ̀rọ̀-ìfiwọlé tó lágbára àti, b'ó bá ṣe é ṣe, lo ìfẹ̀rílàdí-ọlọ́nàméjì.",menyo20k,12
"""Kíyèsára fún ìbéèrè ìgbà-padà ọ̀rọ̀-ìfiwọlé gẹ́gẹ́ bíi """"Ìlú wo ni a ti bí ọ?"""" tàbí""",menyo20k,15
"""""""Kí ni orúkọ ẹranko-àyànfẹ́ẹ̀ rẹ?""""""",menyo20k,5
nítorí ìdáhùn lè jẹyọ láti inú àkọsílẹ̀ lórí ẹ̀rọ-alátagbàa rẹ.,menyo20k,10
Ó lè hùn ọ́ kí o yan ìbéèrè ìgbà-padà ìṣàmúlò tí kì í ṣe òótọ́.,menyo20k,15
Yẹ Òfin Ìlànà Ibi-ìkọ̀kọ̀ Ẹ̀rọ-alátagbà wò,menyo20k,6
"Nípa ti bẹ́ẹ̀, ṣàtúnṣe sí ààtòàbáwá tí a ti ṣe sílẹ̀.",menyo20k,11
"Fún àpẹẹrẹ, o fẹ́ pín àtẹ̀jáde sígboro fún gbogbo ènìyàn, tàbí fún ẹgbẹ́ kan?",menyo20k,14
Ṣe àwọn èèyàn lè ṣàwáríì rẹ bí wọ́n bá lo ímaalì tàbí ilà ẹ̀rọ-ìbánisọ̀rọ̀ọ rẹ?,menyo20k,15
Ǹjẹ́ o fẹ́ kí ibi tí o wà jẹ́ pínpínká fúnra rẹ̀?,menyo20k,12
"Bótilẹ̀jẹ́pé ẹ̀rọ-alátagbà ni ìṣètò tìrẹ, o lè rí àwòṣe.",menyo20k,9
"""Ìṣètò Ibi-ìkọ̀kọ̀ ń bẹ láti dáhùn ìbéèrè: """"Ta ló lè rí ọ?""""""",menyo20k,12
Jẹ ànfàání “àyẹ̀wò” ìdáààbòbò àti ibi-ìkọ̀kọ̀.,menyo20k,6
"""Facebook, Google, àti ibùdó-ìtàkùn mìíràn bẹ́ẹ̀ ní àfifún """"àyẹ̀wò ìdáààbòbò"""".""",menyo20k,10
"Níparí, ṣèrántí wípé ibi-ìkọ̀kọ̀ lè yí padà.",menyo20k,7
"Fún ọ̀pọ̀ ènìyàn, ó pọn dandan láti ya ìṣàmúlò s'ọ́tọ̀ọ̀tọ̀.",menyo20k,10
Ilà ẹ̀rọ-ìbánisọ̀rọ̀ọ àti àwòrán jẹ́ méjì ń'nú ìwífún tí ó yẹ kí a fojú sí.,menyo20k,15
Èyí wọ́pọ̀ ní ibùdó ẹni-tó-ń-wá-ọkọ-wá-aya àti àkáùntì onímọ̀.,menyo20k,8
"Fún àyẹ̀wò, o lè lo aṣàwárí ìyípadà àwòrán-an Google.",menyo20k,9
Mọ àpadé-àti-àludé Ààtò Ẹgbẹ́ oríi Facebook,menyo20k,6
Máà kàn ṣáà yí ààtò àti ìhùwàsí ẹ̀rọ-alátagbàa rẹ padà.,menyo20k,10
"Kì í ṣe dídáààbò ibi-ìkọ̀kọ̀ nìkan ni ìtọ́jú ara ẹni, àmọ́ títọ́júu àwa-ara-wa.",menyo20k,13
O nílò ohun-ìmọ̀ ìdáààbò àkọ́bẹ̀rẹ̀?,menyo20k,5
2.Dídáààbò araà rẹ lóríi ẹ̀rọ-alátagbà,menyo20k,5
Yẹ Ṣíṣe Ìdíyelé Ewuù Rẹ Wò tiwa fún àlàyé lẹ́kùnúnrẹ́rẹ́.,menyo20k,10
"Ìgbésẹ̀ ni ààbò, kì í ṣe ohun tí a rà",menyo20k,10
"Nítorí bẹ́ẹ̀, ó ṣe pàtàkì láti wòye nípa ìwà ààbò ẹ̀rọ ayélujára porongodo.",menyo20k,13
Báwo ni mímọ́ gaara rẹ̀ ti rí?,menyo20k,7
"Iṣẹ́-àìrídìmú ìṣísílẹ̀ ń fún ni láǹfààní ààbò tó péye, ṣùgbọ́n èyí kò dájú.",menyo20k,13
Ǹjẹ́ oníṣọnà sọ dáadáa àti àìdáa rẹ̀ yékéyéké?,menyo20k,8
Kò sí iṣẹ́-àìrídìmú tàbí irinṣẹ́-àrídìmú tí a lè sọ pé ààbòo rẹ̀ pé yanrantí.,menyo20k,14
Wá irinṣẹ́ tí oníṣọnà tàbí òǹtà fi ìpààlà àgbéjáde wọn hàn gbangba.,menyo20k,12
Gbólóhùn wọ̀nyí ń tọ́ka sí ìfọ̀nu tàbí àìbìkítà láti gbà wípé àgbéjáde wọn lè kùnà.,menyo20k,15
Kí ló ṣẹlẹ̀ bí oníṣọnà bá níjà?,menyo20k,7
Ṣùgbọ́n ó ní adojúkọni kan tí ọ̀pọ̀ oníṣọnà ò fẹ́ ní èrò nípa: ara wọn!,menyo20k,15
Bí wọ́n bá ní ìjà tàbí pinnu láti kọjú òǹlòo wọn ńkọ́?,menyo20k,12
Wá ilé-iṣẹ́ tí ó ní òkìkí nípa jíjà fún ìwífún-ti-ẹni ní ilé-ẹjọ́.,menyo20k,12
Ṣé wọ́n ti ṣe àtúnpè tàbí dá ẹnu èébú lù ú lórí ayélujára rí bí?,menyo20k,15
Àgbéjáde tí ó ní ààbò tó péye lè ní àìmọye àṣìṣe lọ́jọ́ iwájú.,menyo20k,13
Kò ṣe é ṣe fún ẹnìkan ṣoṣo láti mọ ìròyìn tuntun nípa irinṣẹ́.,menyo20k,13
Ẹ̀rọ-ìbánisọ̀rọ̀ọ wo ni kí n rà? Ẹ̀rọ-ayárabíàṣá wo?,menyo20k,8
Kò sí ìdáhùn geere fún ìbéèrè wọ̀nyí.,menyo20k,7
"Ṣàkíyèsí wípé ẹ̀rọ-ìbánisọ̀rọ̀ọ àtijọ́ àti ẹ̀rọ ìṣiṣẹ́ lè máà wúlò mọ́, paapàá fún àfikún ààbò.",menyo20k,15
Bákan náà ló rí fún OS X kí ó tó kan 10.11 tàbí El Capitan.,menyo20k,15
Àgbéjáde Tí A Dárúkọ ní Àyẹ̀wò Ìdáààbòbò-ara-ẹni,menyo20k,7
A ti gbìyànjú ka àwọn àgbéjáde tó dára:,menyo20k,8
"ní ìmọ̀ tó jinlẹ̀ nínú ààbò ẹ̀rọ ayárabíàṣá bó ṣe ń lọ lọ́wọ́,",menyo20k,13
"tí ó mọ́ gaara nípa iṣẹ́ wọn (àti àṣìṣe wọn),",menyo20k,10
"ní ààbò atakò aìíṣeémọ̀ bí oníṣọnà lè ní ìjàdù, àti",menyo20k,10
"pípamọ́, pẹ̀lú òǹlò tó ní àlékún ìmọ̀ ẹ̀rọ.",menyo20k,8
Láyìmoye ìgbà ni ìtàkùrọ̀sọ ojúkorojú láàbò tó pé ju ẹ̀rọ-ayárabíàṣá tàbí ẹ̀rọ-ìbánisọ̀rọ̀ lọ.,menyo20k,13
Báwo ni Ìyí-dátà-padà-sí-odù-ààbò Òpin-dé-òpin ṣe ń ṣiṣẹ́?,menyo20k,7
Rí i dájú pé o yẹ SSD ìsàlẹ̀ yìí wò:,menyo20k,10
Ọ̀rọ̀ Àkọ́sọ Lórí Kọ́kọ́rọ́ Ìyí-dátà-padà-sí-odù-ààbò Gbogboògbò àti PGP,menyo20k,8
Bí a ṣe lè: Lo OTR fún Windows,menyo20k,8
Bí a ṣe lè: Lo OTR fún Mac,menyo20k,8
"Ó dá lórí, àwòṣe ìdẹ́rùbà rẹ, èyí lè jẹ́ ìṣòro, ó sì lè máà jẹ́sòro.",menyo20k,15
Àtẹ̀jíṣẹ́ tí a mọ̀ bí ẹní m'ọwọ́ (SMS) ò lo ìyí-dátà-padà-sí-odù-ààbò òpin-dé-òpin.,menyo20k,12
Àwọn irinṣẹ́ tó ní OTR nínú pẹ̀lú iṣẹ́-ìjẹ́ oníwàràǹṣesà ni:,menyo20k,10
"Nínú apèsè wọ̀nyí, ìtìlẹ́yìn wà fún HTTPS, tàbí ìyí-dátà-padà-sí-odù-ààbò ìpele-ìṣíkúrò.",menyo20k,10
Apèsè imeèlì ìtàkùn àgbáyé tó máa ń lo ààtò-àbáwá HTTPS ni :,menyo20k,12
Èyí tó gbajúmọ̀ jù lọ ni Hotmail t'ó ṣì ń ṣe bẹ́ẹ̀ dòní.,menyo20k,13
Kí ni ìyí-dátà-padà-sí-odù-ààbò ìpele-ìṣíkúrò ń ṣe àti ìdí tí o fi lè nílòo rẹ fún?,menyo20k,15
HTTPS ni ìpilẹ̀ṣẹ̀ ìyí-dátà-padà-sí-odù-ààbò ìtàkùn aṣàwáríkiriì rẹ tí a f'ọwọ́ sí fún ènìyàn gbogbo.,menyo20k,14
Ó dàbíi síso okùn ààbò ìjókòó bí o bá ń wa ọkọ̀.,menyo20k,12
Àmọ́ ó ní àwọn ohun tí HTTPS kì í ṣe.,menyo20k,10
Ìjọba àti agbófinró lè rí dátà rẹ pẹ̀lú ìwé àṣẹ.,menyo20k,10
Bí a ṣe n: Lo PGP fún Mac OS X,menyo20k,10
Bí a ṣe n: Lo PGP fún Windows,menyo20k,8
Bí a ṣe n: Lo PGP fún Linux,menyo20k,8
Kí ni ìyí-dátà-padà-sí-odù-ààbò òpin-dé-òpin kì í ṣe?,menyo20k,7
"Ìyódùpadàfâbò òpin-dé-òpin ń dáàbò bo ohuninú ìtàkùrọ̀sọ rẹ nìkan, kì í dáàbò bo ìtàkùrọ̀sọ tìkararẹ̀.",menyo20k,15
Kedere ni àlọ àtàbọ̀ ìgbẹ́sẹ̀ẹ Spitz hàn nínú àwòrán tí wọ́n fún un.,menyo20k,13
Ó fẹ́ òkétè ohun ààbò alákọ̀ọ́bẹ̀rẹ̀?,menyo20k,6
2. Dídáààbò Araà Rẹ lórí Ẹ̀rọ-alátagbà,menyo20k,6
5. Ṣiṣẹ́ Ọ̀rọ̀-ìfiwọlé tó L'ágbára,menyo20k,5
6. Fífi ààbò bo Dátà Rẹ,menyo20k,6
"Mo ti gbọ́, báyìí ni ìyáa rẹ̀ ṣe dá a lóhùn,",menyo20k,11
"Bẹ́ẹ̀ ni ìyá mi, ó dá ìyà a rẹ̀ lóhùn.",menyo20k,10
Ìyá a rẹ̀ ni kò burú.,menyo20k,6
"""Bí báyìí, mo ti wá ń fẹ́ràn rẹ̀ si nítorí pé o ti yípadà pátápátá.""""""",menyo20k,15
Ni báyìí kíni mo lè ṣe láti dẹ́rọ́ ọ májèlé ti ọkọ mi ti jẹ?,menyo20k,15
"Ẹ jọ̀wọ́, ẹ ràn-mí-lọ́wọ́ Ìyá mi.",menyo20k,6
Ọmọbirin yìí ń bẹ̀bẹ̀ pẹ̀lú omijé lójú.,menyo20k,7
"""Ìyá a rẹ̀ dá a lóhùn: """"Má bẹ̀rù ọmọ ọ mi.""",menyo20k,11
Ọkùnrin kò fi bẹ́ẹ̀ burú bí àwa obìnrin ti ṣe lérò. Ìyá sọ̀rọ̀.,menyo20k,13
"Ẹ gbọ́, ṣé ìran Yorùbá mọ Ọlọ́run àbí a ò mọ̀ ọ́n?",menyo20k,12
A mọ̀ wípé Olódùmarè ni ọba aláṣẹ lọ́run àti láyé.,menyo20k,10
Àṣẹ rẹ̀ ni ohun gbogbo fi ń bẹ.,menyo20k,8
"Nínú Odù Ifá Ọ̀yẹ̀kú Mogbè, Ifá ní",menyo20k,7
"Láyé àtijọ́, ilẹ̀-kú-oótù-o-ò-jí-ire kún fún ènìyàn ọlọ́pọlọ pípé tí òye wọn kọ já sísọ.",menyo20k,14
"Wọ́n ríi pé, àṣẹ Ọlọfin ọ̀run ń gbé pẹ̀lú wọn.",menyo20k,10
"Bákannáà ni Ṣàngó fi orógbó ṣe ẹtù ìbọn, àti àwọn àrà ọwọ́ọ rẹ̀ mìíràn.",menyo20k,14
"Torí ìdí èyí, wọ́n ka Ṣàngó sí alágbára abàmì, ọlọ́gbọ́n ènìyàn tí ó ri ṣà.",menyo20k,15
Ènìyàn ni Ọ̀rúnmìlà baba ọgbọ́n Ifá náà kí ó tó di ò-rì-ṣà.,menyo20k,12
"Ẹ yẹ ọmú wò, ṣé ó wà b'ó ṣe yẹ ó wà?",menyo20k,12
O kò ṣàkíyèsíi nǹkan àjèjì?,menyo20k,5
Àwa àti àwọn ọmọ la ni ọmú.,menyo20k,7
Àwa ọkùnrin àti ọmọọwọ́ ló lọmú.,menyo20k,6
Àríyànjiyàn ò gbọdọ̀ wáyé nípa ìyẹn.,menyo20k,6
Ẹ bá wa tọ́júu rẹ̀.,menyo20k,5
"Ìrísí dídára + ńlá, ìmísí ohun mímu àdàlù dáradára tí kò ní ẹ̀tàn nínú rárá.",menyo20k,15
Àwọn Ìràwọ̀ Akọrin Rock ń fún iléeṣẹ́ náà nítumọ̀ mìíràn,menyo20k,10
Mọ àwọn ìràwọ̀ Zagat 30 tí kò tó ọmọ ọgbọ̀n ọdún.,menyo20k,11
Màámi wàhálà yín ti pọ̀jù.,menyo20k,5
"Ẹ ṣá tẹ̀lé mi, ẹ máa rí i fúnra yín.",menyo20k,10
Mi ò tiẹ̀ rí nǹkan tí mò ń wá níbẹ̀.,menyo20k,10
O mọ̀ pé mi ò nífẹ̀ẹ́ ìyàlẹ́nu.,menyo20k,7
"Má bínú, mo máa fi owó ránṣẹ́ láàárọ̀ ọ̀la.",menyo20k,9
"Esther, ìwọ ṣáà ti ń rí àwòrán mummy dáadáa.",menyo20k,9
"Fẹ́mi, báwo ni ó ṣe jẹ́?",menyo20k,6
"Màámi, kí ni ẹ tún fẹ́ kí n sọ?",menyo20k,9
"Má bínú my dear , ó ní ọ̀rẹ́ òun lo jẹ́.",menyo20k,11
Ṣé o rí i bayìí?,menyo20k,5
Ìwọ náà á ti mọ bó ṣe máa ń ṣe báyìí.,menyo20k,11
Mo ti sọ fún un pé kí ó máa yànnàná ọ̀rọ̀ rẹ̀ dáadáa.,menyo20k,13
Màámi nǹkan tí mo sọ yé yín,menyo20k,7
Yéé máa ṣe bí ọmọ ọwọ́,menyo20k,6
"Màámi, ọ̀rọ̀ mi yé e yín",menyo20k,6
"Ọ̀rẹ́ mi ni, mo fẹ́ kí ó ri yín.",menyo20k,9
Kí n tó sọ fún un pé kí ó fẹ́ mi,menyo20k,11
"Mummy, ẹ ṣáà ti ruin gbogbo surprises tí mo ní nísìn",menyo20k,11
Nǹkan tó ò bá ti sọ fún mi ni pé...,menyo20k,10
"""""""Màámi, Esther rè é, ọ̀rẹ́ mi ni mo sì fẹ́ fẹ́ ẹ""""""",menyo20k,12
ko yéé máa ṣe bí i ọmọ ọwọ́,menyo20k,8
"O! Ìyẹn dára, ọmọ ìlú ibo ni ẹ?",menyo20k,8
Ṣé ó dá ẹ lójú?,menyo20k,5
"Bí ìkọlù ọkàn, Ó dá mi lójú",menyo20k,7
Ìkọlù ọkàn bí i ti báwo?,menyo20k,6
Mo ti ní kí o yéé máa sọ̀rọ̀ báyẹn,menyo20k,9
Ṣùgbọ́n a kò lè mọ̀ délẹ̀ tí a ò bá gbé Ìgbésẹ̀ náà?,menyo20k,13
Láti kékeré ni mo ti máa ń gbàdúrà sọ́lọ́run pé ko rí ìyàwó,menyo20k,13
tó dára bí i ti màmá ẹ,menyo20k,7
Òótọ́ ni mò ń sọ Fẹ́mi,menyo20k,6
O máa ń ṣe bí ọmọdé,menyo20k,6
O dẹ̀ kí ń ṣe ọmọdé mọ́,menyo20k,7
Nígbà tí mo wà ní ọjọ́ orí ẹ yìí,menyo20k,9
Mo ti bí àbúrò ẹ kẹ́ta,menyo20k,6
O ní láti rí i dájú pé ó nífẹ̀ẹ́ dúnjú,menyo20k,10
Kí ó lè gba ìwà ẹ mọ́ra,menyo20k,7
Ṣé ó ti yé ẹ,menyo20k,5
Kílódé tí ojú ẹ kọ́rẹ́ lọ́wọ́,menyo20k,6
Kílódé tí ò ń hùwà bí ẹni pé gbogbo nǹkan ń lọ dáadáa?,menyo20k,13
Ṣùgbọ́n gbogbo ẹ̀ ń lọ dáadáa,menyo20k,6
"Dúró na, báwo ni a ṣe máa sanwó fún ìgbéyàwó?",menyo20k,10
"Yéé sọ fún mi pé kí n má ṣèyọnu, mo rí i rò Fẹ́mi",menyo20k,14
"Èmi ni ìyàwó, iṣẹ́ mi ni láti ṣèyọnu",menyo20k,8
Gbogbo ayé mi ni mo ti fi ń ronú pé mo máa ṣe ìgbéyàwó alárinrin,menyo20k,15
Ṣùgbọ́n kò jọ pé ìyẹn máa ṣẹlẹ̀ torí kò sówó lọ́wọ́ wa.,menyo20k,12
"Ó dáa jẹ́ kí n sọ èyí fún ọ, a lówó lọ́wọ́",menyo20k,12
Fún ìdí èyí owó kò sá fẹ́rẹ́ lọ́wọ́ wa,menyo20k,9
"Bẹ́ẹ̀ ni, owó wà lọ́wọ́ wa",menyo20k,6
Dúró ná! Iléesẹ́ Sony ní ẹ̀ka ni Nàìjíríà?,menyo20k,8
Ìròyìn tó dára lèyí o,menyo20k,5
Èló ni à ń sọ̀rọ̀ nípa gan?,menyo20k,7
Iye tí yóó tó ṣe ìgbéyàwó,menyo20k,6
Fẹ́mi má bínú pé mò ń dà ọ́ láàmú báyìí,menyo20k,10
Ipò wo ni o wà?,menyo20k,5
Mo ti ní kí o yé sọ̀rọ̀ báyìí mọ́,menyo20k,9
Mo mọ̀ èyí kí n tó ní kí ó fẹ́ mi,menyo20k,11
"Gbogbo nǹkan á dára, a jọ wà nínú ẹ̀ ni",menyo20k,10
Ṣé ó dá ẹ lójú,menyo20k,5
"Ohun ìyàlẹ́nu tí mọ ni fún ẹ rè é, àpò ìkọ́pá Gucci yẹn",menyo20k,13
"Bẹ́ẹ̀ ni, ṣé o fẹ́ràn ẹ̀?",menyo20k,6
Mo lérò pé o kò tí ì já táàgì ara rẹ̀ kúrò?,menyo20k,12
Rárá mi ò tí ì ja,menyo20k,6
O mọ nǹkan? Ó ní láti dáa padà,menyo20k,8
Kílódé? Ṣé ó kò fẹ́ràn rẹ̀ ni?,menyo20k,7
"Fẹ́mi, o ò lè máa ra nǹkan oríṣìíríṣi fún mi báyìí",menyo20k,11
"Olólùfẹ́ mi, àpò ìkọ́pá yìí wọ́n gidi gan",menyo20k,8
"Ó dáa, Èló ni o rà á?",menyo20k,7
"Níjọ́sí tí ó rí i lórí Ínsítágíráàmù, o ní o fẹ́ràn rẹ̀",menyo20k,12
Mo sì rà á fún ẹ gẹ́gẹ́ bí i ọkọ rẹ,menyo20k,11
A ṣẹ̀ṣẹ̀ ṣe ìgbéyàwó aláriwo ni,menyo20k,6
"Kódà, a kò tí ì san owó ilé gan",menyo20k,9
Mo lérò pé ó yẹ kí à yanjú àkọsílẹ̀ owó wa,menyo20k,11
Mo rò pé o o máa fẹ́ràn ẹ̀,menyo20k,8
"Ìfẹ́ mi, mo fẹ́ràn rẹ̀ ṣùgbọ́n kì í ṣe ohun tó kàn lásìkò yìí",menyo20k,14
"Ṣé bí i àárọ̀, ọ̀sán, alẹ́?",menyo20k,6
Bóyá mi ò bá ti fún ẹ ní àárọ̀,menyo20k,9
Ẹ ǹlẹ́ ṣà! Mo mọ̀ yín,menyo20k,6
Ó dá mi lójú pe o kò mọ̀ mí,menyo20k,9
Ẹ̀yin ni ẹ kọ “Three Sherperds”,menyo20k,6
"Èmi ni mi ò mọ̀ nǹkankan níbí o, o mọ̀ mí lóòótọ́",menyo20k,12
"Mo mọ̀, ṣebí mo ṣẹ̀ sọ fún yín pé mo mọ̀ yín",menyo20k,12
"Èyí ṣàjèjì, a kì í sábàá pàdé ẹni tí ó mọni délédélé",menyo20k,12
"Mo nífẹ̀ẹ́ ìwé yín, mo ṣẹ̀ṣẹ̀ kà á pé wọ́n máa ṣeré ẹ̀",menyo20k,13
"Bẹ́ẹ̀ ní, wọn máa parí ẹ̀ láìpẹ́",menyo20k,7
Ṣé mo lè ya àwòrán yín,menyo20k,6
Ṣé wọn kò sọ fún yín pé àwọn ní ìyàwó?,menyo20k,10
"Ní sùúrù ìyàwó mi, ọ̀rẹ́ lásán ni.",menyo20k,7
"Mo ṣẹ̀ṣẹ̀ bá a pàdé ni, ó ka ìwé mi",menyo20k,10
O ṣẹ̀ṣẹ̀ lé ọ̀kan lára àwọn olólùfẹ́ mi dànù,menyo20k,9
O mọ̀ pé ìwà burúkú nìyẹn,menyo20k,6
Èmi ń huwa burúkú? Fẹ́mi má hùwà bí òmùgọ̀,menyo20k,9
Ṣé orí ẹ dàrú ni? Ẹ̀mí gọ̀?,menyo20k,7
Mi ò lẹ́jọ́ bá ẹ rò,menyo20k,6
Sanwó kí o bá mi nínú ọkọ̀,menyo20k,7
Ọkọ mi!! Mo ti ṣe oúnjẹ àárọ̀.,menyo20k,7
O ò dẹ̀ dá mi lóhùn nau,menyo20k,7
Fẹ́mi! Mò ń bá ẹ ṣọ̀rọ̀ nau,menyo20k,7
Ṣé nítorí ohun tí ó ṣẹlẹ̀ ní Ilé ìtajà?,menyo20k,9
"Ọjọ́ tuntun lèyí, jẹ́ kí ìyẹn lọ",menyo20k,7
Kí ló dé tí o fi máa ṣe báyẹn,menyo20k,9
Ó gbá mi létí ní gbangba? Ó kù díè káàtó,menyo20k,10
Má bínú pé ìta gbangba ni,menyo20k,6
"Má bínú, ó yẹkí o fún mi ní ọ̀wọ̀ tèmi ni gbangba",menyo20k,12
Olólùfẹ́ iṣẹ́ mi lásán ni,menyo20k,5
Ṣé o ṣì ń bínú ni?,menyo20k,6
Fẹ́mi! Ṣé ó ti tán nìyẹn,menyo20k,6
"Mi ò tí ì lo ìṣẹ́jú méjì lórí ẹ, o ti sáré dà báyẹn?",menyo20k,14
"Mo lò tó ìṣẹ́jú mẹ́ta, ó pé ìṣẹ́jú mẹ́ta",menyo20k,9
Èyí ò mọ́gbọ́n wá mọ́,menyo20k,5
Ìgbé ayé ìbálòpọ̀ wa ò lárinrin mọ́,menyo20k,7
"O mọ nǹkan, a nílò láti mú ìbálòpọ̀ wa lárinrin.",menyo20k,10
Mi ò lè gba èyí mọ́,menyo20k,6
O dẹ̀ la ẹnu sọ pé ìṣẹ́jú méta,menyo20k,8
"Ó dáa, jẹ́ kí a tún un ṣe ń’gbà yẹn",menyo20k,10
O ò ní tún un ṣe nìkan! Ọ̀dẹ̀,menyo20k,8
Níbo lo wá ń lọ nísìn,menyo20k,6
Bóyá kí o kọ́ ọ,menyo20k,5
Kí lo wí? Kí n kọ́ ọ,menyo20k,7
"Jọ̀wọ́, mi ò ráyè irú ìyẹn",menyo20k,6
"Ọ̀rẹ́, má ṣe ìyọnu nípa ìyẹn",menyo20k,6
Ṣé nǹkankan wà tí o ò sọ fún mi?,menyo20k,9
Ṣé o ti ń gbà á níbòmíràn ni?,menyo20k,8
Bí ó bá jẹ́ pé bó ṣe ṣẹlẹ̀ náà nìyẹn,menyo20k,10
Mi ò dá ẹ lẹ́bi,menyo20k,5
Tí ó bá jẹ́ pé ọkùnrin ni ìyàwó ẹ̀ ò satisfy bẹ́yẹn...,menyo20k,12
"Ká tó wí “ẹ” báyìí, á ti fò síta láti gba gbogbo satisfaction ẹ̀ níta",menyo20k,15
Ṣùgbọ́n tí ó bá jẹ́ obìnrin,menyo20k,6
Ìgbà yẹn ni o máa gbọ́ oríṣìíríṣi terms,menyo20k,8
"Wọ́n lè sọ pé aṣẹ́wó ni, ọ̀dọ́kọ ni, ó ń rìnrìn gbéregbère",menyo20k,12
Ṣé gbogbo wa kọ́ ni aṣẹ́wó ni?,menyo20k,7
Kílódé tí ó ń dún bí nǹkan tí kò ṣe é gbọ́?,menyo20k,12
Bóyá kí o máa bá a lọ bẹ́ẹ̀,menyo20k,8
"O ṣẹ̀ṣẹ̀ ń sọ̀rọ̀ ni, ẹnìkan wà tí ó ń ṣe kiní yìí",menyo20k,13
Mi ò sọ fún ẹ,menyo20k,5
Abájọ tí o ṣe di ọlọ́rọ̀ ìyànjú?,menyo20k,7
"Kò sọ́rọ̀, wá nǹkan mímu fun mi",menyo20k,7
"Lónìí, ère a máa ṣe ìbẹ̀rẹ̀-nàró",menyo20k,6
Mẹ́wàá ni a ó ṣe,menyo20k,5
Ẹ̀ẹ̀marùn-ún ni a ó ṣe é,menyo20k,6
"Rárá, ẹ ò gbà á",menyo20k,5
"Ẹ máa ṣe báyìí, ó yá",menyo20k,6
Báyẹn! Mẹ́wàá ni ẹ máa ṣe,menyo20k,6
"Kí ni ìtumọ̀ eléyìí, kí ló ń ṣẹlẹ̀ níbí?",menyo20k,9
"Ọkọ mi ní sùúrù, olùkọ́ mi ni wọ́n",menyo20k,8
Ò ń múra ìjà ni?,menyo20k,5
"Nítorí Ọlọ́run, mo ní láti ṣe ṣémúṣémú",menyo20k,7
O! Olùkọ́ ìdárayá! Mo rí i bẹ́ẹ̀,menyo20k,7
Gbìyànjú láti fi ọwọ́ kan,menyo20k,5
"Ẹ̀yin méjèèjì ń làágùn, ẹ máa nílò omi",menyo20k,8
Ẹ jẹ́ kí n sáré lọ gbé omi wa fún yín,menyo20k,11
Mo ti ń dúró dè ẹ́ ní iyàrá ìbùsùn látàárọ̀,menyo20k,10
O ṣáà mọ ayẹyẹ tí mo sọ̀rọ̀ ẹ̀ fún ẹ?,menyo20k,10
Bola ń dúró dè mí níta,menyo20k,6
O ṣáà mọ̀ pé ìwọ ò lọ,menyo20k,7
O mọ̀ pé mi ò fẹ́ràn òde lílọ,menyo20k,8
But o mọ̀ pé mo ní ìkọ̀wé láti ṣe,menyo20k,9
àti pe ọmọ yẹn ma ma dà mí láàmú,menyo20k,9
Mo dẹ̀ ní àkókó ìparí kan,menyo20k,6
Kí ló máa ń ṣe ẹ?,menyo20k,6
Gbogbo ìgbà ni o máa ń ní nǹkan láti kọ,menyo20k,10
"Má sọ’yẹn o, ó ń mówó wọlé",menyo20k,7
O mọ nǹkan tó ṣẹlẹ̀,menyo20k,5
Mò ń jade lọ ṣe fàájì,menyo20k,6
"Tí ìwọ ò bá fẹ́ lọ, ìwọ lo mọ̀",menyo20k,9
Má ì tí ì lọ,menyo20k,5
Bá mi keep àwọn ohun ìkunjú yìí,menyo20k,7
A ò lè sáré ṣeré ìfẹ́ báyìí,menyo20k,7
"Ó dàbọ̀ , mo nífẹ̀ẹ́ ẹ!",menyo20k,6
Keep àwọn ohun ìkunjú yẹn dáadáa,menyo20k,6
Mo ri pé ò ń fọwọ́ kàn mí,menyo20k,8
"Kò sí nǹkan, mò ń fọwọ́ gbà ẹ lẹ́yìn kí ó lè sùn",menyo20k,13
Fẹ́mi kí ló ṣẹlẹ̀ báyìí?,menyo20k,5
Kílódé tí ò ṣe ń fi ọwọ́ pamí lára báyìí,menyo20k,10
Ó yẹ kí ó ti yé ìwọ náà látẹ̀ẹ̀kan now,menyo20k,10
Kí ni ó ń yé mi?,menyo20k,6
Jẹ́ á ṣe kiní yìí,menyo20k,5
( Ń sín in jẹ),menyo20k,5
Báwo ló ṣe máa rẹ̀ ẹ́,menyo20k,6
Ṣebí èmi ni mo ṣe gbogbo iṣẹ́ ilé yìí lèní,menyo20k,10
Ṣé o ò gbọ́ràn ni?,menyo20k,5
Má fi ọwọ́ kàn mí!,menyo20k,5
Mo gbọ́ ohùn Junior ni mo ṣe ní kí n yọjú si ẹ,menyo20k,13
Bó ṣe ń sunkún látàárọ̀ náà nìyẹn,menyo20k,7
Mò ti ń gbìyànjú láti rẹ̀ ẹ́ lẹ́kun ṣùgbọ́n kò gbọ́,menyo20k,11
Kí ni daddy ṣe fún ẹ?,menyo20k,6
Ara ẹ̀ ń gbóná gan,menyo20k,5
Ṣé kí a gbé e lọ sí hospital ni?,menyo20k,9
Kò tí ì le tó yẹn,menyo20k,6
Mike! Ọlọ́run ṣeun Mike ti dé,menyo20k,6
"Mi ò mọ̀, láti àárọ̀ ló ti ń sunkún",menyo20k,9
Àti àárọ̀ àná ló ti jáde,menyo20k,6
Ṣé ẹ ti gbìyànjú láti fún ún lóúnjẹ?,menyo20k,8
"Kò gba nǹkankan, ó kọ̀ láti jẹun",menyo20k,7
Ṣé kí a lọ sí ilé ìwòsàn,menyo20k,7
"Nọ́ọ̀sì ni mí, ibà lásán ni mo rò pé ó jẹ́",menyo20k,11
Kìí ṣe nǹkan tí ó le jù,menyo20k,7
Kí ni kí á ṣe báyìí?,menyo20k,6
Èyí tí wọn ṣe fún ọmọdé ni mò ń sọ,menyo20k,10
Mi ò mọ̀ nípa ìyẹn,menyo20k,5
O yẹ kí ó wà,menyo20k,5
Ẹ yẹ oògùn rẹ̀ wò,menyo20k,5
John? Báwo ló ṣe wá mi rí lórí Fesibúùkù?,menyo20k,9
"Ó dáa, jẹ́ kí á gbọ́ ohun tí ó ní láti sọ",menyo20k,12
Ṣé kí n bá ẹ fọ tìẹ náà?,menyo20k,8
Ṣáá ṣe ohun tí o bá wù ẹ́?,menyo20k,8
Ṣé ò ń ṣe nǹkan lórí ẹ̀rọ ìbánisọ̀rọ̀,menyo20k,8
"Bẹ́ẹ̀ ni, o dẹ̀ ti ń ni mí lára báyìí",menyo20k,10
Ta ni ò ń bá sọ̀rọ̀,menyo20k,6
Pẹ̀lẹ́! Mo ti gbàgbé pè o ní kí n má máa bèèrè mọ́,menyo20k,13
Mà á kàn lọ ṣe….,menyo20k,5
Mo rí píǹkì yẹn náà,menyo20k,5
Kílódé tí ó ṣe ń hùwà bí i òmùgọ̀,menyo20k,9
"Mo wà lórí aago, ṣé kò rí i ni?",menyo20k,9
"Sọ fún mi, Ìwọ lo ni ilé yẹn?",menyo20k,8
"Bẹ́ẹ̀ ni, èmi ni mo ni ilé yẹn àti àwọn mìíràn lẹ́yìn odi ìlú",menyo20k,14
"Ṣùgbọ́n nígbà tí a wà ní ilé-ẹ̀kọ́ gíga, o ò rí ṣe",menyo20k,12
Báwo ni o ṣe wá ní gbogbo owó yìí?,menyo20k,9
"Iṣẹ́ takuntakun lérè, o mọ̀ pé mo mú iṣẹ́ ní ọ̀kúnkúndùn. O mọ̀ béè",menyo20k,14
"Òótọ́ ni, iṣẹ́ takuntakun lérè, o mọ̀",menyo20k,7
"Ó dáa bẹ́ẹ̀, inú mi dùn láti rí ẹ ní ẹ̀ẹ̀kan sí i.",menyo20k,13
"Ìfẹ́, má bínu pé mo dá ẹ dúró",menyo20k,8
Ẹ̀rọ ìbánisòrọ̀ rẹ tí ń dùn,menyo20k,6
Fẹ́mi! Mi ò mọ ìdí tí ó fi ń pè mí,menyo20k,11
Mo sọ fún un pé mi ò ní wálé fún ọ̀sẹ̀ kan,menyo20k,12
Ìdí rè é tí mo ṣe fi ọkọ̀ mi sílẹ̀ pẹ̀lú rẹ̀,menyo20k,12
"Tí ó bá sú u, á yéé pè",menyo20k,8
Ṣé èyín ni ọ̀gbẹ́ni Fẹ́mi Mobọ́lọ́rùndúró?,menyo20k,6
"Ṣùgbọ́n, mí ò rò pé mo ti rí ojú yìí rí",menyo20k,11
"Bẹ́ẹ̀ ni, èmi ni Ọ̀tẹlẹ̀múyẹ́ Bọ̀sun láti ẹ̀ka ìṣèwádìí ọ̀ràn ní ìpínlẹ̀",menyo20k,12
Ẹ jọ̀wọ́ kí ni mo lè ṣe fún yín?,menyo20k,9
Sà Ẹ ko nílò láti sọ nǹkankan,menyo20k,7
Ohunkóhun tí ẹ bá sọ la ó lò takò yín nílé ẹjọ́,menyo20k,12
Ẹ jọ̀wọ́ ọmọ mi ń sùn nínú ilé,menyo20k,8
Mò ń rò ó pé tí ẹ bá lè fún mi ní àdírẹ̀si,menyo20k,13
Màá wá bá a yín níbẹ̀,menyo20k,6
"Ẹ má bínú, ẹ ní láti pe ẹlòmíràn láti bá yín mójú tó o",menyo20k,14
Ẹ máa nílò láti tẹ̀lẹ́ wa báyìí,menyo20k,7
Ǹjẹ́ ẹ ti ṣetán láti jẹ́wọ́?,menyo20k,6
Ǹjẹ́ ẹ ṣẹtán àbí nǹkan kan náà lẹ tún fẹ́ sọ?,menyo20k,11
Mi ò mọ ohun tí ẹ fẹ́ kí n sọ,menyo20k,10
"Lọ́jọ́ náà, mo wà nílé pẹ̀lú ọmọ mi",menyo20k,8
Àwọn ọlọ́pàá yìí wá mú mi láìṣe àlàyé ohunkóhun fún mi,menyo20k,11
Ìbéèrè kan náà ni wọ́n ti ń bi mí láti ìgbà náà,menyo20k,12
Iṣẹ́ mi ni láti máa bèèrè títí tí ẹ ó fi jẹ́wọ́,menyo20k,12
Ẹ ò mọ inú irú wàhálà tí ẹ wà,menyo20k,9
Ẹ fọwọ́ sowọ́pọ̀ pẹ̀lú mi,menyo20k,5
bóyá mo máa lè ràn ẹ́ lọ́wọ́,menyo20k,7
"Ọlọ́run ṣàánu mi, kí ni gbogbo eléyìí báyìí?",menyo20k,8
Wọ́n pè mí láti police station,menyo20k,6
Wọ́n ní Fẹ́mi wà lọ́dọ̀ wọn,menyo20k,6
Ibẹ̀ lèmi náà ń lọ báyìí,menyo20k,6
Ibẹ̀ lèmi náà ń sáré lọ,menyo20k,6
Ọlọ́run nìkan ló mọ irú nǹkan wo leléyìí,menyo20k,8
Mi ò mọ ohun tí eléyìí jẹ́,menyo20k,7
Kí ni ó lè fa irú nǹkan tó ṣẹlẹ̀ yìí,menyo20k,10
O ò dẹ̀ wá jókòó,menyo20k,5
"Bola, mi ò lè jókòó",menyo20k,5
Ẹ̀rù ti ń bà mí láti lọ sílé,menyo20k,8
"Ọlọ́run ṣe é, Junior wà lọ́dọ̀ ará ilé wa.",menyo20k,9
Kí ni nǹkan tí ó ń dà ẹ́ láàmú gan?,menyo20k,10
"Bọ́lá, èmi ni mo wa ọkọ̀ yẹn kẹ́yìn",menyo20k,8
Kí ni ò ń gbìyànjú láti sọ?,menyo20k,7
Kí ni ò ń sọ?,menyo20k,5
Mo gbé ọkọ̀ náà lọ sí ilé ọ̀rẹ́kùnrin mi,menyo20k,9
"Nísìnyí, gbogbo èèyàn máa mọ̀ pé mò ń yan ọkọ mi jẹ",menyo20k,12
"Bọ́lá, kílódé tí o ò sọ nǹkankan?",menyo20k,7
Ṣé ìdí tí o ò ṣe fi tó ọlọ́pàá létí nìyẹn?,menyo20k,11
Kí ni o fẹ́ ṣe?,menyo20k,5
"O ní láti pe agbẹjọ́rò, ṣé ẹ ní agbẹjọ́rò?",menyo20k,9
Ẹ ní ẹ fẹ́ rí mi,menyo20k,6
Ẹ kàn tì mí mọ́lé láìnídìí,menyo20k,6
O pa mí lẹ́rìn ín! Ṣé ò ń béèrè ìdí lọ́wọ́ mi?,menyo20k,12
"Ọ̀daràn ni ẹ́, ìdí nìyẹn",menyo20k,5
Jẹ́ kí n sọ fún ẹ,menyo20k,6
Ibi ni ẹ máa wà títí di àsìkò ìgbẹ́jọ́,menyo20k,9
"Eléyìí ò dáa, ẹ ṣàánú mi",menyo20k,6
Ọkọ̀ tí à ń sọ̀rọ̀ ẹ̀ yìí kò ń ṣe tèmi gan,menyo20k,12
Kí ni o fẹ́ kí n sọ?,menyo20k,7
"Mo nílò ọkọ̀, mo sì ra'kan",menyo20k,6
O mọ̀ pé mo nífẹ̀ẹ́ ẹ,menyo20k,6
Báwo ni mo ṣe máa bínú,menyo20k,6
Nítorí pé o ra ọkọ̀,menyo20k,5
Mo ṣe ìlérí láti gbe wálé,menyo20k,6
"Ìyàwó mi, níbo lo ti rí irú owó yẹn",menyo20k,9
Mi ò rántí pé a gba irú owó yẹn wọlé,menyo20k,10
Ọkọ yín ní ẹ̀yin lẹ ni ọkọ̀,menyo20k,7
"Bẹ́ẹ̀ ni, ọkọ̀ mi ni",menyo20k,5
Ṣùgbọ́n ọwọ́ ọkọ mi ni ó máa ń wà,menyo20k,9
"Kódà, mo máa ń tọrọ àyè nígbà tí mo bá fẹ́ lò ó",menyo20k,13
Ṣé ìyẹn ti sọ ọkọ mi di apààyàn?,menyo20k,8
Kò sọ èmi náà di apààyàn,menyo20k,6
"Ẹ mọ nǹkan, dàrúdàpọ̀ kan ti wà níbìkan",menyo20k,8
Kíni? Inú ọkọ̀ yín ni wọ́n ti bá ẹ̀rí,menyo20k,9
Ìṣekú pa èwo? Ní àsìkò wo?,menyo20k,6
"Ní ọjọ́ kẹ́rin oṣù ọ̀wẹwẹ̀, ìjẹ́ta yìí ni",menyo20k,8
Ẹ ní ó ti ṣe díẹ̀ tí ẹ ò ti sí nílé,menyo20k,12
Níbo ni ẹ wá wà?,menyo20k,5
Mo fẹ́ máa lọ sílé tí òfin ò bá tí ì gbé mi,menyo20k,13
"Tí òfin bá sì ti gbé mi, mo fẹ́ bá agbẹjọ́rò mi sọ̀rọ̀",menyo20k,13
"Yàtọ̀ sí èyí, kì í ṣe ọmọ orílẹ̀-èdè Nàìjíríà lásán",menyo20k,10
"Ọmọ kọmíṣọ́nà ni, ó dá mi lójú...",menyo20k,7
Ẹ ò ní mú èyí jẹ,menyo20k,6
Ẹ jẹ́ kí a máa wò ó,menyo20k,7
Wá! Jẹ́ kí n fi nǹkan hàn ẹ́,menyo20k,8
Ọlọ́run mi ò! O ṣé gan,menyo20k,6
"Ṣùgbọ́n John, báwo ni mo ṣẹ̀ fẹ́ ṣàlàyé eléyìí fún ọkọ mi",menyo20k,12
"Kò le rárá, kí ló dé tí ò ń ṣe bí àsè",menyo20k,12
Ṣe ìwé ọkọ̀ náà ni orúkọ rẹ̀ kí o sì lo ìdánimọ̀ tìrẹ,menyo20k,13
"Báyẹn, o ò nílò láti dààmú nípa...",menyo20k,7
Ó jọ pé àbá yẹn dára,menyo20k,6
"Dúró, níbo lò ń lọ?",menyo20k,5
"Esther, ṣé o máa fẹ́ mi?",menyo20k,6
"John, o ní láti farabalẹ̀ gidi",menyo20k,6
Ṣé o máa fẹ́ mi?,menyo20k,5
Mo ṣì wà nílé ọkọ,menyo20k,5
"Ṣùgbọ́n tẹ́tí, láti ilé-ẹ̀kọ́ gíga ni a jọ ní nǹkan pọ̀",menyo20k,11
Ó ń ní láti jẹ́ èrò Ọlọ́run nísinsìnyí,menyo20k,8
"O mọ nǹkan, má bínú mi ò lè ṣe bẹ́ẹ̀",menyo20k,10
"Mo wà pẹ̀lú ẹ̀, John ni mò ń sọ",menyo20k,9
Ṣùgbọ́n mo fẹ́ kí èyí wà láàárín èmi pẹ̀lú yín,menyo20k,10
"Mi ò fẹ́ kí ọkọ mi mọ̀, kì í ṣe lọ́nà yìí",menyo20k,12
Ọkùnrin tí à ń sọ̀rọ̀ nípa ẹ̀ ni ẹlẹ́rìí yín?,menyo20k,10
Ṣé ó máa ń lo ọkọ̀ yín?,menyo20k,7
"Rárá, ẹ gbà mí gbọ́.",menyo20k,5
Nítorí ó ní ọ̀pọ̀lọpọ̀ ọkọ̀,menyo20k,5
"Ọ̀gbẹ́ni Fẹ́mi, ẹ̀yin àti ìyàwó yín nìkan ni ẹ máa ń lo ọkọ̀ yìí",menyo20k,14
Àyè ò gbà mí láti máa bá a yín sọ ìyẹn,menyo20k,11
Ṣùgbọ́n ìyẹn ò túmọ̀ sí pé èmi ni mo dá ọ̀ràn náà,menyo20k,12
Ẹ jọ̀wọ́ ṣé mo lè bá ìyàwó mi sọ̀rọ̀?,menyo20k,9
Rárá ẹ ò lè bá a sọ̀rọ̀,menyo20k,7
"Ọ̀gbẹ́ni Mike, ẹ ní ẹ fẹ́ rí wọn, ẹ ti wà níbí",menyo20k,12
Kò yẹ kí ẹ wà níbí,menyo20k,6
Ẹ máa sọ ohunkóhun tí ẹ bá fẹ́ sọ lójú mi,menyo20k,11
"Fẹ́mi, kí ló dé tí o kọ̀ láti bá wọn sọ̀rọ̀?",menyo20k,11
Kọ̀ láti bá wọn sọ̀rọ̀? Ṣùgbọ́n mò ń bá yín sọ̀rọ̀,menyo20k,11
Kí ló dé tí o ò ṣe sọ nǹkan tí a rí fún wọn?,menyo20k,14
"Ṣebí a jọ wà papọ̀ ní ọjọ́ yẹn ni, àbí bẹ́ẹ̀ kọ́?",menyo20k,12
Àbí ò ń sọ̀rọ̀ nípa bí a ṣe wa ọkọ̀ kiri ìlú,menyo20k,12
Mi ò kí ń ṣe ọ̀daràn,menyo20k,6
Ọkùnrin yìí fẹ́ kó ara rẹ̀ sí wàhálà,menyo20k,8
"Mi ò mọ̀, wọ́n sọ fún mi pé wọ́n mú un fún ẹ̀sùn ìpànìyàn",menyo20k,14
Ó dàbí pé wọ́n rí nǹkankan,menyo20k,6
"Nígbà tí wọ́n wá, wọ́n ń yẹ ẹ̀yìn ọkọ̀ rẹ̀ wò",menyo20k,11
Wọ́n ń yẹ ẹ̀yìn ọkọ̀ rẹ̀ wò,menyo20k,7
"Ṣùgbọ́n ìyàwó rẹ̀ ló ni ọkọ̀, kì í ṣe tirẹ̀",menyo20k,10
"Ọmọlọ́mọ, mo lérò pé kò tí ì kó ara rẹ̀ sí wàhálà",menyo20k,12
Ṣé ìwọ náà mọ̀ ọ́n dáadáa?,menyo20k,6
"Bẹ́ẹ̀ ni, mo mọ àmì àìsàn rẹ̀ náà",menyo20k,8
Ó ní í ṣe pẹ̀lú ọpọlọ,menyo20k,6
Ọpọlọ? Àmì àìsàn wo ni ò ń sọ̀rọ̀ nípa rẹ̀?,menyo20k,10
Wọ́n máa ń pè ní developmental disorder,menyo20k,7
Dúró! Ṣé ẹ̀ ń gbìyànjú láti sọ pé ẹ kò mọ̀ nípa rẹ̀?,menyo20k,13
Báwo ni ìwọ ṣe mọ gbogbo eléyìí?,menyo20k,7
Báwo ni o ṣe mọ gbogbo ohun tí ò ń sọ yìí?,menyo20k,12
"Nọ́ọ̀sì ni mí, a sì jọ ń gbé ni",menyo20k,9
Mo mọ bí ó ṣe máa ń lọ́ra sí,menyo20k,9
Ó máa ń lọ́ra gan an,menyo20k,6
Ó ti lọ́ra jù pàápàá,menyo20k,5
"Mo lérò pé ó máa wà ní àlàáfíà, ó ṣe é tọ́jú",menyo20k,12
"Àìsàn ni, àìsàn ajẹmọ́pọlọ ni",menyo20k,5
Ó da! Ṣùgbọ́n ó ṣì nílò láti sọ̀rọ̀,menyo20k,8
Fẹ́mi ẹ̀wọ̀n tí kò kàn ẹ́ lò ń dojúkọ yìí,menyo20k,10
Ṣé o mọ pé o máa pàdánù ọmọ ẹ?,menyo20k,9
Ṣùgbọ́n mi ò mọ nǹkan tí ẹ̀ ń sọ,menyo20k,9
"Mi ò kí ń ṣe apààyàn, mi ò pa ẹnikẹ́ni",menyo20k,10
Mi ò tiẹ̀ mọ ojú ẹni tí wọ́n pa,menyo20k,9
Mi ò mọ̀ nǹkan tí ó ń ṣẹlẹ̀ níbí,menyo20k,9
O ò ṣe bẹ̀rẹ̀ pẹ̀lú ohun tí a rí,menyo20k,9
Ìyẹn á ṣì gbà ẹ́ lọ́wọ́ ìgbẹ́jọ́ tí ó lè mú ẹ dèrò ẹ̀wọ̀n,menyo20k,14
Ìgbà wo ni ó kúrò,menyo20k,5
Kò tí ì pẹ́ púpọ̀,menyo20k,5
"Fẹ́mi, o ò kí ń ṣe Ọ̀dẹ̀, o dẹ̀ ń hùwà bí ọ̀dẹ̀",menyo20k,13
"À ń sọ̀rọ̀ ni, mi ò rántí mọ́",menyo20k,8
Ẹ̀rù nǹkan tí ó máa ṣe tí ó bá mọ̀ ń bà mí,menyo20k,13
Á tí tó ìṣẹ́jú mélòó tí ó ti lọ?,menyo20k,9
"Mike, à ń fi àkókò ṣòfò, ṣíná sí ọkọ̀ ká lọ",menyo20k,11
"A ṣì lè rí i, ọ̀nà kan ṣoṣo náà ni àbájáde ibi ìtẹ̀dó yìí",menyo20k,14
Ọmọbìnrin yìí ò ní ìtìjú,menyo20k,5
"Ọ̀gbẹ́ni fara balẹ̀, ìyàwó mi ni ẹni tí à ń sọ yìí",menyo20k,12
"Síbẹ̀ náà, a ò sì tí ì rí nǹkankan náà",menyo20k,10
"Mike, jẹ́ kí a padà sílé",menyo20k,6
"Farabalẹ̀, a ṣẹ̀ṣẹ̀ dé ibi ni",menyo20k,6
A ò lè dá ẹjọ́ kankan nígbà tí a ṣẹ̀ṣẹ̀ dé,menyo20k,11
Ṣé o rí nǹkan tí mo rí ni?,menyo20k,8
O ò mọ ìlàjì nǹkan tí mo rí,menyo20k,8
Mo dẹ̀ ń wo bí ọkùnrin míìn ṣe ń fi ọyàn ìyàwó rẹ ṣeré,menyo20k,14
"Mike, wò ó mo béèrè lọ́wọ́ ẹ̀, ó dẹ̀ ní irọ́ ni",menyo20k,12
Ó lè nà mí fún nǹkan tí mò ń ṣe lọ́wọ́lọ́wọ́ yìí,menyo20k,12
Pé mo tún ń bá ẹ sọ̀rọ̀,menyo20k,7
Fẹ́mi kí ló ń ṣẹlẹ̀?,menyo20k,5
"O ò kí ń ṣe Ọ̀dẹ̀, o dẹ̀ ń hùwà ọ̀dẹ̀",menyo20k,11
"Mo sọ nǹkan fún ẹ, o sì lọ sọ fún ìyàwó ẹ",menyo20k,12
"Bí ó bá bi mí, mà á sọ fún un",menyo20k,10
"Dúró, ó dàbí pé ẹnìkan ti ń jáde bọ̀",menyo20k,9
Ṣé o ti rí nǹkan tí mò ń sọ,menyo20k,9
Ìyàwó ọjọ́ iwájú mi ni,menyo20k,5
"Sùn, asiko oorun ẹ ti kọjá",menyo20k,6
Ṣé o ti ń sùn,menyo20k,5
"Ní sùúrù Fẹ́mi, kí ni ìṣòro ẹ?",menyo20k,7
Ò ń pè mí títítí,menyo20k,5
Ṣé o fẹ́ pa bátìrì fóònù fún mi ni?,menyo20k,9
Ó ń ṣiṣẹ́ náà ni,menyo20k,5
Mo rí bí o ṣe ń ṣiṣẹ́,menyo20k,7
Ṣé èmi lò ń bá wí?,menyo20k,6
"Kò yé mi, kí ni ìtumọ̀ ìyẹn?",menyo20k,7
Mo fura sí ẹ mo sì tẹ̀lé ẹ nínú ọkọ̀ Mike,menyo20k,11
O ní láti sọ fún ọ̀rẹ́ ẹ yẹn pé kí ó ṣọ́ igbá ẹ̀,menyo20k,14
Kí ó yé dá sí ọ̀rọ̀ mi,menyo20k,7
"Jọ̀ọ́, ilé ta ni o wà yẹn ná?",menyo20k,8
Tí mo bá gbọ́ ọ̀rọ̀ yìí lẹ́nu ẹlòmíì,menyo20k,8
"Mo máa pa ẹ́, mo dẹ̀ máa fi ẹ́ sílẹ̀",menyo20k,10
Ṣé o gbọ́ mi? Ọ̀dẹ̀,menyo20k,5
"Ìwọ náà, ó ti to",menyo20k,5
ìbéèrè òṣì wo lò ń bi mí yẹn?,menyo20k,8
Mò ń lọ sí ọ̀dọ̀ ọ̀rẹ́ mi ibẹ̀ ni mo ti máa ṣe òpin ọ̀sẹ̀,menyo20k,15
"Àmọ́, o ṣẹ̀ṣẹ̀ dé ni?",menyo20k,5
Ṣé o kò ní lo àsìkò pẹ̀lú ìdílé ẹ ni?,menyo20k,10
Ta ni ọ̀rẹ́ ẹ yìí?,menyo20k,5
Mi ò tiẹ̀ mọ ọ̀rẹ́ ẹ,menyo20k,6
Ọlọ́run ṣeun pé ẹ wà níbí,menyo20k,6
Ó ṣe wá jẹ́ ẹ̀yin lẹ pọ̀n ọ́n?,menyo20k,8
"Ìyá ẹ wá nísìn, ó tún ti lọ",menyo20k,8
Ìwọ náà ò dẹ̀ sùn tí o dẹ̀ ranjú kalẹ̀,menyo20k,10
Ẹ má sọ̀rọ̀ sí i bẹ́yẹn,menyo20k,6
"Ẹ fí í lẹ̀, ó máa sùn",menyo20k,7
Mo rò pé ó lọ sí ọ̀dọ̀ ọmọkùnrin yìí,menyo20k,9
Jẹ́ kí n sọ nǹkan fún ẹ,menyo20k,7
"Ará yìí, mo féràn ẹ̀",menyo20k,5
Irú ọkùnrin bí i tèmi lo nílò,menyo20k,7
Ó dá mi lójú gan,menyo20k,5
Ṣé o mọ orúkọ mi?,menyo20k,5
O ò mọ orúkọ mi?,menyo20k,5
"Má ṣèyọnu, màá sọ fún ẹ tó bá yá",menyo20k,9
"Ẹ ǹlẹ́, ṣé ẹ̀yin ni ọ̀gbẹ́ni John",menyo20k,7
"Ẹ jọ̀wọ́ ẹ fèsì, ṣé ẹ̀yin ni ọ̀gbẹ́ni John",menyo20k,9
Kí ni eléyìí dá lé?,menyo20k,5
"Ẹ̀ ń fi àkókò mi ṣòfò, ẹ rí i pé mo wà pẹ̀lú obìnrin",menyo20k,14
Ẹ má hu ìwà àìlọ́wọ̀,menyo20k,5
"Gẹ́gẹ́ bí ẹ ṣe rí i, ọlọ́pàá ni wá",menyo20k,9
Ẹ jẹ́ kí n wo ìdánimọ̀ yín,menyo20k,7
Èmi ni ọ̀tẹlẹ̀múyẹ́ Bosun láti ẹ̀ka ìṣèwádìí ọ̀ràn ní ìpínlè,menyo20k,10
Èmi sì ni ọ̀tẹlẹ̀múyẹ́ Charles Okafor,menyo20k,6
Tí wọ́n bá dé àgọ́,menyo20k,5
Wọ́n máa mọ ohun tí wọn ṣe,menyo20k,7
"Ọmọ ẹ̀lẹ̀, fún mi ní ìṣẹ́jú kan",menyo20k,7
Ṣé kí n tẹ̀lé yín,menyo20k,5
"Ẹ jọ̀wọ́, ẹ já lọ",menyo20k,5
A ti mọra láti ilé-ẹ̀kọ́ gíga,menyo20k,6
Owó ilé mi ni mo lọ gbà,menyo20k,7
"Mo bá ìyá ọkọ ẹ, mo dẹ̀ rí i níbẹ̀",menyo20k,10
A bẹ̀rẹ̀ sí í sọ̀rọ̀,menyo20k,5
Ìfẹ́ ṣé o wà nílé,menyo20k,5
"Mo mọ̀ pé o wà nínú ilé, ṣí ilẹ̀kùn",menyo20k,9
"Kí ló mú ẹ pẹ́, mo ti ń kan ilẹ̀kùn tipẹ́",menyo20k,11
Mò ń ṣe eré ìdárayá lókè ni,menyo20k,7
O mọ bí àwọn nǹkan yìí ṣe máa ń rí,menyo20k,10
Ó dá ẹ lójú pé kò sí ẹnì kankan nínú ilé yìí,menyo20k,12
Mo kàn lọ fún ìṣẹ́jú díẹ̀ ni,menyo20k,7
Mo lọ mú aṣọ tuntun,menyo20k,5
"Ọ̀tẹlẹ̀múyẹ́, mi ò mọ nǹkan tí mo lè ṣe ni",menyo20k,10
"Ílùkìkì ọkàn-àyà rẹ dákẹ́, kò sì mí mọ́",menyo20k,8
Mi ò mọ nǹkan tí mo máa ṣe ni,menyo20k,9
"Esther wá, a dẹ̀ jọ gùnkè",menyo20k,6
"Nígbà tó wà lókè, mo lọ gbé òkú náà sínú ọkọ̀ rẹ̀",menyo20k,12
Ó rú mi lójú ni,menyo20k,5
Kí ni mi ò bá ṣe?,menyo20k,6
Kí ló dé tí o ò wọ aṣọ iṣẹ́,menyo20k,9
Ṣùgbọ́n àwọn sọ pé ẹ ní kí àwọn wá rí yín,menyo20k,11
Mo wá ní kí n tẹ̀lé wọn,menyo20k,7
"Má bínú, mo ti gbàgbé",menyo20k,5
Ẹ gbà mí láyè láti lo ìpèdè ìṣègùn,menyo20k,8
ADHD jẹ́ àìsàn àìpé ọpọlọ,menyo20k,5
Kò ní nǹkankan ṣe pẹ̀lú ọgbọ́n orí,menyo20k,7
Ṣùgbọ́n a máa fún yín ní àyẹ̀wò ẹ̀kúnrẹ́rẹ́,menyo20k,8
Lẹ́yìn náà a máa ṣe àgbéyẹ̀wò ìlera yín láti ìgbà pípẹ́,menyo20k,11
Tí a bá ti lè ṣe èyí,menyo20k,7
Ṣé ọkàn yín kò balẹ̀ ni?,menyo20k,6
"Rárá, nítorí pé ẹ sọ nǹkan tí ó jọ wí pé mo ti yí lórí",menyo20k,15
Nǹkankan ò dẹ̀ ṣe mí,menyo20k,5
"Rárá, ipò àìlera kan ni, àlàáfíà máa tó ẹ",menyo20k,9
Mi ò sọ̀rọ̀ nípa ìyílórí níbí,menyo20k,6
"Bí mo ṣe ń sọ lọ, kò gba ibì kankan dà yín láàmú",menyo20k,13
"Gẹ́gẹ́ bí mo ṣe gbọ́, Òǹkọ̀wé ni yín. Ìyẹn túmọ̀ sí pé àlàáfíà lẹ wà",menyo20k,15
Àwọn nǹkan tó kàn so mọ ni wí pé,menyo20k,9
"Olúwa ṣeun, ẹ ní òun, a máa lè ṣe àwọn ohun kan",menyo20k,12
Ìgbà tó sùn náà ni mo ráyè tèmi,menyo20k,8
Mo ṣáà rí i pé mi ò gbọ́ ariwo ẹ̀,menyo20k,10
Ṣé kò ṣáà disturb yín ṣá?,menyo20k,6
Ó tiẹ̀ ṣe jẹ́jẹ́ lẹ́nu ọjọ́ mẹ́ta yìí,menyo20k,8
Fẹ́mi ṣé o ti rí èyí?,menyo20k,6
"Ìròyìn ti gbé e, wọ́n ti dájọ́ fún un",menyo20k,9
"Bẹ́ẹ̀ ni, ṣé ọkùnrin tí ìyàwó ẹ̀ tẹ́lẹ̀ rí ń bá sùn rè é?",menyo20k,14
"Rárá, Ọkọ mi tẹ́lẹ̀ rí ni, èyí tí mo sọ fún ẹ nípa ẹ̀",menyo20k,14
Èyí tí ó ń ṣe ìranu pẹ̀lú bí kò ṣe sówó lọ́wọ́ ẹ̀?,menyo20k,13
Tí ó jẹ́ pé ìwọ ni ò ń bọ́ ọ,menyo20k,10
"Owó ò sá fẹ́rẹ́ lọ́wọ́ ọkùnrin yẹn, ó ní owó lọ́wọ́",menyo20k,11
"Bẹ́ẹ̀ ni, mo rántí pé o ní òun ló ra ọkọ̀ yẹn fún un",menyo20k,14
Olúwa ṣeun pé mo ní ìwọ nísìnyí,menyo20k,7
"Mo ti sọ fún ẹ, jẹ́ ká fi sùúrù ṣe èyí",menyo20k,11
Ká fi sùúrù ṣe é? Báyìí àbí?,menyo20k,7
--- Nàíjíríà yóò gba ikọ̀ ọmọ ogun tuntun.,menyo20k,8
Ọ̀jọ̀gbọ́n Òsínbàjò tún ní; “ À ń sa ipá wa lórí ètò ààbò.,menyo20k,13
--- A ò ní fowó kún ọkọ̀ ojú irin nítorí àwọn mẹ̀kúnù- Rotimi Amaechi.,menyo20k,14
Wọn kò tí ì rí ẹrù wọn gbà láti èbúté ọkọ̀ ojú omi.,menyo20k,13
--- Orílẹ̀ èdè Amerika àti Nàíjíríà yóò tọwọ́bọ ìwé àdéhùn láti da $321m padà.,menyo20k,14
--- Ìjàḿbà iná ní ọjà Balogun nílùú Eko.,menyo20k,8
"Ìjàḿbà iná ń sẹlẹ lọ́wọ́-lọ́wọ́ ní ọjà Balogun nílùú Eko báyìí,.",menyo20k,11
--- Àwọn agbébọ́n pa ènìyàn mẹ́tàlá ní ìpínlẹ̀ Plateau.,menyo20k,9
Ààrẹ Buhari wá bá àwọn ẹbí àti ìjọba ìpínlẹ̀ Plateau kẹ́dùn lórí ìsẹ̀lẹ̀ burúkú ọ̀hún.,menyo20k,15
--- Nàíjíríà àti Netherland yóò fọwọ́sowọ́pọ̀ lórí ètọ ẹ̀kọ́.,menyo20k,9
"--- Ilé ìgbìmọ̀ asòfin yóò sàgbéyẹ̀wò ètò ààbò, òfin epo rọ̀bì àti ìdìbò.",menyo20k,13
--- Ìjọba ìpínlẹ̀ Cross River ń fẹ́ àtìlẹ́yìn fún ìbùdó omi òkun.,menyo20k,12
--- Ilé-isẹ́ ogun òfurufú ti dáná sun ibùdó ikọ̀ ọlọ̀tẹ̀ (ISWAP) ní ìpínlẹ̀ Borno.,menyo20k,14
--- Ìjọba àpapọ̀ kò nilò láti ya owó nílẹ̀ òkèèrè – SGF.,menyo20k,12
Ó wá kí alága àti ìgbìmọ̀ rẹ̀ kú orí –ire fún ipò tuntun wọn.,menyo20k,14
"--- Ààrẹ Buhari pàsẹ láti kọlu jàǹdùkú,ọ̀daràn àti olè lórí afẹ́fẹ́ ní ìpínlẹ̀ Niger.",menyo20k,14
"--- India yóò ran Nàíjíríà lọ́wọ́ nípa ètò ajé, okòòwò, ààbò,ẹ̀kọ́.",menyo20k,11
--- Àwọn àáfà gbàdúrà fún àlàáfíà orílẹ̀ èdè Nàíjíríà.,menyo20k,9
--- Nàíjíríà ti fẹnukò pẹ̀lú Marco láti dá àwọn ẹlẹ́wọ̀n padà sílé.,menyo20k,12
Ó wá rọ́ àwọn akọ̀ròyìn láti fọwọ́sowọ́pọ̀ pẹ̀lú àjọ náà kí wọn leè se àseyọrí.,menyo20k,15
--- Ilé -ẹjọ́ gíga da Simon Lalong láre gẹ́gẹ́ bi gómìnà ìpínlẹ̀ Plateau.,menyo20k,13
--- Ilé -ẹjọ́ gíga da Abdullahi Ganduje láre gẹ́gẹ́ bi gómìnà ìpínlẹ̀ Kano.,menyo20k,13
--- Ẹ jẹ́ onítara àti ọmọ orílẹ̀ èdè Nàíjíríà rere: Lai Mohammed.,menyo20k,12
--- Ìdàgbàsókè ti dé bá orílẹ̀ èdè Nàíjíríà láti bí ogún ọdún sẹ́yìn- Lawan.,menyo20k,14
--- Ìpínlẹ̀ Nasarawa ti ń jẹ̀gbádùn ètò ààbò tó péye – Abdullahi Sule.,menyo20k,13
--- Ààrẹ Buhari yan Kingsley Obiora gẹ́gẹ́ bi igbákejì gómìnà CBN.,menyo20k,11
--- Ìdásilẹ̀ Àmọ́tẹ́kùn lòdì sí òfin orílẹ̀-èdè Nàíjiríà ọdún 1999 – Malami.,menyo20k,12
"--- Ilé -ẹjọ́ gíga orílẹ̀ èdè Nàíjíríà yọ gómínà Imo, Emeka Ihedioha.",menyo20k,12
--- Ìdájọ́ ètò ìdìbò ìpínlẹ̀ Kano: Adájọ́ ilé-ẹjọ́ gíga subú lu àìsàn lójijì.,menyo20k,13
--- Ìrántí àwọn ológun: Osinbajo gbósùbà fún àwọn tó fẹ̀mí wọn lélẹ̀.,menyo20k,12
--- Ètò ìdájọ́ gómìnà ní ìpínlẹ̀ Sokoto: Ọlọ́pàá pèsè ààbò tó nípọn.,menyo20k,12
--- Àwọn àjòjì ló ń se fàyàwọ́ wọnú orílẹ̀ èdè Nàíjíríà: Emir ti Yashkira.,menyo20k,14
--- Gómìnà Nasiru El-Rufai ti ilé –ìtajà afẹ́fẹ́ gáàsì pa..,menyo20k,10
--- Kwara da mílííọ̀nù mọ́kànlélógún naira padà fún àwọn arìnrìnàjò Hajj.,menyo20k,11
--- Gómìnà ìpínlẹ̀ Ọ̀yọ́ sèfilọ́lẹ̀ ọjọ́ ìrántí àwọn ológun pẹ̀lú mílíọ̀nù Mẹ́ta naira.,menyo20k,13
--- A ó mójútó ètò ààbò àti àlàáfíà nílẹ̀ Afrika: Buhari.,menyo20k,11
-- Orílẹ̀ èdè Nàíjíríà yóò ti di ògbóntarìgì nípa ẹ̀rọ ìgbàlódé láàrin ọdún mẹ́wàá.,menyo20k,14
--- Pa Adama Aduku di olóògbé.,menyo20k,6
--- Ọlọ́pàá mẹ́rìnléláàdọ́rin gba ìgbéga lẹ́nu isẹ́ ní ìpínlẹ̀ Kaduna.,menyo20k,10
--- Amina Mohammed gba àmì ẹ̀yẹ àgbáyé.,menyo20k,7
--- Ènìyàn mọ́kàndínlógún pàdánù ẹ̀mí wọn ní ìpínlẹ̀ Kogi.,menyo20k,9
--- Ẹ sàtìlẹ́yìn fún ìjọba Buhari: Abiola Ajimobi.,menyo20k,8
--- Mínísítà fún àwọn ọmọ ọgọ́fà tí wọ́n bí lọ́jọ́ ọdún tuntun lẹ́bùn.,menyo20k,13
"--- Ọdún 2020: Ààrẹ Buhari bá Nàíjíríà yọ̀, ṣàlàyé nípa àṣeyọrí rẹ̀.",menyo20k,12
isẹ́ ti lọ lójú pópó ti Àpápá-Òwòròǹshòkí.,menyo20k,7
“Wàhálà lórí ìná mọ̀nà-mọ́ná ti wà láti ìgbà ìwásẹ̀.,menyo20k,9
A ó túbọ̀ máa fọwọ́sowọ̀pọ́ pẹ̀lú ìjọba ìpínlẹ̀ àti ìbílẹ̀.,menyo20k,10
--- Ọdún 2020: Abẹnugan ilé ìgbìmọ̀ asòfin ni ọrọ̀ ajé Nàíjíríà yóò búrẹ́kẹ́ síi.,menyo20k,14
"Abẹnuga wá kí gbogbo ọmọ orílẹ̀ èdè Nàíjíríà nílé, lóko àti lájò kú ọdún tuntun.",menyo20k,15
"--- Ọdún tuntun: Abẹnugan ilé ìgbìmọ̀ asojú bá Nàíjíríà yọ̀, ó pè fún ẹ̀mí ìsọkan.",menyo20k,15
Kí Ọdún 2020 jẹ́ ọdún àseyọrí fún gbogbo ọmọ orílẹ̀ èdè Nàíjíríà.,menyo20k,12
--- Gómìnà ìpínlẹ̀ Benue bọwọ́lu àbádòfin ètò ìsúná ọdún 2020.,menyo20k,10
--- Gómìnà ìpínlẹ̀ Ọ̀sun bọwọ́lu àbádòfin ètò ìsúná ọdún 2020.,menyo20k,10
--- Ìjọba Nàíjíríà ti sanwó oúnjẹ àwọn ọmọ ilé –ìwé fún ọdún 2020.,menyo20k,13
--- Ààrẹ orílẹ̀ èdè Nàíjíríà ń se ìpàdé pẹ̀lú àwọn adarí àjọ elétò ààbò.,menyo20k,14
--- Ẹ jẹ́ ká wá ojú rere Ọlọ́run fún ìdàgbàsókè orílẹ̀ èdè Nàíjíríà: NYCN.,menyo20k,14
--- Ẹ pa ọlọ̀tẹ̀ àti àwọn alákatakítí ẹlẹ́sìn run lórílẹ̀ èdè Nàíjíríà: Tukur Buratai.,menyo20k,14
“Ẹ máa se fún wọn ní ìsinmi rárá.,menyo20k,8
--- Èmi ò ní yọ ẹnìkankan sílẹ̀ níbi ìsàkoso mi: Ahmed Lawan.,menyo20k,12
--- Gómìnà ìpínlẹ̀ Adamawa gbósùbà fún ilé-isẹ́ ológun fún ìpèsè àlàáfíà.,menyo20k,11
--- Gómìnà ìpínlẹ̀ Sokoto bọwọlu àbádòfin ètò ìsúná ọdún 2020.,menyo20k,10
--- Ẹ máa jẹ́ kí àwọn ọlọ̀tẹ̀ pín Nàíjíríà yẹ́lẹ-yẹ̀lẹ – Ààrẹ Buhari.,menyo20k,13
--- Nàíjíríà yan ìgbìmọ̀ alámójútó fún iná mọ̀nà-mọ́ná.,menyo20k,8
"Ọ̀jọ̀gbọ́n Abubakar Sani Sambo, ni alága ìgbìmọ̀ náà.",menyo20k,8
--- Ààrẹ Buhari bọwọ́lu ètò ìsúná ọdún 2020.,menyo20k,8
--- Ilé ìgbìmọ̀ asòfin yóò gbogun ti òsì àti ìsẹ́.,menyo20k,10
"--- Boris Johnson di adarí́ ìjọba orílẹ̀ èdè United Kingdom, UK.",menyo20k,11
--- Nàíjíríà yóò jáwọ́ láti máa ra epo rọ̀bì láti ilẹ̀ òkèèrè lọ́dun 2023.,menyo20k,14
Ètò náà ni wọ́n ní ìrètí pé yóò fòpin ṣí rira epo láti ilẹ̀ òkèèrè.,menyo20k,15
--- Ààrẹ Buhari padà sí Nàíjíríà lẹ́yìn ìpàdé àpérò àlàáfíà lórílẹ̀ èdè Egypt.,menyo20k,13
--- Ẹ jáwọ́ lórí ẹ̀sun Sowore: AGF Abubakar.,menyo20k,8
--- ilé -ẹjọ́ ní Magu le di alága àjọ EFCC.,menyo20k,10
"--- Láìsí káàdì ìdánimọ̀, kò sí àǹfààní láti jókòó fún ìdánwò ilé-ẹ̀kọ́ gíga-Jamb.",menyo20k,13
--- Abẹnugan ilé ìgbìmọ̀ asòfin ìpínlẹ̀ Taraba kọ̀wé fipò sílẹ̀.,menyo20k,10
--- Ẹ wá wọkọ̀ ojú-irin ọ̀fẹ́ láti Èkó lọ sí Ìbàdàn.,menyo20k,11
"Amaechi ní ọkọ̀ ojú irin ọ̀fẹ́ náà yóò parí ní osù kẹta ọdún, 2020.",menyo20k,14
--- Dino Melaye fìdìí rẹmi nínú ètò ìdìbò asòfin ní ìpínlẹ̀ Kogi.,menyo20k,12
--- ASUU le bẹ̀rẹ̀ ìyansẹ́nlódì láìpẹ́.,menyo20k,6
Tajudeen ní ìgbésẹ̀ tí ìjọba àpapọ̀ fẹ́ gbé yìí dára púpọ̀.,menyo20k,11
--- Ààrẹ Buhari bẹnu àtẹ lu wàhálà tó sẹlẹ̀ ní ìpínlẹ̀ Cross River.,menyo20k,13
“Ní báyìí ìpànìyàn àti ilé sísun ń lọ́wọ́ ní agbègbè Nsadop àti Boje.,menyo20k,13
"Bákan náà, ní a ó tíì mọ ohun tó fa ìsẹ̀lẹ̀ burúku yìí.",menyo20k,13
Orílẹ̀ èdè Nàíjíríà kò nífẹ̀ẹ́ sí ogun abẹ́lé.,menyo20k,8
--- Nàíjíríà bá orílẹ̀ èdè Kenya ati DR Congo kẹ́dùn ìjàm̀bá omíyalé.,menyo20k,12
--- Ààrẹ Buhari màá fímu àwọ́n tó pa Achejuh Abuh jófin,menyo20k,11
--- Ẹ se àtúnṣe si gbogbo àwọn ilé-ìwòsàn alábọ́dé lórílẹ̀ èdè yìí: Buhari.,menyo20k,13
--- Ilé ìgbìmọ̀ asòfin fẹnukò lórí àtúnse sí owó -orí sísan lórílẹ̀ èdè Nàíjíríà.,menyo20k,14
--- Mínísítà fún ìròyìn fẹ̀dùn ọkàn rẹ hàn lórí ikú olóògbé olóyè Alex Akinyele,menyo20k,14
Mínísítà wá gbàdúrà pé kí Ọlọ́run tẹ́ olóògbé náà sí afẹ́fẹ́ ire.,menyo20k,12
--- Nàíjíríà yóò yàá ọgọ́ta biliọnu dọla fún ìdàgbàsókè ohun amáyédẹrun láti ilẹ̀ Amẹrika.,menyo20k,14
--- Mobọ́lájí Johnson di olóògbé.,menyo20k,5
Olóògbé Mobólájí Johnson kó ipa pàtàkì fún ìdàgbàsókè ìlú Èkó àti lórílẹ̀ èdè Nàíjíríà lápapọ̀.,menyo20k,15
--- Ọgọ́rùn ún miliọnu ọmọ orílẹ̀ èdè Nàíjíríà ni yóò jẹ̀gbádùn ètò ìlera alábọ́dé.,menyo20k,14
--- E máse fààyè gba ìrẹ̀wẹ̀sì okàn- Ààre Buhari gba àwon omo orílè-èdè Nàíjíríà níyànjú.,menyo20k,15
--- Wón tẹ́ Olóògbé Augustina Okechukwu sáfẹ́fẹ́ rere nílùú Enugu.,menyo20k,10
--- Àjọ FIFA fòfin de adarí ìfẹsẹ̀wọnsẹ̀ bọ́ọ̀lù ọmọ orílẹ̀-èdè Kenya títí láí.,menyo20k,13
--- Pinnick jẹ́ yíyàn gẹ́gẹ́ bí igbákejì ààrẹ àjọ CAF,menyo20k,10
Ó tún jẹ́ ọ̀kan lára ọmọ ìgbìmọ̀ fún ìṣètò fún Ife ẹ̀yẹ àgbááyé FIFA.,menyo20k,14
"--- Quadri gba ipò ogún lágbàáyé, àkọ́kọ́ ní ilẹ̀ Adúláwọ̀.",menyo20k,10
--- Ẹ ṣé o! – Mikel dúpẹ́ lọ́wọ́ àwọn Ọlọ́pàá fún dídóòlà bàbá rẹ̀,menyo20k,14
Ó tún dúpẹ́ lówọ́ àwọn ọmọ orílẹ̀-èdè Nàìjííríà fún àdúrà àti àtìlẹyìn wọn.,menyo20k,13
"“Èmi àti àwọn ẹbí mi mọ rírì o,” ló fi parí ọ̀rọ̀ rẹ̀",menyo20k,13
--- Mohamed Salah to̩wó̩ bò̩wé tuntun pẹ̀lú Liverpool.,menyo20k,8
--- Fídíò: Russia fìdùnnú hàn lẹ́yìn tí wọ́n já Spain.,menyo20k,10
--- IHF yóò ṣèdánilẹ́kọ̀ọ́ fún àkọ́nimọ̀ọ́gbá bò̩ó̩lù-àfo̩wó̩gbá wa.,menyo20k,8
--- Ìdíje bọ́ọ̀lù àgbááyé: Belgium lu England.,menyo20k,7
Àmì-ayò kan ṣoṣo Adnan Januzaj ló mú ikò̩ Belgium je̩gàba lórí England ikò̩ G.,menyo20k,14
--- Àjọ NFF sàjọyọ̀ ayẹyẹ ọjọ́-ìbí pẹ̀lú Rohr àti Balogun.,menyo20k,10
"Wọ́n bí Rohr lọ́jọ́ kéjídínlọ́gbọ̀n oṣù kẹfà, ọdún 1953 ni Mannheim, Germany.",menyo20k,12
NFF sún ìbáṣiṣẹ́pọ̀ pẹ̀lú Rohr síwájú di ọdún 2020.,menyo20k,9
"Kú ayẹyẹ ọjọ́-ibi akó̩nimò̩ó̩gbá Super Eagles, Gernot Rohr.",menyo20k,8
"Wọ́n bí Balogun lọ́jọ́ kéjídínlọ́gbọ̀n oṣu ̀kẹfà, ọdún 1988 sílùu Berlin, lórílẹ̀-èdè Germany.",menyo20k,13
"--- Amúyangàn wá niyín - CAF, FIFA gbóríyìn fún Super Eagles.",menyo20k,11
Àwo̩n olós̩èlú kan ní Nàìjíríà fi so̩wó̩ lórí twitter láti yìn ikò̩ Nàìjíríà.,menyo20k,13
"Síbè̩, ènìyàn borí níwò̩n, kùnà níwò̩n.",menyo20k,6
"E̩ s̩o̩kàn o̩kùnrin, nítorí e̩ dàwò̩ko̩s̩e fún o̩gó̩sàn-án mílíò̩nù. E s̩eun”.",menyo20k,11
"""""""Aṣòfin Ben Murray Bruce ní: Iṣẹ́ ribiribi lẹ ṣe.""",menyo20k,9
Èsì ìfẹsẹ̀wọnsẹ̀ yìí kò yí ìfẹ́ yín lọ́kàn wa padà.,menyo20k,10
"A jo̩ borí papò̩, a jo̩ kùnà papò̩. E s̩e múyangàn.",menyo20k,11
--- Croatia yóò gbé àwọn ojúlówó agbábọ́ọ̀lù jókòó.,menyo20k,8
--- Saudi Arabia fàgbà han Egypt pẹ̀lú àmì-ayò méjì sóókan.,menyo20k,10
Egypt àti Saudi Arabia ló pàdánù ìfe̩sè̩wo̩nsè̩ méjì wo̩n àkó̩kó̩.,menyo20k,10
--- Ìdíje àgbááyé: Uruguay gbonwúro sójú Russia 3-0.,menyo20k,8
"Ikọ̀ agbábọ́ọ̀lù Russia s̩apá wọn láti dámì-ayò ọ̀hún padà, ṣùgbọ́n omi pọ̀ ju ọkà lọ.",menyo20k,15
"Uruguay lé téńté group A, pẹ̀lú àmì mẹ́sàn-án láì màwò̩n wo̩n.",menyo20k,11
"Wo̩n yóò kojú ikọ̀ tó bá tè̩lé adarí group B, tí Russia agbanilálejò kojú.",menyo20k,14
--- Ààrẹ Buhari kí ikọ̀ Super Eagles.,menyo20k,7
--- Dalung: Eagles yóò ṣe dáadáa nífẹsẹ̀wọnsẹ̀ wọn yòókù.,menyo20k,9
"Ó so̩yí ní pápákọ̀ òfurufú Nnamdi Azikiwe nílùú Àbújá, bí ó s̩e ti Germany dé.",menyo20k,15
--- Russia 2018: Japan fàgbà han Colombia.,menyo20k,7
"Ò̩kan lára àmì-ayò tí Japan gbáwọlé, ló wá látojú bọ́ọ̀lù agbésílẹ̀gbá́.",menyo20k,11
--- Super Eagles bẹ̀èrẹ̀ ìgbáradì ní kíkún fún ìfẹsẹ̀wọnsẹ̀ Croatia.,menyo20k,10
Ikò̩ Super Eagles bẹ̀ẹ̀rẹ̀ ìgbáradì wo̩n lónìí ní 10:15am àárò̩.,menyo20k,10
"Ìgbáradì náà s̩íde nís̩è̩é̩jú mé̩è̩dógún àkó̩kó̩, wó̩n sì gùnlé ète ikò̩ náà.",menyo20k,12
"--- Canada, U.S, Mexico yóò ṣagbáterù ìdíje àgbáyé 2026.",menyo20k,9
--- Lopetegui rọ́pọ̀ Zidane ni Madrid.,menyo20k,6
Julen Lopetegui ni yóò jẹ́ akọ́nimọ̀ọ́gbá àgbà ikọ̀ Real Madrid lẹ́yìn ìdíje àgbááyé 2018.,menyo20k,14
"""""""Lopetegui bẹ̀ẹ̀rẹ̀ sí ní tukọ̀ agbábọ́ọ̀lù Spain láti ọdún 2016.""",menyo20k,10
Bẹ́ẹ̀ sì ni ó fìgbà kan jẹ́ akónimọ̀ọ́gbá ikọ̀ agbábọ́ọ̀lù FC Porto.,menyo20k,12
Ó tún kópa fúnkọ̀ Real Madrid àti Barcelona.,menyo20k,8
--- Russia 2018: Germany gunlè̩ fún ìdíje àgbáye.,menyo20k,8
--- Òṣìṣé̩ àjọ Ghana fis̩é̩ FIFA sí̀̀lè̩ nítorí ìfè̩sùn ìwàbàjé̩ kàn-án.,menyo20k,11
"Olùdíje yóò wá láti orílè̩-èdè tó ń so̩ Gè̩é̩sì, ààre̩ CAF sò̩yí.",menyo20k,12
--- Nadal fàgbà han Thiem láti gba ife-ẹ̀yẹ French Open.,menyo20k,10
"Nadal ní, “Ìfigagbága yìí lágbára púpọ̀, mo wò̩yá ìjà ńlá pè̩lú alátakò tó mò̩-ó̩n gba.”",menyo20k,15
"Láti gbafe è̩yẹ ìdíje yìí nígbà mọ́kànlá (11) ọ̀tọ̀ọ̀tọ̀, jóhun tí mi ò ronú kàn.",menyo20k,15
Mo nígbàgbó̩ rírí gbogbo yín ló̩dún tí ó ń bò̩.,menyo20k,10
Nadal darapò̩ mó Margaret Court ti Australia bi òǹdíje tó gba ifeẹ̀yẹ ò̩hún nígbà mọ́kànlá.,menyo20k,15
"--- Del Potro fàgbà hàn Cilic, láti lọ kojú Nadal.",menyo20k,10
--- Nàìjííríà jáwálẹ̀ nínú́ àtẹ tuntun àjọ FIFA.,menyo20k,8
"Argentina dipò karùn-ún mú, Croatia dipò ogún mú, bẹ́ẹ̀ sì ni Iceland wà nípò méjìlélógún.",menyo20k,15
"Ghana, Aláìkópa nídije àgbááyé náà wà nípò kẹ́tàdínláàdọ́ta wọ́n sì dipò kẹfà mú lÁfíríkà.",menyo20k,14
Ipò àtẹ tuntun mìíràn yóò jáde ní July 19.,menyo20k,9
--- Putin kìlò̩ fún àwo̩n gómìnà – Ẹ má sàyíká pápáṣèré dilé-ìtajà.,menyo20k,12
--- Ẹ tají! Agbábó̩ó̩lù tẹ́lẹ̀rí pe Eagles níjà bíborí,menyo20k,9
"Bíbá Complete Sports sò̩rò̩, Amúníke s̩àpèjúwe ìfẹsẹ̀wọnsẹ̀ ikò̩ Eagles pè̩lú Czech Republic bíi “àìdára rárá”",menyo20k,15
--- Nàìjííría kéde agbábọ́ọ̀lù mọ́kànlá tá kojú Czech Republic.,menyo20k,9
"Àwọn agbábó̩ò̩lù ọwó̩-ẹ̀yìn ni Abdullahi Shehu, Leon Balogun, William Troost-Ekong àti Brian Idowu.",menyo20k,13
"Agbábọ́ọ̀lù mọ́kànlá ọ̀hún: Uzoho, Shehu, Troost-Ekong, Balogun, Idowu, Ogu, Ndidi, Iwobi, Mikel, Moses, Ighalo.",menyo20k,14
--- Lichtsteiner darapò̩ mó̩ Arsenal.,menyo20k,5
Stephan mú ìrírí àtidarí àìlé̩gbé̩ wánú e̩gbé̩ yìí.,menyo20k,8
Ó jé̩ agbábó̩ò̩lù tó dára gan-an tó sì ní ìs̩esí àti ìfojúsùn tó dáa.”,menyo20k,14
"Emery so̩ pé, “Stephan yóò rankò̩ yìí ló̩wó̩ yálà lórí pápá tàbí níbò mìíràn”.",menyo20k,14
"Lábala Lichtsteiner, ó fìdùnnú rè̩ hàn láti darapò̩ mó̩ agbábó̩ò̩lù ihà àríwá London.",menyo20k,13
--- Russia 2018: Iran kanlè̩ sí Russia.,menyo20k,7
"--- Rohr ní Uzoho dára, a kò níṣòro asó̩lé rárá.",menyo20k,10
As̩ó̩lé ke̩ta ló jé̩ ní La Coruna ó sì ń gbìyànjú.,menyo20k,11
"Ohun tí mo fé̩ràn jù nípaa rè̩ ni ìwà ìrè̩lè̩,” ó sò̩yí.",menyo20k,12
--- England àti Naijiria: Mikel àti Iheanacho ń gbèrò fífakọyọ.,menyo20k,10
--- Ìdíje ò̩dó̩ nílè̩ Adúláwò̩: Kwara káwọn 26 lọ̀pàgó̩ fúngbàáradì.,menyo20k,10
--- NTTF ń sọ̀fọ̀ Seun Ajetunmobi tó ti di olóògbé.,menyo20k,10
"""--- Rohr ṣàgbékalẹ̀ ẹ̀rọ ìgbàlódé GPS trackers"""" tí yóò ṣàfihàn ipa àwọn agbábọ́ọ̀lù lórí pápá.""",menyo20k,15
--- Odion Ighalo dara pọ̀ mọ́ àwọn akẹẹgbẹ́ rẹ̀ nílùú Uyo.,menyo20k,11
--- Iwobi fẹnu ko pẹ̀lú ilé-iṣẹ́ LG láti jẹ́ aṣojú wọn.,menyo20k,11
--- Chelsea fàgbà hàn Manchester United láti gba ife-ẹ̀yẹ ìdíje FA Cup.,menyo20k,12
--- Dalung- Super Eagles nílò àtìlẹyìn tí ó péye ṣaájú ìdíje àgbááyé.,menyo20k,12
Mo gbósùbà káreláí fún ìjọba àpapọ̀ látàrí àtìlẹyìn wọn lọ́lọ́kan-ò-jọ̀kan fún ikọ̀ yìí.,menyo20k,13
--- DR Congo kéde agbábọ́ọ̀lù méjídínlọ́gbọ̀n tí yóò kojú Super Eagles.,menyo20k,11
--- Nàìjíríà dípò mẹ́tàdínláàdọ́ta mú nínú ipò àtẹ àjọ FIFA.,menyo20k,10
Ipò àtẹ mìíràn yóò tún jáde lọ́jọ́ keje oṣù kẹfà ọdún tí a wà yìí.,menyo20k,15
--- Oborududu yóò dara pọ̀ mọ́ àwọn akẹẹgbẹ́ rẹ̀ ní New York.,menyo20k,12
--- Atletico fàgbà han Marseille pẹ̀lú àmì-ayò mẹ́ta sóódo.,menyo20k,9
--- Brazil kéde agbábọ́ọ̀lu mẹ́tàlélógún fún ìdíje bọ́ọ̀lù àgbááyé.,menyo20k,9
--- Rohr kéde ọgbọ̀n agbábọ́ọ̀lù tí yóò kópa fún ìdíje bọ́ọ̀lù àgbááyé.,menyo20k,12
"--- Nàìjííríà yóò kojú Argentina, Turkey nínú ìdíje àgbááyé FIBA.",menyo20k,10
"Senegal bọ́ sí ìpele kẹrin, tí wọn yóò sì máa kojú Latvia, USA àti China.",menyo20k,15
--- Mancini fiṣẹ́ sílẹ̀ gẹ́gẹ́ bí akọ́nimọ̀ọ́gbá ikọ̀ agbábọ́ọ̀lù Zenit.,menyo20k,10
Zenit àti Roberto Mancini fẹnu kò láti fòpin sí ìbáṣepọ̀ wọn.,menyo20k,11
"Ní báyìí, Mancini yóò kúrò nínú ikọ̀ ọ̀hún láìgba owó gbàmábìínú kankan.",menyo20k,12
--- Edmund fàgbà han Djokovic nínú ìdíje Madrid open.,menyo20k,9
--- Tiger Woods yóò kópa nínú ìdíje British open.,menyo20k,9
"--- Àṣìṣe aṣọ́lé ikọ̀ Ac Milan, Gianluigi ṣokùnfà bí ikọ̀ ọ̀hún ṣe pàdánù.",menyo20k,13
--- Dennerby kéde agbábọ́ọ̀lù mẹ́rìndínlọ́gbọ̀n tí yóò kojú Gambia.,menyo20k,9
--- Ribery sún àsìko rẹ̀ síwájú sí nínu ikọ̀ agbabọ́ọ̀lù Bayern Munich.,menyo20k,12
--- Eagles ṣetán fún ìdíje bọ́ọ̀lù àgbááyé – Balogun,menyo20k,9
--- Èsì ìfẹsẹ̀wọnsẹ̀ ìdíje bọ́ọ̀lù àfẹsẹ̀gbá orílẹ̀-èdè Nàìjííríà (NPFL).,menyo20k,9
--- Super Eagles yóò fakọyọ lórílẹ̀-èdè Russia – Yobo,menyo20k,9
--- Roberto Mancini fẹnu kò pẹ̀lú àjọ FA láti tukọ̀ agbábọ́ọ̀lù orílẹ̀-èdè Italy.,menyo20k,13
--- Real Madrid pegedé sínú àṣekágbá ìdíje UEFA champions league.,menyo20k,10
--- Wọn yóò ṣàmúlò ẹ̀rọ ìgbàlódé VAR nínú ìfẹsẹ̀wọnsẹ̀ Nàìjííríà àti England - Pinnick,menyo20k,14
--- Dalung fẹ́ kí ìfẹsẹ̀wọnsẹ̀¸ ọlọ́rẹ̀ẹ́jọ̀rẹ Eagles àti DR Congo wáyé nílùú Abuja.,menyo20k,13
--- Ó di dandan kí ìfigagbága pẹ̀lú Anthony Joshua kó wáyé – Wilder,menyo20k,13
"Ẹ̀wẹ̀, pẹ̀lú gbogbo ìdúnàádúrà ìfigagbága náà, Wilder ní ìgbàgbọ́ pé ìfigagbága ọ̀hún yóò sì wáyé.",menyo20k,15
--- Ancelotti kọ̀ láti ṣiṣẹ́ gẹ́gẹ́ bí akọ́nimọ̀ọ́gbá ikọ̀ agbábọ́ọ̀lù orílẹ̀-èdè Italy.,menyo20k,12
--- Èsì ìfẹsẹ̀wọnsẹ̀ ìdíje orílẹ̀-èdè Nàìjííríà (NPFL).,menyo20k,7
--- Ìdíje NNL yóò bẹ̀ẹ̀rẹ̀ lọ́jọ́ Àbámẹ́ta.,menyo20k,7
--- Real Madrid fàgbà han Bayern pẹ̀lú àmì-ayò méjì sóókan.,menyo20k,10
--- Super Eagles yóò gbáradì ní kíkún fún ìfẹsẹ̀wọnsẹ̀ pẹ̀lú England - Mikel,menyo20k,13
Ìfẹsẹ̀wọnsẹ̀ ọlọ́rẹ̀ẹ́jọ̀rẹ́ ọ̀hún yóò wáyé ní ọ̀sẹ̀ méjì sí ìdíje FIFA bọ́ọ̀lù àgbááyé ọ̀hún.,menyo20k,14
--- Rohr Uzoho yóò fakọyọ nínú ìdije bọ́ọ̀lù àgbááyé.,menyo20k,9
--- Òpin sáà - Arsene Wenger yóò fi ipò rẹ̀ sílẹ̀ gẹ́gẹ́ bí akọ́nimọ̀ọ́gbá Arsenal.,menyo20k,15
Mo dúpẹ́ lọ́pọ̀lọpọ̀ fún àǹfààní láti sin ikọ̀ yìí fún ọ̀pọ̀lọpọ̀ ọdún.,menyo20k,12
Mo tukọ̀ yìí tọkàn-tọkàn pẹ̀lú oyè kíkún.,menyo20k,7
"Sí àwọn olólùfẹ́ wa, ẹ ri dájú láti ṣe ìtọ́jú àwọn ohun ìní wa gbogbo.",menyo20k,15
"Ifẹ́ mi àti àtìlẹyìn mi fún ikọ̀ yìí, yóò wà títí ayérayé.",menyo20k,12
--- Antonio Conte gbóríyìn fún Victor Moses.,menyo20k,7
Fún àwọn eré ìdárayá mìíràn ní èdè Gẹ̀ẹ́sì kan síi.,menyo20k,10
--- Djoliba já MFM kúrò nínú ìdíje CAFCC.,menyo20k,8
--- SWAN ẹ̀ka ìpínlẹ̀ Kwara ki Ọlárìnóyè kú oríire.,menyo20k,9
--- Ipo ̀atẹ FIFA: Nàìjííríạ̀ bọ́ sí ipò mẹ́tàdínláàdọ́ta lágbàáyé.,menyo20k,10
--- Real Madrid áti Bayern pegedé sípele kejì àṣekágbá ìdíje UEFA.,menyo20k,11
--- Pápá ìṣeré Jos yóò parí fún lílò nínú oṣù karùn-ún.,menyo20k,11
--- Òǹdíje ọmọ orílẹ̀-èdè Cameroon márùn-ún sọnù ní Commonwealth Games.,menyo20k,10
Gẹ́gẹ́ bí alákòóso ikọ̀ tó ń sojú Cameroon nínú ìdíje náà.,menyo20k,11
"Sụ̀gbọ́n, ní báyìí ọ̀rọ̀ ọ̀hún ti wà lọ́wọ́ àwọn ọlọ́pàá Australia.",menyo20k,11
--- Jurgen Klopp-Ìdíje Champions League ní ń ṣe pẹ̀lú èsì.,menyo20k,10
"--- Oyema fakọ yọ nínú ìwe-ìtàn, Ezuruike, Ndidi gbà àmì-ẹ̀yẹ góòlù.",menyo20k,11
Ikọ̀ Nàìjííríà ń kópa ribiribi nínú ìdíje Commonwealth games tó ń lọ lọ́wọ́ lórílẹ̀-èdè Australia.,menyo20k,15
--- Harry Kane: Ìrètí wà pé màá bá Salah láìpẹ́.,menyo20k,10
--- Ìfigagbága ipele kẹta sí àṣekágbá ìdíje UEFA Champions League.,menyo20k,10
"--- Ahmed Musa, Moses Simon dara pọ̀ mọ́ ìgbìmọ̀ tó ń ṣàkóso DW sports.",menyo20k,14
"Bákan náà, Moses Simon wà lábẹ́ ìṣàkóso kátàkára Tony Harris.",menyo20k,10
--- Ikọ̀ mẹ́rìnlélọ́gọ́ta (64) yóò kópa nínú eré ìdíje bọ́ọ̀lù Mike Okonkwo.,menyo20k,12
"--- Arsenal, Atletico gbé ẹnu lé ìpele kejì sí àṣekágbá Europa League.",menyo20k,12
--- Commonwealth 2018: Nàìjííríà fàgbà han Malaysia nínú ìfigagbága bọ́ọ̀lù orí tábìlì.,menyo20k,12
Ikọ̀ Nàìjííríà fàgbà han Malaysia àti Belize nínú ìfigagbága àkọ́kọ́ tí ó wáyé lọ́jọ́bọ̀.,menyo20k,14
--- Sally Pearson: Ìbànújẹ́ ló jẹ́ pé mi ò ní tẹ̀síwájú nínú ìdíje Commonwealth.,menyo20k,14
--- Dalung rọ ikọ̀ Nàìjííríà láti lọ fakọyọ nínú ìdíje Commonwealth.,menyo20k,11
--- Cristiano Ronaldo dúpé lọ́wọ́ àwọn olólùfẹ́ Juventus.,menyo20k,8
--- Ìfẹsẹ̀wọ̀nṣẹ̀ ìdíje bọ́ọ̀lù àfẹsẹ̀gbá NPFL tí yóò wáyé lónìí.,menyo20k,10
Èyí ni àwọn ìfẹsẹ̀wọnsẹ̀ tí yóò máa wáyé nínú ìdíje orílẹ̀-èdè Nàìjííríà NPFL lónìí:,menyo20k,14
--- West Brom àti Alan Pardew fẹnu kò láti fòpin sí ìbaṣepọ̀ wọn.,menyo20k,13
"--- Ògúnbọ̀wálé, Azubuike rán ikọ̀ wọn lọ́wọ́ láti jáwé olúborí.",menyo20k,10
--- Ẹ̀kọ́ ńlá ni pípàdánù sọ́wọ́ Serbia jẹ́ fún wa – Dalung,menyo20k,12
--- Diego Costa- Olùgbàlà ni Messi jẹ́ fún Argentina.,menyo20k,9
"""""""irú agbábọ́ọ̀lù bí Messi kò ṣe é bu ẹnu àtẹ́ lú.""",menyo20k,11
Ó yẹ kí wọ́n máa dúpẹ́ pé wọ́n ní Messi lára wọn ni.,menyo20k,13
--- Ìpínlẹ̀ Kano mú ìgbèrú bá ikọ̀ àgbábọ́ọ̀lù mọ́kànlélógójì (41).,menyo20k,10
--- Àwọn olóyè nínú àjọ NFF ṣàbẹ̀wò sí Carl Ikeme.,menyo20k,10
"--- CAF, NFF ṣàjọyọ̀ ọdún merinlelogoji(44) fún Tàríbò West.",menyo20k,9
--- ìlera Nadal ti pé báyìí láti figagbága nínú ìdíje Davis Cup.,menyo20k,12
--- Ìfigagbága pẹ̀lú Parker yóò lágbára gan-an – Joshua,menyo20k,9
--- Rohr ṣàtúnṣe sí ikọ̀ tí yóò kojú Serbia.,menyo20k,9
--- Ibrahimovic fi ikọ̀ Manchester United silẹ̀ láti dara pọ̀ mọ́ LA Galaxy.,menyo20k,13
--- Mi ò ní kópa fún Spain mọ́ lẹ́yìn ìdíje bọ́ọ̀lù àgbááyé - Iniesta,menyo20k,14
--- Poland/Nigeria ìfẹsẹ̀wọnsẹ̀ ọlọ́rẹ̀ẹ́jọ̀ré: Agbábọ́ọ̀lù Super Eagles méjìlélógún (22) balẹ̀ sípàgọ́ Wroclaw.,menyo20k,12
"Ìfẹsẹ̀wọnsẹ̀ náà yóò bẹ̀ẹ̀rẹ̀ gbàrà láago mẹ́jọ ààbọ̀ (8.45pm), lojo Eti (Friday).",menyo20k,12
--- Saunders sún ìfigagbága WBO ṣíwájú látàrí ìfarapa.,menyo20k,8
--- Argentina bẹ̀rẹ̀ ìgbáradì fún ìfẹsẹ̀wọnsẹ̀ ọlọ̀rẹ̀ẹ́jọ̀rẹ́ pẹ̀lú Italy.,menyo20k,9
--- Agbábọ́ọ̀lù mẹ́rìnlá gúnlẹ̀ sípàgọ́ Super Eagles.,menyo20k,7
--- Chiellini kò ní kópa nínú ìfẹsẹ̀wọnsẹ̀ ọlọ́rẹ̀ẹ́jọ̀rẹ́.,menyo20k,8
"--- Cadbury, NFF tọwọ́ bọ ìwé ìbáṣepọ̀ ọlọ́dún mẹ́ta.",menyo20k,9
--- Yaya Toure pinnu láti padà sínú ikọ̀ Ivory Coast.,menyo20k,10
--- UCL: Bayern jáwé olúborí nínú ìfigagbága pẹ̀lú Besiktas.,menyo20k,9
"Ní báyìí, ìyíkoto ìpele kẹta yóò wáyé lọ́jọ́ Ẹtì (Friday).",menyo20k,10
--- Venus j́awé olúborí nínú ìfigagbága ọ̀mọ-ìyá.,menyo20k,7
--- Halep fàgbà han Wang láti pegedé sínú ìpele kẹta ìdíje Indian Wells.,menyo20k,13
"Ní báyìí, yóò gbáradì láti kojú Petra Martic nílùú California.",menyo20k,10
"Ẹ̀wẹ̀, Simona gba irúfẹ́ ife-ẹ̀yẹ ìdíje ọ̀hún tí ó wáyé lọ́dún 2015.",menyo20k,12
"""Mo ní láti tẹpámọ́ṣẹ́ nínú ìpele tí ó kàn, nítorí Petra Martic dára púpọ̀ ,"""".""",menyo20k,15
Karolina Pliskova fi agbára rẹ̀ fàgbà han ọmọ ọdún mẹ́rìndínlógún Amanda Anisimova.,menyo20k,12
--- Maria Sharapova àti Sven Groeneveld fòpin sí ìbáṣépọ́ wọn.,menyo20k,10
"Maria Sharapova sẹtán láti fòpin sí ìbáṣepọ̀ ọ̀un àti akọ́nimọ̀ọ́gbá rẹ̀, Sven Groeneveld.",menyo20k,13
--- Serena ṣàjọyọ̀ jíjáwé olúborí lẹ́yìn ìsinmi oṣù mẹ́rìnlá.,menyo20k,9
"""""""Bákan náà, Mi ò tí́i ṣetàn láti fẹ̀yìntì bàyìí.""",menyo20k,9
--- Ìdíje Europa: Arsenal fàgbà han AC Milan 2-0,menyo20k,9
"Mkhitaryan gbá àmì-ayò àkọ́kọ́ wọlé fún Arsenal, tí Aaron Ramsey sì gbá àmì-ayò kejì wọlé.",menyo20k,15
--- Ààrẹ Muhammadu Buhari gbàlejò ife-ẹ̀yẹ ìdíje bọ́ọ̀lù àgbááyé FIFA.,menyo20k,10
"--- Rohr pe agbábọ́ọ̀lù márùndínlọ́gbọ̀n(25) fún ìfẹsẹ̀wọnsẹ̀ Poland, Serbia.",menyo20k,9
ÀWỌN IKỌ̀ AGBÁBỌ́Ọ̀LÙ Ọ̀HÚN NÍ KÍKÚN:,menyo20k,6
--- Dalung: Eré-ìdárayá nílò ìsúná tó múná dóko fún ìdàgbàsókè.,menyo20k,10
--- US tennis club mú ìgbèrú bá bọ́ọ̀lù àfigigbá ní Nàìjííríà.,menyo20k,11
--- Falconets bọ́ sí ìkòkò kejì nínú ìyíkoto ìdíje bọ́ọ̀lù àgbááyé.,menyo20k,11
"Ní báyìí, Falconets yóò máa wàákò pẹ̀lú USA, Mexico àti Zealand.",menyo20k,11
"Nínú ìkòkò kẹrin, England, Paraguay, Haiti àti orílẹ̀-èdè Netherland ni wọn yóò jọ máa figagbága.",menyo20k,15
--- CCL: Etoile Sahel fàgbà han Plateau United FC 4-2,menyo20k,10
--- Farah ṣe pò kínní nínú ìfigagbága eré ìje Big Half.,menyo20k,11
--- Shehu Dikko dara pọ̀ mọ́ ìgbìmọ̀ àjọ FIFA.,menyo20k,9
--- Èsì ìfẹsẹ̀wọnsẹ̀ ìdíje NPFL tí ó wáyé lópin ọ̀sẹ̀.,menyo20k,10
--- Onome Ebi bọwọ́ lu ìwé-ìṣiṣẹ́pọ̀ ikọ̀ agbábọ́ọ̀lù Henan Huishang FC.,menyo20k,11
Mo dúpẹ́ lọ́wọ́ Ọlọ́run fún àǹfààní yìí.,menyo20k,7
--- Ààrẹ Buhari yóò gbàlejò ife-ẹ̀yẹ agbááyé.,menyo20k,7
--- NFF ṣe ìfilọ́lẹ̀ ìgbìmọ̀ tuntun.,menyo20k,6
--- Parker:- Máa fàgbà han Joshua nínú ìfigagbága Cardiff.,menyo20k,9
"""""""Bákan náà, ni àǹfààní láti jà níwájú ogunlọ́gọ̀ àwọn ènìyàn tún jẹ́ ohun ìwúrí.""",menyo20k,14
--- Agbábọ́ọ̀lù Spain tẹ́lẹ̀rí Enrique Castro jáde láyé.,menyo20k,8
Ó dolóògbé lẹ́yìn tí ó ṣàárẹ̀ ààrùn-ọ̀kan.,menyo20k,7
--- Infantino: A ń jíròrò lórí ìṣámúlò ẹ̀rọ VAR nínú ìdíje àgbááyé.,menyo20k,12
Èyí tí wọ́n ti ṣe àmúlò ẹ̀rọ náà nínú oríṣiríṣi ìdíje lágbàáyé.,menyo20k,12
--- Ilé-iṣẹ́ ìwé ìròyìn The SUN fún Pinnick lámì-ẹ̀yẹ Ó káre láí.,menyo20k,12
--- Èsì ìdíje bọ́ọ̀lù ilẹ̀-Gẹ̀ẹ́sì tí ó wáyé lópin ọ̀sẹ̀.,menyo20k,10
--- Èsì ìdíje NPFL tí ó wáyé lópin ọ̀sẹ̀.,menyo20k,9
--- Mikel jẹ́ ọ̀kan lára agbábọ́ọ̀lù Nàìjííríà tó ṣàṣeyọrí jùlọ Siasia.,menyo20k,11
--- Morocco yóò ṣagbátẹrù ìdíje bọ́ọ̀lù àgbááyé lọ́dún 2026 - Blatter.,menyo20k,11
--- Russia 2018: Aiteo gbóríyìn fún ètò NFF fún ìpalẹ̀mọ́ ìdíje bọ́ọ̀lù àgbááyé.,menyo20k,13
Èrò wa ni láti rí Super Eagles kí ó kópa dáradára kọjá èròńgbà wa.,menyo20k,14
--- MFM FC pegedé sínú ìpele kejì ìdíje CAF Champions League.,menyo20k,11
--- Infantino:-Russia ṣetán láti ṣagbátẹrù ìdíje bọ́ọ̀lù àgbááyé.,menyo20k,8
--- Ààrẹ FIFA- Bọ́ọ̀lù àfẹsẹ̀gbá ní Nàìjííríà ju ọ̀rọ̀ ẹ̀sìn lọ.,menyo20k,11
"Kennedy Bòbóyè, tí ó jẹ́ akọ́nimọ̀ọ́gbá àgbà ikọ̀ agbábọ́ọ̀lù Plateau United FC tìlùú Jos.",menyo20k,14
"""Channels Television gba àmì-ẹ̀yẹ Developmental Award"""".""",menyo20k,6
The Platinum Award lọ sọ́dọ̀ Ààrẹ àjọ FIFA Infantino,menyo20k,9
--- Tennis: Roger Federer gba ife-ẹ̀yẹ Rotterdam Open.,menyo20k,8
--- Ọmọ Didier Drogba dara pọ̀ mọ́ ikọ̀ agbábọ́ọ̀lù Guingamp.,menyo20k,10
Ikọ̀ agbábọ́ọ̀lù Guingamp sọ̀rọ̀ ọ̀hún di mímọ̀ lórí ẹ̀rọ ayélujára lọ́jọ́ Ajé (Monday).,menyo20k,13
--- Wọn yóò ṣàmúlò ẹ̀rọ ìgbàlódé VAR nílẹ̀ Áfíríkà.,menyo20k,9
"Gẹ́gẹ́ bí akọ̀wé àgbà àjọ CAF, Amr Fahmy.",menyo20k,8
Èyí jẹ́ ohun ìtàn nínú eré ìdárayá bọ́ọ̀lù àfẹsẹ̀gbá nílẹ̀ Áfíríkà.,menyo20k,11
--- Ganduje yóò buyi-kùn àṣekágbá ìdíje Ramat Cup.,menyo20k,8
--- NPFL: Abia Warriors fàgbà han Yobe Desert Stars.,menyo20k,9
--- Nàìjííríà já wálẹ̀ nínú ipò àtẹ àjọ FIFA.,menyo20k,9
Ikọ̀ Nàìjííríà sepò kejì nínú ìdíje CHAN tí ó wáyé lórílẹ̀-èdè Morocco.,menyo20k,12
Ipò àtẹ tuntun mìíran yóò tún jáde lọ́jọ́ karùndínlógún oṣù kẹta .,menyo20k,12
--- Ronaldo fìtàn balẹ̀ nínú ìdíje Uefa Champions League gbígbá ọ̀gọ́rùn-ún àmì-ayò. wọ̀lé,menyo20k,13
--- Pápá ìṣeré Akwa-Ibom gba àmì-ẹ̀yẹ pápá tí ó dára júlọ.,menyo20k,11
--- Ìpàdé Àjọ FIFA yóò wáyé nílùú Èkó.,menyo20k,8
--- Ìfigagbága Ìdíje UEFA CHAMPIONS LEAGUE.,menyo20k,6
Champions League ÌPELE IKỌ̀ MẸ́RÌNDÍNLÓGÚN February 1320:45 Basel ?,menyo20k,9
--- Ìfẹsẹ̀wọnsẹ̀ ìdíje NPFL (Nigeria Professional Football League).,menyo20k,8
--- Ìfẹsẹ̀wọnsẹ̀ tí yóò máa wáyé nínú ìdíje bọ́ọ̀lù ilẹ̀-okèèrè lọ́kan-ò-jọ̀kan.,menyo20k,11
--- NFF ń kẹ́dùn ikú Mgbolu.,menyo20k,6
--- Nike ṣàfihàn àwọn ohun èlò tuntun tí Eagles yóò lò.,menyo20k,11
Alex Iwobi àti Sophia Omidiji wà lára àwọn tí o ṣàfihàn ẹ̀wù bọ́ọ̀lù tuntun ọ̀hún.,menyo20k,15
Nǹkan tí ikọ̀ le yí padà lórílẹ̀-èdè Nàìjííríà ni ìfẹ́ eré bọ́ọ̀lù àfẹsẹ̀gbá.,menyo20k,13
"Bẹ́ẹ̀ sìni, ẹ̀wù tuntun ọ̀hún ni Nike pèsè láti buyì kún àṣà orílẹ̀-èdè yìí.",menyo20k,14
--- Rohr mú agbábọ́ọ̀lù CHAN Eagles méjì fún ìdíje bọ́ọ̀lù àgbááyé.,menyo20k,11
--- Netherland yan Koeman gẹ́gẹ́ bí akọ́nimọ̀ọ́gbá àgbà tuntun.,menyo20k,9
Ronald Koeman ni orílẹ̀-èdè Netherland ti yàn báyìí gẹ́gẹ́ bí akọ́nimọ̀ọ́gbá àgbà tuntun ikọ̀ ọ̀hún.,menyo20k,15
"Ní àfikún, Koeman ti tukọ̀ agbábọ́ọ̀lù Vitesse Arnhem, Benfica, Valencia, AZ Alkmaar, Feyenoord àti Southampton.",menyo20k,15
--- Djokovic bẹ̀ẹ̀rẹ̀ ìgbáradì padà lẹ́yìn iṣẹ́-abẹ tí ó là kọjá.,menyo20k,11
--- Nàìjííríà gba ipò kejì nínú ìdíje CHAN.,menyo20k,8
--- Èsí ìfẹsẹ̀wọnsẹ̀ ìdíje bọ́ọ̀lù àfẹsẹ̀gbá torílẹ̀-èdè Nàìjííríà.,menyo20k,8
--- Barcelona fàgbà han Chelsea láti pegedé sípele tí ó kàn.,menyo20k,11
"OníṢàngó tó jó tí kò tàpá, àbùkù ara ẹ̀.",menyo20k,9
Oníṣẹ̀ẹ́pẹ́-igí bímọ ó sọ ọ́ ní Ayọ̀-ọ́-kúnlé; ayọ̀ wo ló wà lára ìṣẹ́pẹ́ igi?,menyo20k,14
Oǹpè ní ń fa ọlá; òjípè kì í fa ọlá.,menyo20k,10
"Orí àgbàá níyì, ó sàn ju orí àgbàá fọ́ lọ.",menyo20k,10
Orí awọ là ń bágbà.,menyo20k,5
“Òru ò molówó” nIfá tí à ń dá fún “Ìwọ ta nìyẹn?”,menyo20k,12
"Oòrùn, kó tìẹ wọ̀ ká má bàá Ọlọ́jọ́ wí.",menyo20k,9
"Òtòlòó jẹ, òtòlòó mu, òtòlòó fẹsẹ̀ wé ẹsẹ̀ erin.",menyo20k,9
Owó ẹ̀yẹ ò sú ẹnií san; tọ̀ràn ni ò súnwọ̀n.,menyo20k,10
Ọbẹ̀ kì í gbé inú àgbà mì.,menyo20k,7
Ọ̀gẹ̀gẹ́ ò lẹ́wà; lásán ló fara wéṣu.,menyo20k,7
Ọjọ́ àgbàá kú sàn ju ọjọ́ àgbàá tẹ́.,menyo20k,8
"Ọjọ́ kan là ń bàjẹ́, ọjọ́ gbogbo lara ń tini.",menyo20k,10
Ọjọ́ kan ṣoṣo là ń tẹ́; ojoojúmọ́ lojú ń tini.,menyo20k,10
"Ọjọ́ tí alákàn-án ti ń ṣepo, kò kún orùbà.",menyo20k,9
Ọ̀kánjúwà àgbà ní ń sọ ara ẹ̀ dèwe.,menyo20k,8
Ọ̀kánjúwà alágbaà ní ń garùn wo eégún.,menyo20k,7
"Ọkùnrin kì í ké, akọ igi kì í ṣoje.",menyo20k,9
Ọlọgbọ́n kan ò ta kókó omi sáṣọ; ọ̀mọ̀ràn kan ò mọ oye erùpẹ̀ ilẹ̀.,menyo20k,14
Ọmọ àì-jọbẹ̀-rí tí ń ja epo sáyà.,menyo20k,7
Ọmọ onílẹ̀ á tẹ̀ ẹ́ jẹ́jẹ́.,menyo20k,6
"Ọmọdé dáwọ́tilẹ̀, ó ní òún tó ọ̀bọ; bó tó ọ̀bọ, ó tó gẹ̀gẹ̀ àyàa ẹ̀?",menyo20k,15
"Ọ̀mùtí gbàgbé ìṣẹ́, alákọrí gbàgbé ọ̀la.",menyo20k,6
Ọ̀nà ọ̀fun ò gba egungun ẹja.,menyo20k,6
"Ọ̀ràn ò dun ọmọ ẹṣin; a mú ìyá ẹ̀ so, ó ń jẹ oko kiri.",menyo20k,15
Ọ̀rọ̀ bọ̀tí-bọ̀tí ò yẹ àgbàlagbà.,menyo20k,5
Ọ̀rọ̀ ò dùn lẹ́nu ìyá olè.,menyo20k,6
Ọ̀rọ̀ wo ló wà lẹ́nu alaṣọ pípọ́n?,menyo20k,7
Ọ̀ṣìn ò lè mú àwòdì òkè; Bámidélé lọ̀ṣín lè mú.,menyo20k,10
Ọ̀ṣọ́ ọlọ́ṣọ̀ọ́ ò yẹni; ṣòkòtò àgbàbọ̀ ò yẹ́ ọmọ èèyàn.,menyo20k,10
Ọwọ́ àìdilẹ̀ ní ń yọ koríko lójú àna ẹ̀.,menyo20k,9
"Ọ̀wọ́n là ń ra ògo, ọ̀pọ̀ là ń ra ọ̀bùn, iyekíye là ń ra ìmẹ́lẹ́.",menyo20k,15
Ọ̀yájúu baálé ní ń pàdé ìbòsí lọ́nà.,menyo20k,7
Pamí-nkú obìnrín ṣorí bẹmbẹ sọ́kọ.,menyo20k,5
Pátápátá alágbẹ̀dẹ ò ju ilé àrọ lọ.,menyo20k,7
Pẹ̀lẹ́ larẹwà ń rìn; jẹ́jẹ́ lọmọ ọlọ́jà ń yan.,menyo20k,9
Pẹ̀lẹ́-pẹ̀lẹ́ nijó àgbà; ara gbogbo ló di àkísà tán.,menyo20k,9
"Pẹ̀tẹ̀pẹ́tẹ̀ Ìjèṣà, ó ta sẹ́ni lára kò wọ́n.",menyo20k,8
San là ń rìn; ajé ní ń múni pá kọ̀rọ̀.,menyo20k,10
Sesere ń dá gọ́ọ́bú; oníkamẹ́sàn-án ń gbé ṣíbí.,menyo20k,8
"Ṣágo ń búgò, ó ló ṣẹnu gbáṣọ́rọ́.",menyo20k,7
Ṣàgbà-ṣàgbà ò níí sé àgbà títí láí.,menyo20k,7
"Ṣàkì ń ṣe bí ọ̀rá, egungun ń ṣe bí ẹran.",menyo20k,10
Ṣáláporẹ́ ò mọ ẹgbẹ́ ẹ̀ nínú omi.,menyo20k,7
"Ṣe bóo ti mọ, ẹlẹ́wàa Ṣàpọ́n.",menyo20k,6
“Ta ní ń bẹ níbẹ̀?” làgbẹ́ fi ń sán ìbàǹtẹ́ wọ̀lú.,menyo20k,11
Ta ní mọ Òkolo lÓyọ̀ọ́?,menyo20k,5
Ta ní ń jájá ní mọ́ṣáláṣí?,menyo20k,6
Ta ní ń jẹun tájá ń jùrù?,menyo20k,7
Tòlótòló mọ ẹni tó ń yìnbọn ìdí sí.,menyo20k,8
Wọ́n ń pe gbẹ́nàgbẹ́nà ẹyẹ àkókó ń yọjú.,menyo20k,8
"A fọwọ́ mú ajá o lọ, a ṣẹ̀ṣẹ̀ ń fi ìka méjì pè é.",menyo20k,14
A fún ọ lọ́bẹ̀ o tami si; o gbọ́n ju ọlọ́bẹ̀ lọ.,menyo20k,12
A kì í bọ́ sínú omi tán ká máa sá fún òtútù.,menyo20k,12
A kì í dá aró nÍṣokùń àlà là ń lò.,menyo20k,10
A kì í dá ẹrù ikùn pa orí.,menyo20k,8
A kì í du orí olórí kí àwòdì gbé tẹni lọ.,menyo20k,11
A kì í duni lóyè ká fọ̀nà ilée Baálẹ̀ hanni.,menyo20k,10
A kì í fá orí lẹ́yìn olórí.,menyo20k,7
A kì í fi àgbà sílẹ̀ sin àgbà.,menyo20k,8
A kì í fi àì-mọ̀-wẹ̀ mòòkùn.,menyo20k,6
A kì í fi ara ẹni ṣe oògun alọ̀kúnná.,menyo20k,9
A kì í fi aṣọ ṣèdìdí yọwó.,menyo20k,7
A kì í fi ejò sórí òrùlé sùn.,menyo20k,8
A kì í fi ẹ̀jẹ̀ ìbálé pa tírà; alákoto ò bí abo ọmọ.,menyo20k,13
A kì í fi ẹ̀tẹ̀ sílẹ̀ pa làpálàpá.,menyo20k,8
A kì í fi ẹran ikún gbọn ti àgbọ̀nrín nù.,menyo20k,10
A kì í fi idà pa ìgbín.,menyo20k,7
A kì í fi ìgbín sọ̀kò sórìṣà.,menyo20k,7
A kì í fi iná sórí òrùlé sùn.,menyo20k,8
A kì í fi ìtìjú kárùn.,menyo20k,6
A kì í fi ìyá ẹní dákú ṣeré.,menyo20k,8
A kì í fi ogun dán ẹ̀ṣọ́ wò.,menyo20k,8
A kì í fi ohun sọ́wọ́ búra.,menyo20k,7
A kì í fi ohun-olóhun tọrẹ bí kò ṣe tẹni.,menyo20k,10
A kì í fi oko sin fún ìwọ̀fà.,menyo20k,8
A kì í fi olórí ogun ṣe ìfagun.,menyo20k,8
A kì í fi oníjà sílẹ̀ ká gbájúmọ́ alápẹpẹ.,menyo20k,9
A kì í fi owó du oyè-e alágbára.,menyo20k,8
A kì í fi ọlá jẹ iyọ̀.,menyo20k,7
A kì í fi ọ̀nà ikùn han ọ̀fun.,menyo20k,8
A kì í fi ọ̀nà odò han ikún.,menyo20k,8
A kì í fi ọ̀rọ̀ sílẹ̀ gbọ́ ọ̀rọ̀.,menyo20k,8
A kì í gbá ẹni tó yọ̀bẹ mú.,menyo20k,8
A kì í gbé ẹran erin lérí ká máa fẹsẹ̀ wa ihò ìrẹ̀.,menyo20k,13
A kì í gbé odò jiyàn-an ọṣẹ́ hó tàbí kò hó.,menyo20k,11
A kì í gbé ọ̀pọ̀lọ́ sọnù ká tún bèrèe jàǹto.,menyo20k,10
A kì í gbẹ́ àwòrán gàgàrà ká má fi ọwọ́ ẹ ti nǹkan.,menyo20k,13
A kì í gbójú-u fífò lé adìẹ àgàgà; a kì í gbójú-u yíyan lé alágẹmọ.,menyo20k,15
A kì í gbọ́ ẹjọ́ ẹnìkan dájọ́.,menyo20k,7
A kì í jẹ “Mo fẹ́rẹ̀ẹ́” lọ́bẹ̀.,menyo20k,7
A kì í ka igún mọ́ ẹran jíjẹ.,menyo20k,8
A kì í ka ilé òrìṣà kún ìlú.,menyo20k,8
A kì í ka oyún inú kún ọmọ ilẹ̀.,menyo20k,9
A kì í ka ọmọ fún òbí.,menyo20k,7
A kì í kọ ọmọọ́ bí ká sọ ọ́ ní Èwolódé?,menyo20k,11
A kì í léku méjì ká má pòfo.,menyo20k,8
A kì í lọ́mọ lẹ́yin kọ oúnjẹ.,menyo20k,7
A kì í mọ ọkọ ọmọ ká tún mọ àlèe rẹ̀.,menyo20k,11
A kì í mú ìbọn tetere.,menyo20k,6
A kì í mú oko mú ẹjọ́ kí ọ̀kan má yẹ̀.,menyo20k,11
A kì í mú ọmọ oǹdọ́pọ̀ dè.,menyo20k,7
A kì í mú ọmọ òṣì lọ sí Ìlọ́rọ̀.,menyo20k,9
A kì í múlé móko kọ́kan má yẹ̀.,menyo20k,8
A kì í ní ẹgbàá nílé wá ẹgbàá ròde.,menyo20k,9
"A kì í pa asínwín ilé, nítorí ọjọ́ tí tòde yó bàá wá sílé.",menyo20k,14
A kì í pé kí òṣìkà ṣe é ká wò ó.,menyo20k,11
A kì í peni lólè ká máa gbé ọmọ ẹran jó.,menyo20k,11
A kì í rán ọ̀lẹ wo ojú ọjọ́ àárọ̀.,menyo20k,9
A kì í re nísun lọ dà síbú.,menyo20k,8
A kì í rí adìẹ nílẹ̀ ká da àgbàdo fún ajá.,menyo20k,11
A kì í rí àjẹkù orò.,menyo20k,6
A kì í rí bàtá nílẹ̀ ká fẹnu sín in jẹ.,menyo20k,11
A kì í rí ewé nílẹ̀ ká fọwọ́ fámí.,menyo20k,9
A kì í rí ẹ́ni ranni lẹ́rù ká yọké.,menyo20k,9
A kì í rí ojú ẹkùn ká tọ́ ẹkùn.,menyo20k,9
A kì í sá fún àjíà ká dìgbò lu eégún.,menyo20k,10
A kì í sin àlè kọjá odò; ohun tí ńṣe ọṣẹ́ ò tó nǹkan.,menyo20k,14
A kì í sọrọ ìkọ̀kọ̀ lójú olófòófó.,menyo20k,7
A kì í sùn jẹ́rìí ìdí.,menyo20k,6
A kì í ṣe fáàárí ẹ̀ṣẹ́ dídì sọ́mọ adẹ́tẹ̀.,menyo20k,9
A kì í ṣe fáàárí itọ́ dídà sọ́mọ a-kú-wárápá.,menyo20k,9
A kì í ṣoore tán ká lóṣòó tì í.,menyo20k,9
A kì í ṣòwò méjì kẹ́ran má jẹ ọ̀kan.,menyo20k,9
A kì í ti ojú ogun wẹ́fọ́n.,menyo20k,7
A kì í ti ojú oníka-mẹ́sàn-án kà á.,menyo20k,8
A kì í wá aláṣọ-àlà nísọ̀ elépo.,menyo20k,7
A kì í wà nínú ìṣẹ́ ká perin tọrẹ.,menyo20k,9
A kì í wíjọ́ọ wíwò ká jàre.,menyo20k,7
A kì í yin ọmọdé lójú ara ẹ̀; ìfàsẹ́yìn ní ń kángun ẹ̀.,menyo20k,13
"A kúnlẹ̀ a pàgbò, alubàtá ní “ojú ò fẹ́rakù”; o fẹ́ bá wọn ṣúpó ni?",menyo20k,15
A lé tẹ̀m̀bẹ̀lẹ̀kun jìnnà bí ẹni pé kó bọ́ jù sígbó.,menyo20k,11
"À ń gbèjà Ọ̀jà, Ọ̀já ní ta ní ń jà lẹ́yìnkùlé òun?",menyo20k,12
"A ní ìrókò ni yó pa ọmọdé, ó bojú-wẹ̀yìn; òòjọ́ ní ń jà?",menyo20k,13
"A ní kí olókùnrùn ṣe tó, ó ní òun ò lè ṣe tó, tò, tó.",menyo20k,15
"A ní kọ́mọ má kùú, o ní kò jọ bàbá kò jọ ìyá.",menyo20k,13
“Àńjùwọ́n” ò ṣéé wí lẹ́jọ́; ìjà ìlara ò tán bọ̀rọ̀.,menyo20k,10
"A rí i lójú, a mọ̀ ọ́ lẹ́nu; òṣòwò oṣẹ kì í pọ́n-wọ́-lá.",menyo20k,13
"A ta bàbà, a fowóo bàbà ra baba.",menyo20k,8
A ta bàbà a fowóo bàbà ra bàbà.,menyo20k,8
Àbá alágẹmọ lòrìṣà ń gbà.,menyo20k,5
Àbá kì í di òtítọ́; ojo ni kì í jẹ́ ká dá a.,menyo20k,13
Àbá ní ń di òtítọ́; ojo ni kì í jẹ́ ká da.,menyo20k,12
"Àbàtì àlàpà; a bà á tì, a bá a rẹ́.",menyo20k,10
A-bayé-jẹ́ kò ṣéé fìdí ọ̀ràn hàn.,menyo20k,6
Abẹ́rẹ́ tó wọnú òkun ò ṣéé wá.,menyo20k,7
"Abiyamọ, kàgbo wàrà; ọjọ́ ń lọ.",menyo20k,6
Abiyamọ kì í rìn kó ṣánwọ́ ahá.,menyo20k,7
Abiyamọ́ purọ́ mọ́mọọ rẹ̀ jẹun.,menyo20k,5
Abiyamọ́ ṣọwọ́ kòtò lu ọmọọ rẹ̀.,menyo20k,6
Àbọṣẹ́ kì í ṣe iṣẹ́ òòjọ́; iṣẹ́ẹ baba ẹni ní ń gbani lọ́jọ́ gan-an.,menyo20k,14
Adẹ́tẹ̀ ò gbọdọ̀ dúró de eléépín.,menyo20k,6
Adìẹ ìrànà ní ń ṣíwájú òkú.,menyo20k,6
Adìẹ ò lè ti ìwòyí sunkún eyín.,menyo20k,7
"Adìẹ́ rí aláásáà, ó pa ìyẹ́ mọ́.",menyo20k,7
Adìẹ odò ò ṣéé bọ ìpọ̀nrí.,menyo20k,6
"Àdó gba ara ẹ̀ tẹ́lẹ̀, ká tó fi oògùn sí?",menyo20k,10
A-fasẹ́-gbèjò ń tan ara-a rẹ̀ jẹ.,menyo20k,6
Afẹ́fẹ́ ń da ológìì láàmú; oníyẹ̀fun rọra.,menyo20k,7
"A-fi-tiẹ̀-sílẹ̀-gbọ́-tẹni-ẹlẹ́ni, ọ̀gànjọ́ ni wọ́n ńsìnkú-u rẹ̀.",menyo20k,6
"Àfòmọ́ ń ṣe ara-a rẹ̀, ó ní òún ń ṣe igi.",menyo20k,11
Àgádágodo ò finú han araa wọn.,menyo20k,6
Àgùntàn ò jí ní kùtùkùyù ṣe ẹnu bọbọ.,menyo20k,8
Àgbà òṣìkà ń gbin ìyà sílẹ̀ de ọmọọ rẹ̀.,menyo20k,9
Àgbà ṣoore má wo bẹ̀.,menyo20k,5
Àgbàdo kì í ṣe èèyàn;ta ní ń rí ọmọ lẹ́yìn eèsún?,menyo20k,11
Àgbàká labiyamọ ń gbàjá mọ́ ọmọọ rẹ̀.,menyo20k,7
Àgbàlagbàá ṣenú kẹrẹndẹn; èyí tó máa ṣe ń bẹ níkùn-un rẹ̀.,menyo20k,11
Àgbẹ̀jẹ ò korò nílé ńlá.,menyo20k,5
Àgbò dúdú kọjá odò ó di funfun.,menyo20k,7
Àgbókan là ń rọ́ Ifá adití.,menyo20k,6
Àgbọn kì í ṣe oúnjẹ ẹyẹ.,menyo20k,6
Ahún dùn;kò tóó jẹ fúnni.,menyo20k,5
"Ahún ń re àjò, ó gbé ilée rẹ̀ dání.",menyo20k,9
"Ahún wọnú orù, ó ku àtiyọ.",menyo20k,6
Àì-mọ̀-ọ́-gbé-kalẹ̀ leégún fi ń gba ọtí.,menyo20k,6
Àì-mọwọ́-ọ́-wẹ̀ ni àì-bágbà-jẹ; ọmọ tó mọwọ́ọ́ wẹ̀ á bágbà jẹ.,menyo20k,10
"Àìpé, “Tìrẹ nìyí” ní ń bí ayé nínú.",menyo20k,8
"Àì-roko, àì-rodò tí ń ṣápẹ́ fún eégún jó.",menyo20k,8
Àì-sọ̀rọ̀ ní ń mú ẹnu rùn.,menyo20k,6
Ajá là bá kí; èse ò pẹran fúnni jẹ.,menyo20k,9
Ajá tí ò létí ò ṣéé dẹ̀gbẹ́.,menyo20k,7
Ajá ti erée rẹ̀ẹ́ bá dánilójú là ń dẹ sí ehoro.,menyo20k,11
"Ajá tó gbé iyọ̀, kí ni yó fi ṣe?",menyo20k,9
Ajá tó lè sáré là ń dẹ sí egbin.,menyo20k,9
Ajàkàṣù ò mọ̀ bí iyàn-án mú.,menyo20k,6
"A-jí-má-bọ̀ọ́jú, tí ń fi ojú àná wòran.",menyo20k,7
Àjànàkú kúrò lẹ́ran à ń gọ dè.,menyo20k,7
Ìjàpá ní ọjọ́ tí òún ti jágbọ́n-ọn òo lọrùn ò ti wọ òun mọ́.,menyo20k,14
"Ìjàpá ń yan lóko, aláìlóyeé ní ó jọ pẹ́pẹ́yẹ.",menyo20k,9
Àjẹsílẹ̀ẹ gbèsè tí ò jẹ́ kí ẹgbẹ̀fà tóó ná.,menyo20k,9
Àjò kì í dùn kódídẹ má rèWó.,menyo20k,7
Àjò kì í dùn kónílé má relé.,menyo20k,7
"Àjòjìí lójú, ṣùgbọ́n kò fi ríran.",menyo20k,6
"À-jókòó-àì-fẹ̀yìntì, bí ẹní nàró ni.",menyo20k,5
Àkísà aṣọ la fi ń ṣe òṣùká.,menyo20k,7
"Àkó balẹ̀, ó fi gbogbo ara kígbe.",menyo20k,7
"Akọ̀pẹ Ìjàyè ò gbọ́ tiẹ̀, ó ní ogún kó Agboroode.",menyo20k,10
Alágbàfọ̀ kì í bá odò ṣọ̀tá.,menyo20k,6
Alákatam̀pòó ṣe bí ọ̀bọ ò gbọ́n; ọ̀bọ́ gbọ́n; tinú ọ̀bọ lọ̀bọ́ ń ṣe.,menyo20k,13
Alákìísà ní ń tọ́jú abẹ́rẹ́ tòun tòwú.,menyo20k,7
"Aláǹtakùn, bí yóò bá ọ jà, a ta ká ọ lára.",menyo20k,11
"Aláǹtakùnún takùn sí ìṣasùn, ṣíbí gbọludé.",menyo20k,6
Aláàárù kì í ru ẹṣin.,menyo20k,5
Aláṣedànù tí ń fajá ṣọdẹ ẹja.,menyo20k,6
Àlejò bí òkété là ń fi èkùrọ́ lọ̀.,menyo20k,8
Àlejò tó bèèrè ọ̀nà kò níí sọnù.,menyo20k,7
Àlùkò ò ní ohùn méjì; “Ó dilé” lagbe ń ké.,menyo20k,10
Àlùsì ẹsẹ̀ tí ń fa koríko wọ̀lú.,menyo20k,7
Amọ̀nà èṣí kì í ṣe amọ̀nà ọdún yìí.,menyo20k,8
Amùṣùà àgbẹ̀ tí ń gbin kókò.,menyo20k,6
Àpà èèyàn ò mọ̀ pé ohun tó pọ̀ ọ́ lè tán.,menyo20k,11
"Àpàá fi ọwọ́ mẹ́wẹ̀ẹ̀wá bọ ẹnu; àpà, a-bìjẹun-wọ̀mù-wọ̀mù.",menyo20k,8
Apajájẹ ní ẹ̀rù adìẹ ń ba òun.,menyo20k,7
"Àpàkòmọ̀rà, tí ń gẹṣin lórí àpáta.",menyo20k,6
A-pẹ́-ẹ́-jẹ kì í jẹ ìbàjẹ́.,menyo20k,5
Àpèmọ́ra là ń pe Tèmídire.,menyo20k,5
Ara ẹ̀ lara ẹ̀: ṣòkòtò ọlọ́pàá.,menyo20k,6
Ara kì í rọni ká ṣẹ́gi ta.,menyo20k,7
Ará ọ̀run ò ṣẹ́tí aṣọ.,menyo20k,5
Ààrẹ ń pè ọ́ ò dÍfá; bÍfá bá fọọre tí Ààrẹ́ fọbi ńkọ́?,menyo20k,13
"A-rìn-fàà-lójú-akẹ́gàn, a-yan-kàṣà-lojú-abúni, abúni ò lówó nílé ju ẹnuu rẹ̀ lọ.",menyo20k,10
Arìngbẹ̀rẹ̀ ni yó mùú oyè délé; asárétete ò róyè jẹ.,menyo20k,10
À-ró-kanlẹ̀ laṣọ ayaba; à-wà-kanlẹ̀ ni ti yàrà.,menyo20k,7
"Arúgbó oǹdágbèsè, ó ní mélòó ni òun óò dúró san níbẹ̀?",menyo20k,11
"À-sìnkú-àì-jogún, òṣì ní ń tani.",menyo20k,5
"A-sọ̀kò-sádìẹ-igba, òkò ní ń sọ tí ilẹ̀ẹ́ fi ń ṣú.",menyo20k,10
A-sọ-aré-dìjà ní ń jẹ̀bi ẹjọ́.,menyo20k,5
Àṣàyá kì í jẹ́ kí ọmọ ọ̀yà ó gbọ́n.,menyo20k,9
À-ṣe-sílẹ̀ làbọ̀wábá; ẹni tó ṣu sílẹ̀ á bọ̀ wá bá eṣinṣin.,menyo20k,11
À-ṣẹ̀ṣẹ̀-tọ́-ọtí-wò okùn-un bàǹtẹ́ já; bí a bá mu àmuyó ńkọ́?,menyo20k,10
Aṣiwèrè èèyàn lòjò ìgboro ń pa.,menyo20k,6
Aṣiwèrè èèyàn ní ń gbèjà ìlú-u rẹ̀.,menyo20k,7
A-ṣòwò-ọṣẹ kì í pa owó ńla.,menyo20k,6
Aṣọ funfun òun àbàwọ́n kì í rẹ́.,menyo20k,7
Aṣọ ìrókò ò ṣéé fi bora.,menyo20k,6
"Aṣọ tá a bá rí lára igún, ti igún ni.",menyo20k,10
A-sọ́-ẹ̀yìnkùlé ba araa rẹ̀ nínú jẹ́; ohun tó wuni là ń ṣe nílé ẹni.,menyo20k,14
Àtẹ́lẹwọ́ ò ṣéé fi rúná.,menyo20k,5
"Atipo ò mọ erèé; ó ní, “Bàbá, mo réwé funfun lóko.”",menyo20k,11
"À-wí-ìgbọ́, àfọ̀-ọ̀-gbọ́ tí ń fi àjèjé ọwọ́ mumi.",menyo20k,8
Àwítẹ́lẹ̀ ní ń jẹ́ ọmọ́ gbẹ́nà; ọmọ kì í gbẹ́nà lásán.,menyo20k,11
Awo aláwo la kì í dá lẹ́ẹ̀mejì.,menyo20k,7
"Àwòdì òkè tí ń wo ìkarahun kọ̀rọ̀, kí ni yó fìgbín ṣe?",menyo20k,12
Awọ erin ò ṣéé ṣe gángan.,menyo20k,6
Awọ ẹlẹ́dẹ̀ ò ṣéé ṣe gbẹ̀du.,menyo20k,6
Awọ ẹnu ò ṣéé ṣe ìlù.,menyo20k,6
"Ààyá bọ́ sílẹ̀, ó bọ́ sílé.",menyo20k,6
"Àáyá gbọ́n, Ògúngbẹ̀ sì gbọ́n; bí Ògúngbẹ̀ ti ń bẹ̀rẹ̀ ni àáyá ń tiro.",menyo20k,14
Àyangbẹ ẹjá dùn; ṣùgbọ́n kí la ó jẹ kẹ́já tó yan?,menyo20k,11
"Ayé ń lọ, à ń tọ̀ ọ́.",menyo20k,7
Ayé ò ṣéé bá lérí; wọ́n lè ṣeni léṣe.,menyo20k,9
"Ayé ò ṣéé finú hàn; bí o lọ́gbọ́n, fi síkùn araà rẹ.",menyo20k,12
Baba-ìsìnkú ò fọmọọ rẹ̀ sọfà; alábàáṣe ń fọmọọ rẹ̀ kówó.,menyo20k,10
Baálé àìlọ́wọ̀ ni àlejò àìlọ́wọ̀.,menyo20k,5
"“Báyìí là ń ṣe” níbìkan, èèwọ̀ ibòmínìn.",menyo20k,7
"Bí a bá bá ẹrán wí, ká bá ẹràn wí.",menyo20k,10
"Bí a bá fi ọwọ́ ọ̀tún na ọmọ, à fi ọwọ́ òsì fà á mọ́ra.",menyo20k,15
"Bí a bá kìlọ̀ fólè, ká kìlọ̀ fóníṣu ẹ̀bá ọ̀nà.",menyo20k,10
"Bí a bá ní mọ̀, ọ̀mọ̀ràn a mọ̀ ọ́.",menyo20k,9
"Bí a bá ń sunkún, à máa ríran.",menyo20k,8
"Bí a bá ránni níṣẹ́ ẹrú, à fi jẹ́ tọmọ.",menyo20k,10
"Bí a bá rí èké, à ṣebí èèyàn rere ni; à sọ̀rọ̀ ságbọ̀n a jò.",menyo20k,15
"Bí a bá rí òwúrọ̀, alẹ́ ńkọ́?",menyo20k,7
"Bí a bá ṣe ohun ńlá, à fi èpè gba ara ẹni là.",menyo20k,13
"Bí a kò bá gbọ́n ju àparò oko ẹni lọ, a kì í pa á.",menyo20k,15
"Bí a kò bá rádànán, à fòòbẹ̀ ṣẹbọ.",menyo20k,8
"Bí a kò bá torí iṣu jẹ epo, à torí epo jẹṣu.",menyo20k,12
"Bí a kò bímọ rí, a kò ha rọ́mọ lẹ́yìn adìẹ?",menyo20k,11
"Bí a kò ránni sọ́jà, ọjà kì í ránni sílé.",menyo20k,10
"Bí a kò ṣe ọdẹ rí, a kò lè mọ ẹsẹ̀ẹ kò-lọ-ibẹ̀un.",menyo20k,12
"Bí alẹ́ bá lẹ́, à fi ọmọ ayò fún ayò.",menyo20k,10
"Bí alẹ́ bá lẹ́, bọnnọ-bọ́nnọ́ a rẹ̀wẹ̀sì.",menyo20k,7
"Bí alẹ́ kò lẹ́, òòbẹ̀ kì í fò.",menyo20k,8
"Bí apá ò ká àràbà, apá lè ká egbò ìdíi rẹ̀.",menyo20k,11
"Bí àrùn búburú bá wọ̀lú, oògùn búburú la fi ń wò ó.",menyo20k,12
"Bí eégún ó bàá wọlẹ̀, orò ni ń ṣe.",menyo20k,9
"Bí eré bí eré, àlàbọrùn-ún dẹ̀wù.",menyo20k,6
"Bí igí bá wó lu igi, tòkè là ń kọ́ gbé.",menyo20k,11
"Bí ikún bá jẹ, bí ikún bá mu, ikún a wo oòrùn alẹ́.",menyo20k,13
"Bí ilẹ̀ẹ́ bá laná, ọ̀pọ̀lọ́ á fò gun igi.",menyo20k,9
"Bí ilú bá dá sí méjì, tọba ọ̀rún là ń ṣe.",menyo20k,11
"Bí iṣẹ́ kò pẹ́ ẹni, a kì í pẹ́ iṣẹ́.",menyo20k,10
"Bí kò bá tíì rẹ ìjà, a kì í là á.",menyo20k,11
"Bí o bá já n ó so ọ́, kókó yó wà láàárín-in rẹ̀.",menyo20k,13
"Bí o kò gbọ́ Ègùn, o kò gbọ́ wọ̀yọ̀-wọ̀yọ̀?",menyo20k,9
"Bí obìnrin ò bá gbé ilé tó méjì, kì í mọ èyí tó sàn.",menyo20k,14
"Bí ojú bá rí ọ̀rọ̀, a wò ó fín.",menyo20k,9
"Bí ojú ọmọdé ò tó ìtàn, a bá àwígbọ́.",menyo20k,9
"Bí olósùn-ún bá lọ osùn, araa rẹ̀ ní ń fi dánwò.",menyo20k,11
"Bí òrìṣá bá mú ẹlẹ́yìn, kí abuké máa múra sílẹ̀.",menyo20k,10
Bí òwe bí òwe nIfá ń sọ̀rọ̀.,menyo20k,7
"Bí ọ̀bùn ò mọ èrè, a mọ ojú owó.",menyo20k,9
"Bí ọkùnrín réjò, tóbìrín pa á, à ní kéjò má ṣáà lọ.",menyo20k,12
"Bí Ọlọ́run-ún bá ti fọ̀tá ẹni hanni, kò lè pani mọ́.",menyo20k,11
"Bí ọlọgbọ́n bá ń fi wèrè se iṣu, ọ̀mọ̀ràn a máa fi gègé yàn án.",menyo20k,15
"Bí ọmọ́ bá jágbọ́n-ọn kíké, ìyáa rẹ̀ a jágbọ́n-ọn rírẹ̀ ẹ́.",menyo20k,11
"Bí ọmọ́ bá jágbọ́n-ọn kíkú, ìyá ẹ̀ a jágbọ́n-ọn sísín.",menyo20k,10
"Bí ọmọ́ bá yó, a fikùn han baba.",menyo20k,8
"Bí ọmọdé bá dúpẹ́ ore àná, a rí tòní gbà.",menyo20k,10
"Bí ọmọdé bá ń bẹ́ igi, àgbàlagbà a máa wo ibi tí yóò wó sí.",menyo20k,15
"Bí ọmọdé bá mọ ayò, ẹyọ la ó fi pa á.",menyo20k,11
Bí ọmọdé bá ṣubú a wo iwájú; bí àgbá bá ṣubú a wo ẹ̀yìn.,menyo20k,14
"Bí ọmọdé kọ iyán àná, ìtàn la ó pa fún un.",menyo20k,11
"Bí ọ̀rán bá pẹ́ nílẹ̀, gbígbọ́n ní ń gbọ́n.",menyo20k,9
"Bí ọwọ́ ò bá ṣeé ṣán, à ká a lérí.",menyo20k,10
"Bí sòbìyà yó bàá degbò, olúgambe là á wí fún.",menyo20k,10
"Bí túlàsí bá di méjì, ọ̀kan là ń mú.",menyo20k,9
“Bùn mi níṣu kan” kì í ṣáájú “Ẹkú oko òo.”,menyo20k,10
"Dà-á-sílẹ̀-ká-tun-pín, ogún ijọ́un, a ò pín in re.",menyo20k,8
Dídì ní ń mú abẹ mú.,menyo20k,6
Díẹ̀-díẹ̀ nimú ẹlẹ́dẹ̀ẹ́ fi ń wọgbà.,menyo20k,6
Dùgbẹ̀-dùgbẹ̀ kì í fi ẹyin rẹ̀ sílẹ̀.,menyo20k,7
"Dúró o kíkà; bí o ò dúró kíkà, ìkà a ba tìrẹ jẹ́.",menyo20k,13
Ebi ò pàJèṣà ó lóun ò jẹ̀kọ Ọ̀yọ́; ebí pa ọmọ Obòkun ó jẹ ori.,menyo20k,15
Ebi ò pÀmọ̀le ó ní òun ò jẹ àáyá; ebí pa Súlè ó jọ̀bọ.,menyo20k,14
"Eégún Ẹ̀gbá, Ẹ̀gbá ní ń fọ̀.",menyo20k,6
Elékuru kì í kiri lóko.,menyo20k,5
"Èló là ń ra adìẹ òkókó, tí à ń gba ọmọọ rẹ̀ sìn?",menyo20k,13
"Èmi-ò-níí-fẹ́-obìnrin-tẹ́nìkan-ńfẹ́, olúwarẹ̀ ò níí fẹ́ obìnrin ni.",menyo20k,7
"Èmi-ò-níí-ṣu-imí-le-imí, olúwarẹ̀ ó rìn jìnnà ààtàn.",menyo20k,6
Èpè la fi ń wo èpè sàn.,menyo20k,7
Eré là ń fọmọ ayò ṣe.,menyo20k,6
Èrò kì í mọ ibùsọ̀ kọ́rùn ó wọ̀ ọ́.,menyo20k,9
Ète lẹ̀gbọ́n; ìmọ̀ràn làbúrò; bí-a-ó-ti-ṣe lẹ̀kẹta wọn.,menyo20k,7
Ètò lòfin kìn-ín-ní lóde ọ̀run.,menyo20k,5
Ewúrẹ́ ò ṣeé fiṣu ṣọ́.,menyo20k,5
"Èyí tó yẹ ará iwájú, èrò ẹ̀yìn fiyè sílẹ̀.",menyo20k,9
Ẹ̀bẹ̀ là ń bẹ òṣìkà pé kó tún ìlúu rẹ̀ ṣe.,menyo20k,11
"Ẹbọ díẹ̀, oògùn díẹ̀, ní ń gba aláìkú là.",menyo20k,9
Ẹbọ ẹnìkan là ń fi ẹnìkan rú.,menyo20k,7
Ẹ̀fẹ̀ẹ́ dẹ̀fẹ̀ iyán; a paláwẹ́ ẹ̀kọ baálé ilé ní ẹ̀ ń pèun bí?,menyo20k,13
Ẹ̀fẹ̀ẹ́ dẹ̀fẹ̀ iyán; ò báà gbémi lulẹ̀ n ó bá ọ jẹun.,menyo20k,12
Ẹgbẹ́ ẹni kì í wọ́n láyé ká wá a lọ sọ́run.,menyo20k,11
Ẹjọ́ a-fẹ́ni-lóbìnrin là ń wí; a kì í wíjọ́ a-fẹ́ni-lọ́mọ.,menyo20k,10
Ẹlẹ́jọ́ ṣa èyí tó wù ú wí.,menyo20k,7
Ẹni a pé kó wáá wo kọ̀bì: ó ní kí nìyí kọ́bi-kọ̀bi?,menyo20k,12
Ẹni à ń wò kì í wòran.,menyo20k,7
Ẹni àìgbọ́n pa ló pọ̀; ẹni ọgbọ́n pa ò tó nǹkan.,menyo20k,11
Ẹní bá ríkun nímú ọlọ́jà ní ń fọn ọ́n.,menyo20k,9
Ẹní bá tó ẹnií gbà là ń ké pè.,menyo20k,9
"Ẹní du araa rẹ̀ lóyè Apènà: kó tó jẹ ẹran ọ̀fẹ́, ó dọ̀run.",menyo20k,13
Ẹní gbọ́n juni lọ ní ń tẹni nÍfá.,menyo20k,8
Ẹní léku méjì á pòfo.,menyo20k,5
Ẹní máa ké ìbòsí á pa baba rẹ̀ jẹ.,menyo20k,9
Ẹní rúbọ òrìṣà gbọ́dọ̀ rú ti èèyàn kí ẹbọọ́ tó gbà.,menyo20k,11
Ẹni tí a bá fi oríi rẹ̀ fọ́ àgbọn ò níí jẹ níbẹ̀.,menyo20k,13
"Ẹni tí a wífún kó gbọ́; ẹni tí kò gbọ́, taraa rẹ̀ ni yó dà.",menyo20k,15
Ẹni tí ẹ̀gún gún lẹ́sẹ̀ ní ń ṣe lákáǹláká tẹ̀lé alábẹ́rẹ́.,menyo20k,11
Ẹni tí kò gbọ́n lààwẹ̀ ń gbò.,menyo20k,7
Ẹni tí kò mọ iṣẹ́ẹ́ jẹ́ ní ń pààrà lẹ́ẹ̀mejì.,menyo20k,10
Ẹni tí kò mọ ọba ní ń fọba ṣeré.,menyo20k,9
Ẹni tí ó lè jà ni yóò kúnlẹ̀ kalẹ́.,menyo20k,9
"Ẹni tí yó bọ Ògún, yó ra ọjàa tirẹ̀ lọ́tọ̀.",menyo20k,10
Ẹni tí yó fò yó bẹ̀rẹ̀.,menyo20k,6
"Ẹni tí yó mu ẹ̀kọ fòrò, yó bàá ọmọ ẹlẹ́kọ ṣeré.",menyo20k,11
Ẹni tí yó mu ẹ̀kọ ọ̀fẹ́ yó bàá ọmọ ẹlẹ́kọ ṣeré.,menyo20k,11
Ẹni tó bá da omi síwájú á tẹ ilẹ̀ tútù.,menyo20k,10
"Ẹni tó bá fi ojù àná wòkú, ẹbọra a bọ́ ọ láṣọ.",menyo20k,12
Ẹni tó bá máa jẹ ọ̀pọ̀lọ́ a jẹ èyí tó lẹ́yin.,menyo20k,11
"Ẹni tó bá máa lu òṣùgbó a lu ńlá; kékeré ẹgbẹ̀fà, ńlá ẹgbẹ̀fà.",menyo20k,13
Ẹni tó bá máa mú ọ̀bọ a ṣe bí ọ̀bọ.,menyo20k,10
Ẹni tó bá mọ ìdí ọ̀ràn tẹ́lẹ̀ ní ń bu àbùjá èké.,menyo20k,12
"Ẹni tó bá ní igbàá lò, bí igbàá bá já, kó dúró so ó.",menyo20k,14
"Ẹni tó bá pẹ́ lórí imí, eṣinṣin kéṣinṣin yóò bá a níbẹ̀.",menyo20k,12
"Ẹni tó bá rántí Efuji, kó má fi ore ṣe ẹṣin.",menyo20k,11
Ẹni tó bá sọ pé ẹsẹ̀ eégún ń hàn ní ń wá abẹ́rẹ́ lọ.,menyo20k,14
"Ẹni tó bá yá ìwọ̀fà ẹgbàá, tòun tirẹ̀ ní ń lọ ata kúnná.",menyo20k,13
Ẹni tó dùbúlẹ̀ ṣe oògùn ìjàkadì tán.,menyo20k,7
"Ẹni tó fi irun dúdú ṣeré, yó fi funfun sin ẹniẹlẹ́ni.",menyo20k,11
"Ẹni tó fi owóo rẹ̀ ra ẹṣin, kò níí jẹ́ kó ṣe àrìnjẹ́.",menyo20k,13
"Ẹni tó gbajúmọ̀ tí kò mọ èèyàn-án kí, òun òbúrẹ́wà ẹgbẹ́ra.",menyo20k,11
"Ẹni tó máa tẹ́ òkú ọ̀pọ̀lọ́, yóò ní ilé ògbóni tirẹ̀ lọ́tọ̀.",menyo20k,12
"Ẹni tó máa yáni lẹ́wù, ti ọrùn-un rẹ̀ là ń wò.",menyo20k,11
"Ẹni tó mi kùkùté, araa rẹ̀ ní ń mì.",menyo20k,9
"Ẹni tó mọ ẹtu ní ń kì í ní “òbèjé, ẹlẹ́sẹ̀ ọwọ̀.”",menyo20k,12
"Ẹni tó ń ṣápẹ́ fún wèrè jó, òun àti wèrè ọ̀kan-ùn.",menyo20k,11
Ẹni tó pa kẹ́tẹ́kẹ́tẹ́ yó ru káyá ẹrù.,menyo20k,8
Ẹni tó ránṣẹ́ sí oròó bẹ̀wẹ̀ fún àìsùn.,menyo20k,8
"Ẹni tó re Ìbàdàn tí kò dé ilé Olúyọ̀lé, oko igi ló lọ.",menyo20k,13
"Ẹni tó rúbọ tí kò gba èèwọ̀, bí ẹni tó fi owó ẹbọ ṣòfò ni.",menyo20k,15
"Ẹni tó sọ ẹlẹ́dẹ̀ lékùrọ́, oúnjẹ ló fún un.",menyo20k,9
Ẹni tó torí òtútù fi ọmọrí odó yáná ò gbọdọ̀ retí a-ti-jẹyán.,menyo20k,12
"Ẹnu àìmẹ́nu, ètè àìmétè, ní ń mú ọ̀ràn bá ẹ̀rẹ̀kẹ́.",menyo20k,10
Ẹnu ehoro ò gba ìjánu.,menyo20k,5
Ẹ̀rù bíbà ní ń múni pe àjẹ́ ní ará ire.,menyo20k,10
Ẹrùu hòo kì í wọni lọ́rùn.,menyo20k,6
Ẹ̀sín alátọ̀sí ò sí lọ́wọ́ òkóbó.,menyo20k,6
Ẹyẹ igbó kì í mọ fífò ọ̀dàn.,menyo20k,7
"Ẹyẹ ń wá àtifò, wọ́ ń sọ òkò sí i.",menyo20k,10
"Fi ìjà fún Ọlọ́run jà, fọwọ́ lérán.",menyo20k,7
Ibi tí a bá ń gbé la ti ń gbàwìn; à-rà-àì-san ni ò sunwọ̀n.,menyo20k,14
Ibi tí a gbé epo sí a kì í sọ òkò síbẹ̀.,menyo20k,12
"Ibi tí a ti gùn, ibẹ̀ la ti ń rọ̀.",menyo20k,10
Ibi tí o máa sùn lo tẹ́ ọmọ sí.,menyo20k,9
Ibi tí òjòó ti ń pa igún bọ̀ jìnnà; ta ní rán igún níṣẹ́?,menyo20k,14
Ibi tí òjòó bá ọjọ́ ní ń pa á sí.,menyo20k,10
"Ibi tí oníyọ̀nmọ̀ntìí ṣubú sí, ibẹ̀ ló ti tà á tán.",menyo20k,11
"Ibi tí oyín gbé ń hó, tí àdó ń hó, ìfun ò dákẹ́ lásán.",menyo20k,14
Ìdí òwò ni òwòó gbé tà.,menyo20k,6
Ìgbà ara là ń búra.,menyo20k,5
"Igbá là ń pa, a kì í pa àwo.",menyo20k,9
Ìgbà tí a bá dóko làárọ̀ ẹni.,menyo20k,7
Ìgbà tí a bá rẹni lòwúrọ̀ ẹni.,menyo20k,7
Igbá tó gbédè là ń pè lóṣùwọ̀n.,menyo20k,7
Ìgbín ìbá má mọ̀ ọ́n jẹ̀ ìbá ti kú síjù.,menyo20k,10
Ìgbín ìbá má mọ̀ ọ́n jẹ̀ kò tó okòó.,menyo20k,9
"Ìgbín kì í pilẹ̀ aró, àfè ìmòjò kì í pilẹ̀ àràn.",menyo20k,11
Ìjà ní ń pa onítìjú; ogun ní ń pa alágbára.,menyo20k,10
"Ijó ní ń bọ́ṣọ, ìjà ní ń bọ́ ẹ̀wù.",menyo20k,9
Ikúdú pa ẹṣin à ń yọ̀; ó ń bọ̀ wá pa ọmọ èèyàn.,menyo20k,13
Ilé ajá là ń wá ìwo lọ?,menyo20k,7
Ilé olóuńjẹ là ń dẹ̀bìtì àyà sí.,menyo20k,7
Ilẹ̀ nìjòkò ń jókòó de ìdí.,menyo20k,6
"Ìlẹ̀kẹ̀ àmúyọ, a kì í sin kádìí tán.",menyo20k,8
Ìloro là ń wọ̀ ká tó wọlé.,menyo20k,7
Iná èsìsì kì í jóni lẹ́ẹ̀mejì.,menyo20k,6
Iná kúkú ni yó ba ọbẹ̀ ará oko jẹ́.,menyo20k,9
Iná tó ń lérí omi á kù sọnù.,menyo20k,8
Ìpàṣán tí a fi na ìyálé ń bẹ láàjà fún ìyàwó.,menyo20k,11
Ìròrẹ́ ò leè jà ó múlé ti agbọ́n.,menyo20k,8
"Ìṣeǹṣe ewúrẹ́, kágùntàn fiyè síi.",menyo20k,5
"Iṣú ta iṣu ò ta, ọ̀kọ̀ọ̀kan là ń wúṣu lébè.",menyo20k,10
"Ìtórò tó so lóko tí kò fẹ̀yìntì, afẹ́fẹ́ oko ní ń tú u.",menyo20k,13
Ìwòo ọlọgbọ́n ò jọ ti aṣiwèrè.,menyo20k,6
Ìyàwó sọ ọ̀rọ̀ kan tán: ó ní ìyálé òun a-bẹnu-funfun-bí-ègbodò.,menyo20k,10
Ìyàwó ṣe ọ̀ràn kan tán; ọkọ ẹ̀ ẹ́ ṣe ọ̀ràn-an n kò-jẹ-mọ́.,menyo20k,12
“Já ilé ẹ̀ kí ń bá ẹ kọ́ ọ”; ìtẹ́ èèkàn kan ní ń fúnni.,menyo20k,15
"Kàkà kí ọmọdé pàgbà láyò, àgbà a fi ọgbọ́n àgbà gbé e.",menyo20k,12
Kì í jẹ́ kí etí ẹni di kì í jẹ kí inú ẹni dùn.,menyo20k,14
Kí ni à ń wọ̀ nínúu ṣòkòtò mẹ́ta ọ̀ọ́dúnrún?,menyo20k,9
Kí ni fìlà yó ṣe lórí ògógó? Ata ni yó ṣi.,menyo20k,11
"Kíkọ́ ni mímọ̀, òwe ìjàpá.",menyo20k,5
Kéré-kéré leku ń jawọ; díẹ̀-díẹ̀ leèrà ń bọ́ ìyẹ́.,menyo20k,9
Kò sí alámàlà tí ń sọ pé tòun ò yi; aládàlú nìkan ló sòótọ́.,menyo20k,14
Kò sí aláásáà tí ń ta ìgbokú; gbogbo wọn ní ń ta oyin.,menyo20k,13
Kò sí ẹni tí kò mọ ọgbọ́n-ọn ká fẹran sẹ́nu ká wá a tì.,menyo20k,14
"Kókó ló kọ́kọ́ dé orí, tàbí orí ló kọ́kọ́ dé kókó?",menyo20k,11
Kóǹkólóyo: èyí tó ní tèmi.,menyo20k,5
Kóró-kóró là ń dá Ifá adití.,menyo20k,6
"Kùbẹ̀rẹ̀, ká roko ìpére. Ó ní èyí tí òún lọ òun òì bọ̀.",menyo20k,13
"Lójú òpè, bíi kọ́lọgbọ́n dàbí ọ̀lẹ.",menyo20k,6
“Máa jẹ́ ǹ ṣó” lọ̀yà fi ń ju ẹmọ́ lọ.,menyo20k,10
"“Màá kó ẹrú, màá kó ẹrù” là ń bá lọ sógun; ọ̀nà lẹnìkẹta ń báni.",menyo20k,15
"Màjèṣín dóbò àkọ́kọ́, ó sáré yọ okó síta, ó ní Olúwaá ṣeun.",menyo20k,12
Mójú-kúrò nilé ayé gbà; gbogbo ọ̀rọ̀ kọ́ ló ṣéé bínú sí.,menyo20k,11
"Ní ìlú tí a ò ti fẹ́ ẹyẹlé, adìẹ yóò ṣọ̀wọ́n níbẹ̀.",menyo20k,12
Ní inú Ifá ni Fá-túmọ̀-ọ́ wà.,menyo20k,6
“Níbo ló gbé wà?” nìyájú ẹkùn.,menyo20k,6
Nígbà tí ọwọ́ ò tí ì gbọ́n lojú ń ṣepin.,menyo20k,10
Nítorí adití lòjò fi ń ṣú; nítorí afọ́jú ló ṣe ń kù.,menyo20k,12
Nítorí èèyàn la ṣe ń ní ọwọ́ ọ̀tún; òsì là bá lò.,menyo20k,12
Nítoríi ká lè ríbi gbé e la ṣe ń ṣe ọyàn sódó.,menyo20k,12
"Ó di kan-nu-rin kan-nu-rin, agogo Ògúntólú.",menyo20k,6
O fẹ́ joyè o ní o ò níí jà.,menyo20k,9
O fi awọ ẹkùn ṣẹbọ àìkú; ẹkùn ìbá má kùú ìwọ ìbá rawọ ẹ̀ ṣoògùn?,menyo20k,15
"O kò lu òmìrán lóru, ò ń lù ú lọ́sàn-án.",menyo20k,10
O kò wọ bàtà nínù ẹ̀gún ò ń sáré; o lágbára màlúù?,menyo20k,12
"O kò ì mú ẹrú, o ní Àdó ni ò ó tà á fún.",menyo20k,14
O rí ẹsẹ̀ẹ wèrè o ò bù ú ṣoògùn; níbo lo ti máa rí tọlọgbọ́n?,menyo20k,15
"O sá fún ikú, o bọ́ sí àkọ̀ idà.",menyo20k,9
“Ó ṣe mí rí”; ògbó adìẹẹ́ rí àwòdì sá.,menyo20k,9
"O wà láyé, mo wà láàyè, ò ń bi mí bí ọ̀rún ṣe rí.",menyo20k,14
Ó yẹ kí eégún mọ ẹni tó mú àgbò so.,menyo20k,10
Obìnrin ò gbé ibi tó máa rọ̀ ọ́ lọ́rùn.,menyo20k,9
Òbò ò ṣé ṣe àlejò.,menyo20k,5
"Odídẹrẹ́ dawo, ìkó ìdí ẹ̀ẹ́ dọ̀gbẹ̀rì.",menyo20k,6
Òdú kì í ṣe àìmọ̀ olóko.,menyo20k,6
Ogún kì í pọ̀ ká pín fún aládùúgbò.,menyo20k,8
Ogún ń bókòó? Òwe aṣiwèrè.,menyo20k,5
"Ohùn àgbà: bí kò ta ìgún, a ta èbù.",menyo20k,9
Ohun tí a bá pàdé ò jọ ohun tí a rí tẹ́lẹ̀.,menyo20k,12
Ohun tí a ni la fi ń kẹ́ ọmọ ẹni.,menyo20k,10
Ohun tí a ò rí rí lèèwọ̀ ojú.,menyo20k,8
"Ohun tí a ṣe nílé àna ẹni, “Ojú ń tì mí” kúrò níbẹ̀.",menyo20k,13
Ohun tí kò jẹ́ káṣọ pé méjì ni ò jẹ́ kó dú.,menyo20k,12
Ohun tí kò jẹ́ kí oko pọ̀ ni ò jẹ́ kó mọ́.,menyo20k,12
Ohun tó fọ́ni lójú ló ń júwe ọ̀nà fúnni.,menyo20k,9
Ohun tó jọ oun la fi ń wé ohun; èpo ẹ̀pà ló jọ ìtẹ́ ẹ̀lírí.,menyo20k,15
"Ohun tó ní òun óò bẹ́ni lórí, bó bá ṣíni ní fìlà, ká dúpẹ́.",menyo20k,14
"Ohun tó ní òun óò ṣeni lẹ́rú, tó wá ṣeni níwọ̀fà, ká gbà á.",menyo20k,14
Òjò ò ì dá a ní kò tó tàná.,menyo20k,9
Òjòwú ò já gèlè; kooro ló lè já.,menyo20k,8
Ojú àwo làwó fi ń gba ọbẹ̀.,menyo20k,7
Ojú kan làdá ń ní.,menyo20k,5
Ojú kì í pọ́nni ká fi pọ́nlẹ̀.,menyo20k,7
Ojú kì í pọ́nni ká mu ìṣápá; òùngbẹ kì í gbẹni ká mu ẹ̀jẹ̀.,menyo20k,14
Ojú kì í ti àgbà lóru; jagun a lóṣòó góńgó.,menyo20k,10
Ojú kì í ti eégún kó má mọ̀nà ìgbàlẹ̀.,menyo20k,9
Ojú tó rọ̀ nirorẹ́ ń sọ.,menyo20k,6
“Òkè ìhín ò jẹ́ ká rí tọ̀ún” ò ṣéé pa lówe nílé àna ẹni.,menyo20k,14
"Okó ilé kì í jọ obìnrin lójú, àfi bó bá dó tìta.",menyo20k,12
Oko kì í jẹ́ ti baba àti tọmọ kó má nìí àlà.,menyo20k,12
"Okotoroboó yé ẹyin sílẹ̀, àdàbà ń garùn wo ẹyin ẹlẹ́yin.",menyo20k,10
Òkú ẹran kì í ti ajá lójú.,menyo20k,7
Olè tó gbé fèrè ọba ò róhun gbé.,menyo20k,8
"Olé tó jí kàkàkí, níbo ni yó ti fọn ọ́n?",menyo20k,10
Olóògùn ní ńṣe bí a-láigbọ́-mọ̀ràn; bí ogun ó bàá wọ̀lú ọlọgbọ́n là ńfọ̀rọ̀ lọ̀.,menyo20k,14
Olóhun-ún dolè; “Gbà bù jẹ́” dolóhun.,menyo20k,6
Olóhun kì í rí ohun ẹ̀ kó pè é lórò.,menyo20k,10
Olórìṣà tó da kiriyó: ọjọ́ tó gbọ́ dùrù orí ijó lẹsẹ̀ẹ́ kán sí.,menyo20k,13
Olòṣì ọmọ ní ń fọwọ́ òṣì júwe ilée babaa ẹ̀.,menyo20k,10
Olówó pèlù o ò jó; ọjọ́ wo lo máa rówó pe tìẹ?,menyo20k,12
Òmùgọ̀ èèyàn ní ń bóbìnrin mulẹ̀: ọjọ́ tóbìnrín bá mawo lawó bàjẹ́.,menyo20k,12
Òmùgọ̀ ní ń gbé ígunnu; ọlọgbọ́n ní ń gbowó.,menyo20k,9
Onígi ní ń figi ẹ̀ dọ́pọ̀.,menyo20k,6
Onígbá ní ń pe igbá ẹ̀ ní àíkàrágbá káyé tó fi kólẹ̀.,menyo20k,12
Onígbèsè tí ń pa àpatà ẹyẹ́lé.,menyo20k,6
Onígẹ̀gẹ́ fìlẹ̀kẹ̀ dọ́pọ̀; adámú fi sàárà san ẹgbẹ̀ta.,menyo20k,8
"Oníṣègùn tó sọ pé díẹ̀ ò tó òun, òfo ni yó fọwọ́ mú.",menyo20k,13
Orí ọ̀kẹ́rẹ́ popo láwo; bí a wí fọ́mọ ẹni a gbọ́ràn.,menyo20k,11
Orí tí yó jẹ igún kì í gbọ́; bí wọ́n fun ládìẹ kò níí gbà.,menyo20k,15
"Orí tó kọ ẹrù, owó ní ńnáni.",menyo20k,7
"Orín yí, ìlùú yí padà.",menyo20k,5
Oòrùn kì í jẹ iṣu àgbà kó má mọbẹ̀.,menyo20k,9
Oòrùn kì í là kínú bí olóko.,menyo20k,7
Òtòṣì ò gbọ́ tìṣẹ́ ẹ̀ ó ní ogún kó àparò; ọdẹ́ rorò.,menyo20k,12
Owó kì í lóye kọ́mọ kú sẹ́rú.,menyo20k,7
Owó kì í yéye kọ́mọ ó kú.,menyo20k,7
Owó la fi ń lògbà; ọgbọ́n la fi ń gbélé ayé.,menyo20k,11
Owó ní ń pa ọjà ọ̀mọ̀ràn.,menyo20k,6
"Owó tọ́mọdé bá kọ́kọ́ ní, àkàrà ní ń fií rà.",menyo20k,10
Òwú kì í là kínú bí olóko.,menyo20k,7
"Òyìnbó Òkè Eléérú, ó ṣubú sóde Alọ́ba; kùmọ̀ ni yó gbe dìde.",menyo20k,12
Ọ̀bẹ ń wólé ara ẹ̀ ó ní òún ń ba àkọ̀ jẹ́.,menyo20k,12
"Ọbẹ̀ tí baálé kì í jẹ, ìyáálé ilé kì í sè é.",menyo20k,12
Ọ̀dẹ̀ ọmọ ń fi ìdò ṣeré.,menyo20k,6
"Ọ̀dẹ̀dẹ̀ ò gba òró, àfi abẹ́ ọdán.",menyo20k,7
Ọgbọ́n a-dákọ-kéré ò tó ti a-yọwó-má-rà.,menyo20k,6
Ọgbọ́n dùn-ún gbọ́n; ìmọ́ dùn-ún mọ̀.,menyo20k,6
Ọgbọn la fi ń gbé ayé.,menyo20k,6
Ọgbọ́n lajá fi ń pa ìkokò bọ Ifá.,menyo20k,8
Ọgbọ́n ní ń ṣẹgun; ìmọ̀ràn ní ń ṣẹ́ ẹ̀tẹ̀.,menyo20k,9
"Ọgbọ́n ọlọgbọ́n la fi ń ṣọgbọ́n, ìmọ̀ràn ẹnìkan ò tọ́ bọ̀rọ̀.",menyo20k,11
"Ọgbọ́n tí ahún gbọ́n, ẹ̀yìn ni yó máa tọ ti ìgbín.",menyo20k,11
Ọgbọ́n tí ọ̀pọ̀lọ́ fi pa ẹfọ̀n ló fi ń jẹ ẹ́.,menyo20k,11
Ọgbọọgbọ́n làgbàlagbàá fi ń sá fún ẹran ńlá.,menyo20k,8
Ọjọ́ eré là ń jiyàn ohun.,menyo20k,6
"Ọjọ́ tíìlùú bá ń lu onílù, iṣẹ́ mìíràn-án yá.",menyo20k,9
Ọjọ́ tí olówó ń ṣẹbọ ni à-wà-jẹ-wà-mu ìwọ̀fà.,menyo20k,8
Ọkọ́ ọlọ́kọ́ la fi ń gbọ́n èkìtì.,menyo20k,7
Ọ̀kọ̀ọ̀kan là ń yọ ẹsẹ̀ lábàtà.,menyo20k,6
Ọ̀kọ̀ọ̀kan là ń yọ ẹsẹ̀ lẹ́kù.,menyo20k,6
Ọlọ ò lọ ló dé Ìbarà? Ìbarà a máa ṣe ilé ọlọ?,menyo20k,12
Ọlọ́gbọ́n jẹni bí ẹmùrẹ́n; aṣiwèré jẹni bí ìgbọ̀ngbọ̀n.,menyo20k,8
Ọlọgbọ́n ló lè mọ àdììtú èdè.,menyo20k,6
Ọlọgbọ́n ni yó jogún ògo; aṣiwèrè ni yó ru ìtìjú wálé.,menyo20k,11
Ọlọ́jà kì í wí pé kọ́jà ó tú.,menyo20k,8
Ọlọ́tí kì í mọ ọmọ ẹ̀ lólè,menyo20k,7
"Ọlọ́tọ̀ọ́ ní tòun ọ̀tọ̀; ìyá ẹ̀ẹ́ kú nílé, o gbé e lọ sin sóko.",menyo20k,14
"Ọmọ atiro tó ra bàtà fún bàbá ẹ̀, ọ̀rọ̀ ló fẹ́ gbọ́.",menyo20k,12
"Ọmọ ẹní dàra, bíi ká fi ṣaya kọ́.",menyo20k,8
Ọmọ ẹni kì í gbọnsẹ̀ ká fi eèsún nù ú nídìí.,menyo20k,11
Ọmọ iná là ń rán síná.,menyo20k,6
Ọmọ tí ò ní baba kì í jìjà ẹ̀bi.,menyo20k,9
Ọmọdé kì í mọ àkókò tí kúrò-kúròó fi ń kúrò.,menyo20k,10
Ọmọdé kì í mọ orií jẹ kó má rá a lẹ́nu.,menyo20k,11
Ọmọdé kì í ní ina níle kí tòde má jòó o.,menyo20k,11
"Ọmọdé mọ sáárá, ṣùgbọ́n kò mọ àlọ̀yí.",menyo20k,7
"Ọmọdé ò mẹ̀fọ́, ó ń pè é légbògi.",menyo20k,8
Ọmọdé ò moògùn ó ń pè é lẹ́gùn-ún.,menyo20k,8
Ọ̀mọ̀ràn ní ń mọ oyún ìgbín.,menyo20k,6
Ọ̀pá gbóńgbó ní n ṣíwájú agbọ́ọni.,menyo20k,6
"Ọ̀pẹ̀lẹ̀ èèyàn, bí a ò bá gbé e lulẹ̀, kò níí lè fọhùn ire.",menyo20k,14
Ọ̀pọ̀lọ́ ní kéjò máa kálọ; ìjà òún di ojú ọ̀nà.,menyo20k,10
Ọ̀pọ̀lọ́ ní òún lè sín ìlẹ̀kẹ̀; ta ní jẹ́ fi ìlẹ̀kẹ̀ ọ̀pọ̀lọ́ sídìí ọmọọ ẹ̀?,menyo20k,15
Ọ̀pọ̀lọ̀ ń yan káńdú-kàǹdù-káńdú lóju ẹlẹ́gùúsí; ẹlẹ́gùúsí ò gbọdọ̀ yí i lata.,menyo20k,12
"Ọ̀pọ̀lọ́ ò mọ̀nà odò, ó dà á sí àwàdà.",menyo20k,9
Ọ̀pọ̀lọpọ̀ òjò ní ń lé eégún wọlé kẹri-kẹri.,menyo20k,8
Ọ̀ràn kan la fi ń ṣòfin ọ̀kan.,menyo20k,7
Ọ̀ràn ọlọ́ràn la fi ń kọ́gbọ́n.,menyo20k,6
"Ọ̀ràn tí ò sunwọ̀n, konko ǹ ṣojú.",menyo20k,7
"Ọ̀rọ̀ kì í gbórín ká fi ọ̀bẹ bù ú, ẹnu la fi ń wí i.",menyo20k,15
Ọ̀rọ̀ la fi ń jẹ omitooro ọ̀rọ̀.,menyo20k,7
Ọ̀rọ̀ rere ní ń yọ obì lápò; ọ̀rọ̀ búburú ní ń yọ ọfà lápó.,menyo20k,14
"Ọ̀rọ̀ tí ọlọgbọ́n bá sọ, ẹnu aṣiwèrè la ti ń gbọ́ ọ.",menyo20k,12
"Ọ̀rọ̀ tó dojú rú di ti ọlọ́rọ̀, ayé á dẹ̀yìn.",menyo20k,10
"Ọsán gbé ojú ọrun le kókó; bó bá wọ odò, a di ọ̀-rọ̀-pọ̀jọ̀-pọ̀jọ̀.",menyo20k,13
Ọ̀sán ọ̀run ò pọ́n; ẹni tó bá yá kó máa bá tiẹ̀ lọ.,menyo20k,13
Ọwọ́ aṣiwèrè ni a gbé ń bá apá yíya.,menyo20k,9
Ọ̀wọ̀ọ kókó la fi ń wọ igi; ọ̀wọ̀ òrìṣà la fi ń wọ àfín.,menyo20k,14
"Rà á ire, gà á ire; ìpéǹpéjú ni àlàa fìlà.",menyo20k,10
Ràdà-ràdà-á mọ ibi tí ó ńrè.,menyo20k,6
Rírí tí a rí igún la fi ń ta igún lọ́fà.,menyo20k,11
"“Sìn mí ká relé àna,” ó wẹ̀wù ẹtù.",menyo20k,8
"Sọ̀rọ̀ kí ọlọ́rọ̀ gbọ́, àbùkù ní ń fi kanni.",menyo20k,9
Ṣàǹgó kì í jà kó mú ilé aró.,menyo20k,8
“Ṣe mí níṣu” ní ń ṣíwájú “ẹ kúuṣẹ́” bí?,menyo20k,9
Ṣẹ̀kẹ̀rẹ̀ ò ṣéé fọ̀pá na.,menyo20k,5
"Ṣẹ́kẹ́ṣẹkẹ̀ dára, ṣùgbọ́n alágbẹ̀dẹ ò rọ ọ́ fún ọmọ ẹ̀.",menyo20k,10
Sútà ò nílé; ìkóríta lÈṣù ń gbé.,menyo20k,7
"Ta lèèyàn nínú ẹrú Ààrẹ? A ní Ìdaganna la wá wá, ẹ ní Ìdakolo?",menyo20k,14
Ta ní jẹ́ jẹ ọṣẹ kó fògìrì fọṣọ?,menyo20k,8
"Ta ní mọ̀dí òjò, bí kò ṣe Ṣàngó?",menyo20k,8
"Tábà tí ò dùn, ẹnu ò tà á.",menyo20k,8
"“Tèmi ò ṣòro,” tí kì í jẹ kọ́mọ alágbẹ̀dẹ ní idà.",menyo20k,11
Tẹni ní ń jọnilójú; eèràá bímọọ ẹ̀ ó sọ ọ́ ní òyírìgbí.,menyo20k,12
Tẹni-n-tẹni; bí àpọ́n bá sun iṣu a bù fọ́mọọ ẹ̀.,menyo20k,10
Tẹ̀tẹ́ ní ń ṣíwájú eré sísa.,menyo20k,6
"Tiè̩é̩ sàn, tèmí sàn, lolókùnrùn méjì fi ń dìmú.",menyo20k,9
Tinú ọ̀lẹ lọ̀lẹ ń jẹ; aṣiwèrè èèyàn ni ò mọ èrú tí yó gbà.,menyo20k,14
Wàrà-wàrà là ń yọ oró iná.,menyo20k,6
"Wèrèé dùn-ún wò, kò ṣéé bí lọ́mọ.",menyo20k,7
Wèrèé yàtọ̀ sí wéré; wéré kì í ṣe wèrè; ìjá yàtọ̀ sí eré.,menyo20k,13
Wéré-wéré lọmọdé ń bọ oko èèsì.,menyo20k,6
"Wò mí lójú, wò mí lẹ́ẹ̀kẹ́; ẹni a bá lọ sóde là ń wò lójú.",menyo20k,15
Wolé-wolé kì í wolé agbọ́n láì tẹ́.,menyo20k,7
"Wọ́n ní, “Afọ́jú, o ò tanná alẹ́.” Ó ní àtọ̀sán àtòru, èwo lòún rí níbẹ?",menyo20k,15
A fún ọ níṣu lỌ́yọ̀ọ́ ò ń dúpẹ́; o rígi sè é ná?,menyo20k,13
A kì í bá ẹlẹ́nu jìjà òru.,menyo20k,7
A kì í bú ọba onígẹ̀gẹ̀ lójú àwọn èèyàn-án ẹ̀.,menyo20k,10
A kì í fi ìkánjú lá ọbẹ̀ gbígbóná.,menyo20k,8
A kì í gbélé gba ọfá láìlọ ogun.,menyo20k,8
A kì í kánjú tu olú-ọrán; igba ẹ̀ ò tóó sebẹ̀.,menyo20k,11
A kì í rójú ẹni purọ́ mọ́ni.,menyo20k,7
A kì í sọ̀rọ̀ orí bíbẹ́ lójú ọmọdé; lọ́rùnlọ́rùn ni yó máa wo olúwaa ẹ̀.,menyo20k,15
"À ń ṣa kẹ́kẹ́, aájò ẹwà ni; à ń bàbàjà, aájò ẹwà ni.",menyo20k,13
"A sìnkú tán, alugba ò lọ; ó fẹ́ ṣúpó ni?",menyo20k,10
Abẹ́rẹ́ bọ́ sómi táló; Ọ̀dọ̀fín ní òun-ún gbọ́ “jàbú!”,menyo20k,9
"Àdàbà ń pògèdè, ó rò pé ẹyẹlé ò gbọ́; ẹyẹlé gbọ́, títiiri ló tiiri.",menyo20k,14
"Afẹ́fẹ́ tó wọlé tó kó aṣọ iyàrá, ìkìlọ̀ ni fún ẹni tó wọ tiẹ̀ sọrùn.",menyo20k,15
Àfojúdi ìlẹ̀kẹ̀ ní ń jẹ́ “Ẹrú-kò-ní.”,menyo20k,6
"Àgékù ejò, tí ń ṣoró bí agbọ́n.",menyo20k,7
Àgùntàn bọ̀lọ̀jọ̀ ò gbàgbé eléèrí bọ̀rọ̀.,menyo20k,6
Àgùntàn ń wò sùn-ùn; ọgbọ́n inú pé egbèje.,menyo20k,8
"Àgbẹ̀ ò dáṣọ lóṣù, àfọdún.",menyo20k,5
Àgbẹ̀ tó bá pẹ́ nílé ò níí kọ oko ọ̀sán.,menyo20k,10
À-gbẹ́rù-àì-wẹ̀yìn lọ̀pálábá fi gbàgbé ìyá ẹ̀ sílẹ̀.,menyo20k,7
Agbójúlógún fi araa rẹ̀ fóṣì ta.,menyo20k,6
Àgbọ́ká etí ọlọ́ràn á di.,menyo20k,5
Àìfẹ̀sọ̀ké ìbòsí ni kò ṣéé gbè.,menyo20k,6
Àìlèfọhùn ní ń ṣáájú orí burúkú.,menyo20k,6
Àìrọ́rọ̀sọ ìyàwó tó wí pé èkúté-ilé yó jẹ idẹ; bẹ́ẹ̀ni Mọ́jidẹ nìyálée rẹ̀ ń jẹ́.,menyo20k,15
"Àìsàn là ń wò, a kì í wo ikú.",menyo20k,9
Ajá ilé ò mọdẹẹ́ ṣe.,menyo20k,5
Ajá kì í dán-nu “Kò séwu” lókò ẹkùn.,menyo20k,8
Ajá tí yó sọnù kì í gbọ́ fèrè ọdẹ.,menyo20k,9
Ajá tó rí mọ́tò tó dúró fi araa ẹ̀ bọ Ògún.,menyo20k,11
"Àjànàkú tí a gbẹ́ ọ̀fìn sílẹ̀ dè, erin-ín mojú; erin ò bá ibẹ̀ lọ.",menyo20k,14
"Àjẹ́ ń ké, òkùnrùn ò paradà; ó lówó ẹbọ nílé.",menyo20k,10
Aaka ò gbé ọ̀dàn; igbó ní ń gbé.,menyo20k,8
Àkàlàmàgbòó ṣoore ó yọ gẹ̀gẹ̀ lọ́rùn.,menyo20k,6
"Akánjú jayé, ọ̀run wọn ò pẹ́.",menyo20k,6
"Àáké tí ń gégií kọsẹ̀, gbẹ́nàgbẹ́nàá bu ètù sórí.",menyo20k,9
Àkèekèé ò ṣéé dì níbò.,menyo20k,5
"Àkèekèé ta Kindo lẹpọ̀n, ará ilée Labata ń rojú; kí ló kàn án níbẹ̀?",menyo20k,14
Akóbáni lèkúté-ilé; ejò kì í jàgbàdo.,menyo20k,6
Àkọ̀ tó bá bá ọ̀bẹ dìtẹ̀ á gbọgbẹ́ láti inú.,menyo20k,10
"Àlá tí ajá bá lá, inú ajá ní ń gbé.",menyo20k,10
Alágbàró ò yege; aláṣọ á gbà á bó dọ̀la.,menyo20k,9
"Aláǹgbá tó fojú di erè, ikùn ejò ni yó bàá araa ẹ̀.",menyo20k,12
"Alárìnjó tí yó jòó, kó ti ìwòyí mú ẹsẹ̀ kó le kó kó kó.",menyo20k,14
Aláàárù kì í sọ pé kí ajé ṣe òun pa; ẹlẹ́rù ńkọ́?,menyo20k,12
Aláwàdà ló lè ṣọkọ òṣónú; ẹni tí kò lẹ́nu mímú tete ò lè ṣọkọ alápẹpẹ.,menyo20k,15
Àlọ ni ti alábahun; àbọ̀ ti ànaa rẹ̀.,menyo20k,8
Àlùkẹrẹsẹ ò mọ̀ pé olókoó ládàá.,menyo20k,6
Àmọ̀jù là ń mọ ẹkùn-un Sàárẹ́.,menyo20k,6
Àpáàdì ló tó ko iná lójú.,menyo20k,6
Apataparaá pa araa rẹ̀ lájùbà; ẹni tí yó ko là ń wòye.,menyo20k,12
Àpò tí a kò fi ọwọ́ ẹni dá ṣòroó kiwọ́ bọ̀.,menyo20k,11
Ará Ìbàdàn kì í ságun; à ó rìn sẹ́yìn ni wọ́n ń wí.,menyo20k,13
"À-rí-ì-gbọdọ̀-wí, à-rí-ì-gbọdọ̀-fọ̀ ni ikú awo.",menyo20k,5
Àròkàn ní ń mú à-sun-ùn-dá wá; ẹlẹ́kún sunkún ẹ̀ ó lọ.,menyo20k,11
Arọ ò nasẹ̀ kan dí ọ̀nà.,menyo20k,6
Arọ tí kò lẹ́sẹ̀ nílẹ̀ẹ́ lọ́gbọ́n nínú.,menyo20k,7
Arúgbó ṣoge rí; àkísà-á lògbà rí.,menyo20k,6
Àrùn là ń wó a kì í wokú.,menyo20k,8
Asárétete ní ń kọjá ilé; arìngbẹ̀rẹ̀ ni yóò rí oyè jẹ.,menyo20k,11
"Àṣá ń bá ẹyẹlé ṣeré, ẹyẹlé ń yọ̀; ẹyẹlé ń fikú ṣeré.",menyo20k,12
Àṣesílẹ̀ làbọ̀wábá; ẹni tó da omi síwájú á tẹlẹ̀ tútù.,menyo20k,10
Àṣẹ̀ṣẹ̀wọ́n ológbò ní ń jìyà; bó bá pẹ́ títí a tó ekuú pa.,menyo20k,13
Ataá kéré; ìjá jù ú.,menyo20k,5
Atàkò fọ́ ẹyin àparò; ohun ojú ń wá lojúú ń rí.,menyo20k,11
Atẹ̀yìnrọ́gbọ́n agétí ajá; a gé e létí tán ó fabẹ pamọ́.,menyo20k,11
Àtẹ́lẹwọ́ ẹni kì í tanni.,menyo20k,5
1e Atọrọ-ohun-gbogbo-lọ́wọ́-Ọlọ́run kì í kánjú.,menyo20k,5
Àwòfín ní ń mú ọ̀rẹ́ bàjẹ́; fírí là ń wo ẹni tí ń woni.,menyo20k,14
Àáyá kan-án bẹ̀ ọ́ wò; igba wọ́n ti rí ọ.,menyo20k,10
"Ayáraròyìn, aya ọdẹ, ó ní ọkọ òun pa èkínní, ó pa ẹ̀kẹfà.",menyo20k,12
Àyé gba ògùnmọ̀ ó ránṣẹ́ sí òdú; àyé gba Tápà ó kọ́lé ìgunnu.,menyo20k,13
Ayé ò ṣéé fipá jẹ.,menyo20k,5
“Bá mi mádìẹ” kì í fi orúnkún bó.,menyo20k,8
"Baálé ilé kú, wọ́n fi olókùnrùn rọ́lé; ẹkún ń gorí ẹkún.",menyo20k,11
"“Baálé pè mí n kò wá”, ọ̀hànhàn ní ń pa wọ́n.",menyo20k,11
"Bánú sọ, má bàá èèyàn sọ; èèyàn ò sí; ayé ti dèké.",menyo20k,12
"Bí a bá bu ìrẹ̀ jẹ, ká bu ìrẹ̀ sápò.",menyo20k,10
"Bí a bá bu ọba tí a sẹ́, ọba a fini sílẹ.",menyo20k,12
"Bí a bá bú ọba, à sẹ́; bí a bá bú ọ̀ṣọ̀run, à sẹ́.",menyo20k,14
"Bí a bá dákẹ́, tara ẹni a báni dákẹ́.",menyo20k,9
"Bí a bá fa àgbò féégún, à fi okùn-un rẹ̀ sílẹ̀.",menyo20k,11
"Bí a bá fẹ́ràn ọ̀rẹ́ ẹni láfẹ̀ẹ́jù, bó bá forígbún, ìjà ní ń dà.",menyo20k,14
"Bí a bá fi dídùn họ ifò̩n, a ó họra dé eegun.",menyo20k,12
"Bí a bá fi ojú igi gbígbẹ wo tútù, tútùú lè wó pani.",menyo20k,13
"Bí a bá fi ọdún mẹ́ta pilẹ̀ṣẹ̀ẹ wèrè, ọjọ́ wo la ó bunijẹ?",menyo20k,13
"Bí a bá fi ọdún mẹ́ta ṣánpá, ọdún mélòó la ó fi fò?",menyo20k,13
"Bí a bá ní ká bẹ́ igi, a ó bẹ̀ẹ́ èèyàn.",menyo20k,11
"Bí a bá ń jà, bí í kákú là ń wí?",menyo20k,11
"Bí a bá ń retí òfò, ká fi ohun tọrẹ.",menyo20k,10
"Bí a bá perí ajá, ká perí ìkòkò tí a ó fi sè é.",menyo20k,14
"Bí a bá sọ̀kò sí àárín ọjà, ará ilé ẹni ní ń bà.",menyo20k,13
"Bí a bá sọ̀rọ̀ fún olófòófó, ajádìí agbọ̀n la sọ ọ́ sí.",menyo20k,12
"Bí a bá ṣí ìdí ẹni sókè, ọmọ aráyé á rọ omi gbígbóná sí i.",menyo20k,15
Bí a bá wí a dàbí òwe; bí a ò bá wí a dàbí ìjà.,menyo20k,15
"Bí a kò bá láyàa rìndọ̀rìndọ̀, a kì í jẹ aáyán.",menyo20k,11
"Bí a kò bá lè kú, ìpẹ̀ là ń gbà.",menyo20k,10
"Bí a kò bá lè mú ọkọ, a kì í na obìnrin-in rẹ.",menyo20k,13
"Bí a kò bá lówó aládìn-ín, à jẹun lójúmọmọ, à gbálẹ̀ sùn wàrà.",menyo20k,13
"Bí a kò bá ní èsè ẹ̀fà, a kì í kó iṣu òje.",menyo20k,13
Bí a kò bá rí wọlé-wọ̀de a ò gbọdọ̀ wọlé ọba.,menyo20k,11
"Bí a kò bá ṣe fún ilẹ̀, a kì í fi ọwọ́ sọ ọ́.",menyo20k,14
"Bí a kò rówó ra ẹrú, à sọ adìẹ ẹni lórúkọ.",menyo20k,11
Bí a ó ti ṣe é ní ń fi araa rẹ̀ hàn.,menyo20k,12
Bí adìẹ́ bá gbélẹ̀ a ya òpìpì.,menyo20k,7
"Bí àjànàkú ò bá gbẹ́kẹ̀lé fùrọ̀, kì í mi òdù àgbọn.",menyo20k,11
"Bí àjẹ́ bá mupo, ojúu rẹ̀ a rọ̀.",menyo20k,8
"Bí alágbáraá bá jẹ ọ́ níyà, fẹ̀rín sí i.",menyo20k,9
"Bí alágẹmọọ́ bá fẹ́ kọjá, ìjàm̀pere ò níí jà.",menyo20k,9
"Bí alẹ́ bá lẹ́, adẹ́tẹ̀ a rìn, a yan.",menyo20k,9
"Bí àṣá bá ń bínú, sùúrù ló yẹ ọlọ́jà.",menyo20k,9
"Bí aáṣẹ́ bá ti ń fò, bẹ́ẹ̀ la ti ń sọ̀kò sí i.",menyo20k,13
Bí awó ti ń lù lawó ti ń jó.,menyo20k,9
"Bí bàtá bá ró àrójù, yíya ní ń ya.",menyo20k,9
"Bí ekòló bá kọ ebè, araa rẹ̀ ni yó gbìn sí i.",menyo20k,12
Bí èṣù ikú bá ń ṣe ìgbín nìgbín ń yẹ́yin.,menyo20k,10
"Bí ẹjá bá sùn, ẹja á fi ẹja jẹ.",menyo20k,9
"Bí ẹlẹ́jọ́ bá mọ ẹjọ́ọ rẹ̀ lẹ́bi, kì í pẹ́ níkùnúnlẹ̀.",menyo20k,11
"Bí ẹnìkán bá fojú di Orò, Orò a gbé e.",menyo20k,10
"Bí ìdí ìkokò kò bá dá a lójú, kì í gbé egungun mì.",menyo20k,13
Bí ìfà bí ìfà lọmọdé fi ń dáràn wọlé.,menyo20k,9
"Bí ilé bá dá, adẹ́tẹ̀ a rìn, a yan.",menyo20k,9
"Bí ìlùú bá dún àdúnjù, yó fàya.",menyo20k,7
"Bí iná bá jóni, tó jó ọmọ ẹni, tara ẹni là ń kọ́ gbọ̀n.",menyo20k,14
"Bí iṣu ẹní bá funfun, à fọwọ́ bò ó jẹ.",menyo20k,10
"Bí obìnrín bá wọgbó orò, a ò lè rí àbọ̀ọ ẹ̀ mọ́.",menyo20k,12
"Bí ògbó ẹni ò bá dánilójú, a kì í fi gbárí wò.",menyo20k,12
"Bí ojú alákẹdun ò dá igi, kì í gùn ún.",menyo20k,10
"Bí ojú onísó ò bá sunwọ̀n, a kì í lọ̀ ọ́.",menyo20k,11
"Bí ológbòó bá pa eku, a fi ìrùu rẹ̀ dẹlé.",menyo20k,10
"Bí ológbòó bá ṣẹ̀ ń pa ẹmọ́, à mọ̀ pé ó máa lọ.",menyo20k,13
"Bí òní ti rí, ọ̀la ò rí bẹ́ẹ̀, ni babaláwoó fi ń dÍfá lọ́rọọrún.",menyo20k,14
"Bí oníṣú bá fi iṣuu rẹ̀ se ẹ̀bẹ, ọgbọ́n a tán nínú a-tu-èèpo-jẹ.",menyo20k,13
"Bí ooré bá pọ̀ lápọ̀jù, ibi ní ń dà.",menyo20k,9
"Bí òwe ò bá jọ òwe, a kì í pa á.",menyo20k,11
"Bí ọ̀nàá dé orí àpáta, níṣe ní ń pin.",menyo20k,9
"Bí ọ̀ràn-án bá ṣú òkùnkùn, à bẹ̀ ẹ́ wò lábẹ́.",menyo20k,10
"Bí ọ̀ràn ò tán, ibì kan là ń gbé; arékété lohun ń ṣe.",menyo20k,13
Bíbi là ń bi odò wò ká tó wọ̀ ọ́.,menyo20k,10
"Bọ̀rọ̀kìnní àṣejù, oko olówó ni ń múni lọ.",menyo20k,8
Bọ̀rọ̀kìnnín lọ̀tá ìlú; afínjú lọba ń pa.,menyo20k,7
"Dàda ò leè jà, ṣùgbọ́n ó lábùúrò tó gbójú.",menyo20k,9
Dágun-dágun Kaletu tí ń dá ìbejì lápá.,menyo20k,7
Dá-mìíràn-kún-mìíràn tí ń pa àpatà ẹyẹlé.,menyo20k,6
"Dá-nǹkan-dá-nǹkan, tí kì í dáṣọ̀, tí kì í dẹ́wù.",menyo20k,9
"Èké tanni síjà ẹkùn, ó fi ọrán ṣíṣẹ́ sápó ẹni.",menyo20k,10
Eku tí yó pa ológìnní ò níí dúró láyé.,menyo20k,9
Eku ò gbọdọ̀ ná ọjà tí ológìnní dá.,menyo20k,8
"Èmi ló lòní, èmi ló lọ̀la” lọmọdé fi ń dígbèsè.",menyo20k,10
Èpèé pọ̀ ju ohun tó nù lọ; abẹ́rẹ́ sọnù a gbé ṣẹ́ẹ́rẹ́ síta.,menyo20k,13
Èpèé pọ̀ ju ohun tó nù; abẹ́rẹ́ sọnù wọ́n lọ gbé Ṣàǹgó.,menyo20k,12
Erée kí lajá ń bá ẹkùn ṣe?,menyo20k,7
Èrò kì í; jẹ́wọ́ọ “Mo tà tán.”,menyo20k,7
Eṣinṣin ò mọkú; jíjẹ ni tirẹ̀.,menyo20k,6
Èṣù ò ṣejò; ẹni tó tẹ ejò mọ́lẹ̀ lẹ̀bá ń bá.,menyo20k,11
Etí mẹta ò yẹ orí; èèyàn mẹ́ta ò dúró ní méjì-méjì.,menyo20k,11
Ewú logbó; irùngbọ̀n làgbà; máamú làfojúdi.,menyo20k,6
Ewúrẹ́ jẹ ó relé; àgùntán jẹ ó relé; à-jẹ-ì-wálé ló ba ẹlẹ́dẹ̀ jẹ́.,menyo20k,13
Ewúrẹ́ kì í wọlé tọ ìkokò.,menyo20k,6
Èèyan má-jẹ̀ẹ́-kí-èèyàn-kú ń bẹ níbòmíràn; bó-le-kú-ó-kú ń bẹ nílée wa.,menyo20k,10
Èyí ayé ń ṣe n kà ṣàì ṣe; bádìẹẹ́ máa wọ ọ̀ọ̀dẹ̀ a bẹ̀rẹ̀.,menyo20k,14
"Èyí ò tófò, èyí ò tófò; fìlà ìmàleé kù pẹ́tẹ́kí.",menyo20k,10
"Ẹ pa Ayéjẹ́nkú, ẹ pa Ìyálóde Aníwúrà; ìgbà tí ẹ pa Ìyápọ̀ ẹ gbàgbé ogun.",menyo20k,15
Ẹ̀bi alábahun kì í gbèé dẹ̀bi ànaa rẹ̀.,menyo20k,8
Ẹ̀bìtì ò peèrà tó ṣe pẹ̀lẹ́pẹ̀lẹ́; ẹnu ẹni ní ń pani.,menyo20k,11
"Ẹ̀bìtì tí ò kún ẹmọ́ lójú, òun ní ń yí i lẹ́pọ̀n sẹ́yìn.",menyo20k,13
Ẹ̀gbá mọ̀dí Ọbà; ẹni tó gbéniṣánlẹ̀ẹ́ lè pani.,menyo20k,8
Ẹgbẹ́ ẹja lẹja ń wẹ̀ tọ̀; ẹgbẹ́ ẹyẹ lẹyẹ ń wọ́ lé.,menyo20k,12
Ẹ̀yìn àjànàkú là ń yọ ogbó; ta ní jẹ́ yọ agada lójú erin?,menyo20k,13
Ẹ̀hìn ní ńdun ol-ókùú-àdá sí.,menyo20k,5
"Ẹ̀ẹ̀kan ṣoṣo lọmọ ń sín tí à ń ní “à-sín-gbó, à-sín-tọ́.”",menyo20k,11
Ẹ̀kọ tí kò bá léwé làgbà ń gbà.,menyo20k,8
Ẹkùn kì í yan kí ajá yan.,menyo20k,7
Ẹlẹ́dẹ̀ tó kú légbodò ló ní ká fòun jẹyán.,menyo20k,9
"Ẹlẹ́jọ́ kú sílé, aláròyé kú síta gbangba.",menyo20k,7
Ẹlẹ́kún sunkún ó bá tirẹ̀ lọ; aláròpa ìbá sunkún kò dákẹ́.,menyo20k,11
Ẹlẹ́rù ní ńgbé ẹrù ká tó ba ké ọfẹ.,menyo20k,9
"Ẹ̀lúlùú, ìwọ ló fòjò pa araà rẹ.",menyo20k,7
Ẹni àjò ò pé kó múra ilé.,menyo20k,7
Ẹní bá rọra pa eèrà á rí ìfun inúu rẹ̀.,menyo20k,10
Ẹní bá fẹ́ abuké ni yó ru ọmọọ rẹ̀ dàgbà.,menyo20k,10
Ẹní bá fẹ́ arúgbó gbẹ̀yìn ni yó sìnkúu rẹ̀.,menyo20k,9
Ẹní bá mọ ayéé jẹ kì í gun àgbọn.,menyo20k,9
Ẹní bá mọ ayéé jẹ kì í jà.,menyo20k,8
Ẹní bá mọ iṣin-ín jẹ a mọ ikú ojúu rẹ̀ẹ́ yọ.,menyo20k,11
Ẹní bá na Ọ̀yẹ̀kú á ríjà Ogbè.,menyo20k,7
Ẹní bá sọ púpọ̀ á ṣìsọ.,menyo20k,6
"Ẹní bá pé kí àkàlà má jòkú, ojúu rẹ̀ lẹyẹ ń kọ́kọ́ yọ jẹ.",menyo20k,14
Ẹní gúnyán kalẹ̀ yóò júbà ọbẹ̀.,menyo20k,6
Ẹní gbé adíẹ òtòṣì-í gbé ti aláròyé.,menyo20k,7
Ẹní kánjú jayé á kánjú lọ sọ́run.,menyo20k,7
Ẹni méjì kì í bínú egbinrin.,menyo20k,6
Ẹni òyìnbó fẹ́ràn ní ń tì mọ́lé.,menyo20k,7
Ẹní ṣe ọ̀ràn Ìjẹ̀bú: etí ẹ̀ á gbọ́ ìbọn.,menyo20k,9
Ẹni tí a bá ń mú ìyàwó bọ̀ wá fún kì í garùn.,menyo20k,13
Ẹni tí a bá ti rí kì í tún ba mọ́lẹ̀ mọ́.,menyo20k,12
Ẹni tí a fẹ́ẹ́ sunjẹ kì í fepo para lọ jókòó sídìí iná.,menyo20k,13
"Ẹni tí a ò lè mú, a kì í gọ dè é.",menyo20k,12
"Ẹni tí a ò lè mú, Ọlọ́run là ń fi lé lọ́wọ́.",menyo20k,12
Ẹni tí ń sáré kiri nínúu pápá ń wá ọ̀nà àti jìn sí kòtò.,menyo20k,14
"Ẹni tí ó bá wọ odò ni àyà ń kò, àyà ò fo odò.",menyo20k,14
Ẹni tí ó jìn sí kòtòó kọ́ ará ìyókù lọ́gbọ́n.,menyo20k,10
Ẹni tí ó tọ odò tí kò dẹ̀yìn yò bàá Olúwẹri pàdé.,menyo20k,12
Ẹni tí ó bá mu ọtí ogójì á sọ̀rọ̀ okòó.,menyo20k,10
"Ẹni tí ó yá ẹgbàafà tí kò san án, ó bẹ́gi dí ọ̀nà egbèje.",menyo20k,14
Ẹni tí ó bá obìnrin kó lọ sílée rẹ̀ yó sùn nínú ẹ̀rù.,menyo20k,13
Ẹni tí ò fẹ́ẹ́ wọ àkísà kì í bá ajá ṣe erée géle.,menyo20k,13
Ẹni tí ò tónií nà ò gbọdọ̀ ṣe kọ́-ń-dú síni.,menyo20k,10
Ẹni tí Oròó máa mú ń ba wọn ṣe àìsùn orò.,menyo20k,11
Ẹnìkan kì í fi ọ̀bẹ tó nù jẹṣu.,menyo20k,8
Ẹnu iná ní ń pa iná; ẹnu èrò ní ń pa èrò.,menyo20k,12
"Ẹnu ni àparòó fi ń pe ọ̀rá; a ní “Kìkì ọ̀rá, kìkì ọ̀rá!”",menyo20k,13
Ẹnu tí ìgbín fi bú òrìṣà ní ń fií lọlẹ̀ lọ bá a.,menyo20k,13
Ẹnuù mi kọ́ ni wọ́n ti máa gbọ́ pé ìyá ọbaá lájẹ̀ẹ́.,menyo20k,12
Ẹrẹ̀ òkèọ̀dàn ni yó kìlọ̀ fún a-láròó-gbálẹ̀ aṣọ.,menyo20k,8
Ẹṣin iwájú ni ti ẹ̀yìn ń wò sáré.,menyo20k,8
Ẹ̀sọ̀ ẹ̀sọ̀ la fi ń lá ọbẹ̀ tó gbóná.,menyo20k,9
Ẹ̀tẹ́ ní ń gbẹ̀yìn aláṣejù.,menyo20k,5
Ẹyẹ kí lo máa pa tí ò ń fi àkùkọ ṣe oògùn àtè?,menyo20k,13
Ẹyin lọ̀rọ̀; bó bá balẹ̀ fífọ́ ní ń fọ́.,menyo20k,9
Ẹyin adìẹ ò gbọdọ̀ forí sọ àpáta.,menyo20k,7
"Fáàárí àṣejù, oko olówó ní ń mú ọmọ lọ.",menyo20k,9
Fẹ̀yìntì kí o rí ìṣe èké; farapamọ́ kí; o gbọ́ bí aṣenií ti ń sọ.,menyo20k,15
"Fi ẹ̀jẹ̀ sínú, tu itọ́ funfun jáde.",menyo20k,7
"Fi ohun wé ohun, fi ọ̀ràn wé ọ̀ràn; fi ọ̀ràn jì ká yìn ọ́.",menyo20k,14
Fi ọ̀ràn sínú pète ẹ̀rín; fi ebi sínú sunkún ayo.,menyo20k,10
Fò síhìnín fò sọ́hùnún làkèré fi ń ṣẹ́ nítan.,menyo20k,9
Ganganran ò ṣéé kì mọ́lẹ̀; a-gúnni-lọ́wọ́-bíi-ṣoṣoro.,menyo20k,6
Gìdì-gìdì ò mọ́là; ká ṣiṣẹ́ bí ẹrú ò da nǹkan.,menyo20k,10
Gùdùgudu ò túra sílẹ̀ lẹ́ẹ̀kan.,menyo20k,5
“Gbà sókè” ni “Gbà sọ́kọ̀”; ohun tá a bá sọ síwájú là ḿbá.,menyo20k,13
Gbígbòòrò là ń ṣe ọ̀nà igi.,menyo20k,6
Gbogbo ìjà nìjà; bóo gbémi lulẹ̀ mà mọ́ ẹ lójú lákọ lákọ.,menyo20k,12
"Gbogbo obìnrin ló ń gbéṣẹ́, èyí tó bá ṣe tiẹ̀ láṣejù laráyé ń pè láṣẹ́wó.",menyo20k,15
Gbólóhùn kan Agán tó awoó ṣe.,menyo20k,6
Gbólóhùn kan-án ba ọ̀rọ̀ jẹ́; gbólóhùn kan-án tún ọ̀rọ̀ ṣe.,menyo20k,10
Gbólóhùn kan la bi elépo; elépo ń ṣe ìrànrán.,menyo20k,9
Ìbẹ̀rẹ̀ òṣì bí ọmọ ọlọ́rọ̀ là ń rí.,menyo20k,8
Ibi ìṣáná la ti ńkíyè sóògùn.,menyo20k,6
Ibi tí a gbọ́n mọ là ń ṣòwò-o màlúù mọ.,menyo20k,10
Ibi tí a ti ń wo olókùnrùn lati ń wo ara ẹni.,menyo20k,12
"Ibi tí à ńlọ là ńwò, a kì í wo ibi tí a ti ṣubú.",menyo20k,15
"Ibi tí akátá ba sí, adìẹ ò gbọdọ̀ débẹ̀.",menyo20k,9
Ibi tí ó mọ là ń pè lọ́mọ.,menyo20k,8
Ìbínú lọbá fi ń yọ idà; ìtìjù ló fi ń bẹ́ ẹ.,menyo20k,12
Ìbínú ò da nǹkan; sùúrù baba ìwà; àgbà tó ní sùúrù ohun gbogbo ló ní.,menyo20k,15
Ìbínú ò mọ̀ pé olúwa òun ò lẹ́sẹ̀ ńlẹ̀,menyo20k,9
Ìbìsẹ́yín àgbò kì í ṣojo.,menyo20k,5
"Ìbọn-ọ́n ní apátí kò lápátí, taní jẹ́ jẹ́ ka kọjú ìbọn kọ òun?",menyo20k,13
Ìfẹ́ àfẹ́jù lewúrẹ́ fi ń bá ọkoọ ẹ̀ hu irùngbọ̀n.,menyo20k,10
"Ìfi ohun wé ohun, ìfi ọ̀ràn wé ọ̀ràn, kò jẹ́ kí ọ̀ràn ó tán.",menyo20k,14
"Igi ganganran má gùnún mi lójú, òkèèrè la ti ń wò ó wá.",menyo20k,13
"Igi tó bá bá Ṣàngó lérí, gbígbẹ ní ń gbẹ.",menyo20k,10
Ìgbà ara ń bẹ lára là ń bù ú tà.,menyo20k,10
"Igbá dojúdé ò jọ ti òṣónú, tinú igbá nigbá ń ṣe.",menyo20k,11
Ìgbà tí a bá ní kí Ègùn má jà ní ń yọ̀bẹ.,menyo20k,12
Ìgbà tí a bá perí àparò ní ń jáko.,menyo20k,9
Ìgbín ń ràjò ó filée ẹ̀ ṣẹrù.,menyo20k,7
Ìgbẹ̀yìn ní ń yé olókùúàdá.,menyo20k,5
Ìhàlẹ̀-ẹ́ ba ọ̀ṣọ́ èèyàn jẹ́.,menyo20k,5
Ìjẹǹjẹ àná dùn méhoro; ehoroó rebi ìjẹ àná kò dẹ̀yìn bọ̀.,menyo20k,11
"Ìjímèrè tó lóun ò níí sá fájá, ojú ajá ni òì tíì to.",menyo20k,13
Ijó àjójù ní ń mú kí okóo eégún yọ jáde.,menyo20k,10
Ìkekere ń fọ̀rọ̀ ikú ṣẹ̀rín.,menyo20k,5
Ìkó-eruku èèwọ̀ Ifẹ̀; ajá kì í gbó níbòji ẹkùn.,menyo20k,9
Ìkòkò ń seṣu ẹnìkan ò gbọ́; iṣú dénú odó ariwó ta.,menyo20k,11
Ìkókó ọmọ tó tọwọ́ bọ eérú ni yó mọ bó gbóná.,menyo20k,11
"Ikú ń dẹ Dẹ̀dẹ̀, Dẹ̀dẹ̀ ń dẹ ikú.",menyo20k,8
"Ìlara àlàjù ní ń múni gbàjẹ́, ní ń múni ṣẹ́ṣó.",menyo20k,10
Ilé nÌjèṣàá ti ń múná lọ sóko.,menyo20k,7
Iná kì í wọ odò kó rójú ṣayé.,menyo20k,8
Iná ò ṣéé bò máṣọ.,menyo20k,5
Ìnàkí kì í ránṣẹ́ ìjà sẹ́kùn.,menyo20k,6
Inú ẹni lorúkọ tí a ó sọ ọmọ ẹni ń gbé.,menyo20k,11
"Inúure àníjù, ìfura atèébú ní ń mù wá báni.",menyo20k,9
"Ìpàkọ́ ò gbọ́ ṣùtì, ìpẹ̀yìndà ò mọ yẹ̀gẹ̀ yíyẹ̀.",menyo20k,9
Ìpàkọ́ là ń dà sẹ́yìn ká tó da yangan sẹ́nu.,menyo20k,10
Ìṣẹ́ kì í pani; ayọ̀ ní ń pani.,menyo20k,8
Ìyá là bá bú; bí a bú baba ìjà ní ń dà.,menyo20k,12
"Ìyàn-án mú, ìrẹ́ yó; ìyàn-án rọ̀, ìrẹ́ rù.",menyo20k,8
Ìyàwó la bá sùn; ọkọ ló lóyún.,menyo20k,7
"Ìyàwó ò fọhùn, ó fọ́jú.",menyo20k,5
Ìyẹ̀wù kan ṣoṣo ò lè gba olókùnrùn méjì.,menyo20k,8
"Isà tí ò lójú Alalantorí ń dẹ ẹ́, áḿbọńtorí àgbá ikún.",menyo20k,11
Isán ni à ń mọ olè; ìtàdógún là ń mọ dọ́kọ-dọ́kọ.,menyo20k,11
"Iṣẹ́ tí a kò ránni, òun ìyà ló jọ ń rìn.",menyo20k,11
Itọ́ tí a tu sílẹ̀ kì í tún padà re ẹnu ẹni mọ́.,menyo20k,13
Já ewé ọ̀pọ̀tọ́ kí o ríjà eèrùn; jáwé bọ ẹnu kóo ríjà odi.,menyo20k,13
Jayé-jayé fi ẹ̀lẹ̀ jayé; báyé bá já kò ní àmúso.,menyo20k,10
Jẹ ẹ́ kí o yó oògùn ni kò sunwọ̀n.,menyo20k,9
Jẹ́ kí ọmọ ó ti ọwọ́ ìyáa ẹ̀ kú wá.,menyo20k,10
"Kàkà kí ọmọ ó bẹ̀bẹ̀ ọ̀ràn, òmíràn ni kò níí ṣe mọ́.",menyo20k,12
"Kékeré ejò, má foore ṣe é.",menyo20k,6
Kékerè nìmàleé ti ń kọ ọmọọ ẹ̀ lóṣòó.,menyo20k,8
Kèrègbè tí kò lọ́rùn ni yóò júwe bí àgbẹ̀ ó ti so òun kọ́.,menyo20k,14
Kèrègbè tó fọ́ a padà lẹ́yìn odò.,menyo20k,7
"Kí á fọn fèrè, ká jámú síi, ọ̀kan yóò gbélẹ̀.",menyo20k,10
Kí á lé akátá jìnnà ká tó bá adìẹ wí.,menyo20k,10
Kí á siṣẹ́ ká lówó lọ́wọ́ ò dàbíi ká mọ̀ọ ná.,menyo20k,11
"Kí á tó mọ̀ pé kíjìpá kì í ṣe awọ, ó di ọdún mẹ́ta.",menyo20k,14
Kì í bọ́ lọ́wọ́ èèyàn kó bọ́ sílẹ̀; ọwọ́ ẹlòmíràn ní ń bọ́ sí.,menyo20k,14
Kì í ṣe ojúu kọ̀lọ̀kọ̀lọ̀ ladìẹ́ ti ń jẹ̀.,menyo20k,9
Kì í tán nígbá osùn kó má ba àlà jẹ́.,menyo20k,10
Kì í tètè yé oníbúrẹ́dì; ó dìgbà tó bá di mẹ́ta kọ́bọ̀.,menyo20k,12
Kì í tètè yéni: òwe ńlá ni.,menyo20k,7
Kí ni ó yá apárí lórí tó ń mòòkùn lódò?,menyo20k,10
Kí oníkálùkù rọra ṣe é; ìfẹjú òbò ò lè fa aṣọ ya.,menyo20k,12
Kìtì ò mọ́là; ká siṣẹ́ bí ẹrú ò da nǹkan.,menyo20k,10
Kò sí ajá tí kì í gbó; àgbójù ajá là ń pè ní dìgbòlugi.,menyo20k,14
Kò sí ìgbà tí a dá aṣọ tí a ó rílẹ̀ fi wọ́.,menyo20k,13
Kò sí ohun tí ń le tí kì í rọ̀.,menyo20k,10
Kò sí ohun tí sùúrùú sè tí kò jinná.,menyo20k,9
Kò sí ohun tó lọ sókè tí kò ní padà wá sílẹ̀.,menyo20k,12
Kò sí ohun tó yára pa ẹni bí ọ̀rọ̀ àsọjù.,menyo20k,10
Kòkòrò tó jẹ̀fọ́ jàre ẹ̀fọ́; ìwọ̀n lewéko ń dára mọ.,menyo20k,10
"Kọ́kọ́rọ́ àṣejù, ilẹ̀kùn ẹ̀tẹ́ la fi ń ṣí.",menyo20k,8
Kọkọ-kọkọ ò jẹ́ ká mọ ẹni tí ọ̀ràn ń dùn.,menyo20k,10
Kùkùté kan kì í fọ́ni lépo lẹ́ẹ̀mejì.,menyo20k,7
"Kùn yún, kùn wá bí ikọ̀ eèrà.",menyo20k,7
Labalábá kì í bá wọn nájà ẹlẹ́gùnún; aṣọọ ẹ̀ á fàya.,menyo20k,11
"Labalábá tó dìgbò lẹ̀gún, aṣọ ẹ̀ á fàya.",menyo20k,8
"Làákàyè baba ìwà; bí o ní sùúrù, ohun gbogbo lo ní.",menyo20k,11
"Làálàá tó ròkè, ilẹ̀ ní ń bọ̀.",menyo20k,7
"Lù mí pẹ́, lù mí pẹ́ làpọ́n fi ń lu ọmọọ ẹ̀ pa.",menyo20k,13
Má bà á loògùn ẹ̀tẹ̀.,menyo20k,5
Má bàá mi ṣeré tí kèrègbèé fi gba okùn lọ́rùn.,menyo20k,10
Má fi iyán ewùrà gbọ́n mi lọ́bẹ̀ lọ sóko ẹgàn.,menyo20k,10
"“Má fi okoò mi dá ọ̀nà,” ọjọ́ kan là ń kọ̀ ọ́.",menyo20k,12
“Má fi tìrẹ kọ́ mi lọ́rùn” là ń dá fún apèna àti òwú.,menyo20k,13
"Màá jẹ iṣu, màá jẹ èrú, ibi ayo ló mọ.",menyo20k,10
Má ṣe jáfara: àfara fírí ló pa Bíálà; ara yíyá ló pa Abídogun.,menyo20k,13
Mábàjẹ́ ò jẹ́ fi aṣọọ ẹ̀ fún ọ̀lẹ bora.,menyo20k,9
Méjìi gbẹ̀du ò ṣéé so kọ́.,menyo20k,6
“Méè-wáyé-ẹjọ́” fọmọ ẹ̀ fọ́kọ mẹ́fà. Méèwáyéẹjọ́,menyo20k,6
"“N óò wọ́ ọ kágbó,” ẹ̀yìn-in rẹ̀ ni yó fi lànà.",menyo20k,11
Nítorí ara ilé la ṣe ń dá ṣòkòtò ará oko dára.,menyo20k,11
Nítoríi ká lè simi la ṣe ń ṣe àì-simi.,menyo20k,9
Nítoríi ká má jìyà la ṣe ń yá Májìyà lọ́fà.,menyo20k,10
Nítorí ọjọ́ tí ó bá máa dáràn la ṣe ń sọmọ lórúkọ.,menyo20k,12
Nítorí ọ̀la la ṣe ń ṣòní lóore.,menyo20k,7
Nítorí ọlọgbọ́n la ṣe ń dá ẹ̀wùu aṣiwèrè kanlẹ̀.,menyo20k,9
O bá ẹfọ̀n lábàtà o yọ̀bẹ sí i; o mọ ibi ẹfọ̀n-ọ́n ti wa?,menyo20k,14
Ó dé ọwọ́ aláròóbọ̀ ó di níná.,menyo20k,7
Ó dé orí akáyín àkàràá deegun.,menyo20k,6
O kò rí àkàṣù ò ń pata sẹ́fọ̀ọ́.,menyo20k,8
"O lọ sÍjẹ̀bú ẹ̀ẹ̀kan, o ru igbá àṣẹ bọ̀ wálé.",menyo20k,10
"“Ó ń bọ̀, ó ń bọ̀!” ẹ̀wọ̀n là ń so̩ sílẹ̀ dè é.",menyo20k,13
Ó ní ibi tí tanpẹ́pẹ́ ń gbèjà ẹyìn mọ.,menyo20k,9
Ó ní ohun tí àgbàá jẹ tẹ́lẹ̀ ikùn kó tó sọ pé èyí yó òun.,menyo20k,15
Ó ní ohun tí àgbàá jẹ tẹ́lẹ̀ ikùn kó tó sọ pé ìyàá yó òun.,menyo20k,15
Ó ní ohun tí ìbòsí ràn nínú ìjà.,menyo20k,8
"Ó pẹ́ títí aboyún, oṣù mẹ́sàn-án.",menyo20k,6
O wà lọ́rùn ọ̀pẹ ò ń bá Ọlọ́run ṣèlérí.,menyo20k,9
"Obìnrin tó gégi nígbó Orò, ó gé àgémọ.",menyo20k,8
Òfèèrèfé ò ṣéé fẹ̀yìn tì.,menyo20k,5
Ogun àgbọ́tẹ́lẹ̀ kì í pa arọ.,menyo20k,6
Ohun à ń jẹ là ń tà; bí epo òyìnbó kọ́.,menyo20k,11
"Ohun gbogbo, ìwọn ló dùn mọ.",menyo20k,6
Ohun gbogbo kì í pẹ́ jọ olóhun lójú.,menyo20k,8
Ohun gbogbo kì í tó olè.,menyo20k,6
Ohun tí a bá máa jẹ a kì í fi runmú.,menyo20k,11
Ohun tí a bá tẹjúmọ́ kì í jóná.,menyo20k,8
Ohun tí a fún ẹlẹ́mọ̀ṣọ́ ní ń ṣọ́.,menyo20k,8
Ohun tí a ò pé yó dẹrù ní ń diṣẹ́.,menyo20k,10
Ohun tó bá wu olókùnrùn ní ń pa á.,menyo20k,9
Ohun tó bá wu ọmọọ́ jẹ kì í run ọmọ nínú.,menyo20k,11
Òjijì là ń rọ́mọ lọ́wọ́ alákẹdun.,menyo20k,6
Ojú abẹ ò ṣéé pọ́nlá.,menyo20k,5
Ojú àwòdì kọ́ ladìẹ ń re àpáta.,menyo20k,7
"Ojú ìmàle ò kúrò lọ́tí, ó bímọ ẹ̀ ó sọ ọ́ ní Ìmórù-máhá-wá.",menyo20k,13
Ojú kan náà lèwe ń bágbà.,menyo20k,6
Ojú là ń gbó re ọ̀nà Ìbàdàn: ó fi ogún ọ̀kẹ́ gbàdí.,menyo20k,12
Ojú ní ń kán ọkọlóbìnrin; àlè méjì á jà dandan.,menyo20k,10
Ojú ológbò lèkúté ò gbọdọ̀ yan.,menyo20k,6
Ojú tí yóò bani kalẹ̀ kì í tàárọ̀ ṣepin.,menyo20k,9
Oókan-án sọni dahun eéjì sọni dàpà.,menyo20k,6
Òkèlè gbò-ǹ-gbò-ó fẹ ọmọ lójú toto.,menyo20k,6
Òkèlè kan ní ń pa àgbà.,menyo20k,6
Òkété tó bọ́ ìrùú mọ̀ pé ìpéjú ọjà ọrún òun ló sún.,menyo20k,12
"Òketè baba ogun; bí a ṣígun, olúkúlùkù ní ń di òketèe ẹ̀ lọ́wọ́.",menyo20k,13
Òkìpa ajá la fi ń bọ Ògún.,menyo20k,7
Òkò àbínújù kì í pẹyẹ.,menyo20k,5
Oko ni gbégbé ń gbé.,menyo20k,5
Òkò tí ẹyẹ́ bá rí kì í pẹyẹ.,menyo20k,8
Òkóbó ò lè fi alátọ̀sí ṣẹ̀sín.,menyo20k,6
Òkù àjànàkú là ń yọ ogbó sí; ta ní jẹ́ yọ agada séerin?,menyo20k,13
Okùn àgbò kì í gbèé dorí ìwo.,menyo20k,7
Olè kì í gbé gbẹ̀du.,menyo20k,5
Olóògbé ò jẹ́wọ́; atannijẹ bí orun.,menyo20k,6
Olóòlà kì í kọ àfín.,menyo20k,5
Omi là ń kọ́ ọ́ tẹ̀ ká tó tẹ iyanrìn.,menyo20k,10
"Òní, babaá dákú; ọ̀la, babaá dákú; ọjọ́ kan ni ikú yóò dá baba.",menyo20k,13
"Onílé ń relé wọ́n ní oǹdè ń sá; oǹdè ò sá, ilé ẹ̀ ló lọ.",menyo20k,15
"Ònímónìí, ẹtuú jìnfìń ọ̀lamọ́la, ẹtuú jìnfìn; ẹran miìíràn ò sí nígbó ni?",menyo20k,12
Onínúfùfù ní ń wá oúnjẹ fún onínúwẹ́rẹ́wẹ́rẹ́.,menyo20k,7
Onísùúrù ní ń ṣe ọkọ ọmọ Aláwúsá.,menyo20k,7
Oníṣu ní ń mọ ibi iṣú gbé ta sí.,menyo20k,9
Ooré di ẹrẹ̀ lAwẹ́; àwọn igúnnugún ṣoore wọ́n pá lórí.,menyo20k,10
"Oore tí Agbeé ṣe lỌ́fà, ó dagbe.",menyo20k,7
"Ooreé pọ̀, a fìkà san án.",menyo20k,6
Òòrẹ̀ ní ń ṣẹ́gi tí a ó fi wì í.,menyo20k,10
Orí ejò ò ṣéé họ imú.,menyo20k,6
Orin ní ń ṣíwájú ọ̀tẹ̀.,menyo20k,5
Òrìṣà kékeré ò ṣéé há ní párá.,menyo20k,7
Òròmọ adìẹ ò màwòdì; ìyá ẹ̀ ló màṣá.,menyo20k,8
"Oúnjẹ tí a ó jẹ pẹ́, a kì í bu òkèlèe ẹ̀ tóbi.",menyo20k,13
Owó ò bá olè gbé.,menyo20k,5
Oyún inú: a kì í kà á kún ọmọọ tilẹ̀.,menyo20k,10
Ọ̀bánijà ní ń mọ ìjagun ẹni.,menyo20k,6
Ọ̀bàrà gba kùm̀mọ̀; ó dÍfá fún a-láwìí-ì-gbọ́.,menyo20k,7
"Ọ̀bàyéjẹ́, tí ń ru gángan wọ̀lú.",menyo20k,6
“Ọbẹ̀ lọmú àgbà” ló pa onígbaǹso Ògòdò.,menyo20k,7
Ọbẹ̀ tóo sè tílé fi jóná wàá sọ ọ́.,menyo20k,9
Ọ̀bẹlẹ̀wò bẹlẹ̀wò; bí ewúrẹ́ yó bàá dùbúlẹ̀ a bẹ ilẹ̀ ibẹ̀ wò.,menyo20k,12
Ọ̀bọ ni yo para ẹ̀.,menyo20k,5
Ọ̀dárayá tí ń fi ẹ̀gbẹ́ na igi.,menyo20k,7
Ọ̀daràn ẹyẹ tí ń musàn.,menyo20k,5
"Ọdẹ a-fi-fìlà-pa-erin, ọjọ́ kan ni òkìkíi ẹ̀ ń mọ.",menyo20k,9
"Ọ̀gáa má fi ẹsẹ̀ yí ẹrẹ̀, gbogbo ara ní ń fi yí i.",menyo20k,13
Ọ̀gán ìmàdò ò ṣéé kò lójú.,menyo20k,6
"Ọ̀gẹ̀dẹ̀ ń bàjẹ́, a ní ó ń pọ́n.",menyo20k,8
Ọ̀gọ̀ ń gbé ọ̀gọ rù.,menyo20k,5
"Ọ̀gbágbá wọlẹ̀, ó ku àtiyọ.",menyo20k,5
Ọgbọ́n àgbọ́njù ní ń pa òdù ọ̀yà.,menyo20k,7
Ọgbọ́n pẹ̀lúu sùúrù la fi ń mú erin wọ̀lú.,menyo20k,9
"Ọjọ́ tí a ó bàá nù, gágá lara ń yáni.",menyo20k,10
Ọjọ́ tí a to ọkà a ò to ti èkúté mọ́ ọ.,menyo20k,12
"Ọjọ́ tí àgbẹ̀ ṣíṣeé bá di kíyèsílẹ̀, ká ṣíwọ́ oko ríro.",menyo20k,11
"Ọjọ́ tí elétutuú bá máa fò, ìjàm̀pere kì í rìn.",menyo20k,10
Ọ̀kánjúwà àgbẹ̀ tí ń gbin òwú sóko àkùrọ̀.,menyo20k,8
Ọ̀kánjúwà baba olè; àwòròǹṣoṣòó wo ohun olóhun má ṣèẹ́jú.,menyo20k,9
"Ọ̀kánjúwàá bu òkèlè, ojù ẹ̀ẹ́ lami.",menyo20k,6
"Ọ̀kánjúwà èèyàn-án dé àwùjọ, ó wòkè yàn-yàn-àn-yàn.",menyo20k,7
Ọ̀kánjúwà kì í mu ẹ̀jẹ̀ ẹlòmíràn; ẹ̀jẹ̀ ara ẹ̀ náà ní ń mu.,menyo20k,13
Ọ̀kánjúwà ò ṣéé fi wá nǹkan.,menyo20k,6
Ọ̀kánjúwà ológbò tó jókòó sẹ́nu ọ̀nà; ṣé eku eléku ló fẹ́ pa jẹ?,menyo20k,13
"Ọ̀kánjúwà pẹ̀lú olè, déédé ni wọ́n jẹ́.",menyo20k,7
"Ọ̀kẹ́rẹ́ gorí ìrókò, ojú ọdẹẹ́ dá.",menyo20k,6
"Ọkọ̀ ń jò, ọkọ̀ ń jò! Ìgbà tó bá rì, kò parí ná?",menyo20k,13
Ọ̀kùn-ún mọ̀nà tẹ́lẹ̀ kójú ẹ̀ tó fọ́.,menyo20k,7
Ọkùnrin tó fẹ́ òjòwú méjì sílé ò rẹ́ni fi ṣọ́lé.,menyo20k,10
"“Ọla ni mò ń lọ,” tí ń fi koto ṣe àmù.",menyo20k,11
“Ọlá ò jẹ́ kí n ríran”; ọmọ Èwí Adó tí ń tanná rìn lọ́sàn-án.,menyo20k,14
Ọ̀làjà ní ń fi orí gbọgbẹ́.,menyo20k,6
Ọlọ́dẹ kì í torí atẹ́gùn yìnbọn.,menyo20k,6
"Ọmọ adìẹẹ́ fò, a ní “Ẹrán lọ àkẹ́ẹ̀!”",menyo20k,8
Ọmọ inú ayò ò ṣéé bá bínú.,menyo20k,7
"Ọmọdé bú ìrókò, ó bojú wẹ̀yìn; òòjọ́ ní ń jà?",menyo20k,10
"Ọmọrí odó pani lọ́tọ̀, ká tó wí pé ká kùn ún lóògùn.",menyo20k,12
Ọ̀mùtí ò mu agbè já.,menyo20k,5
Ọ̀nà ẹ̀bùrú dá ọwọ́ olúwaa ẹ̀ tẹlẹ̀.,menyo20k,7
Ọ̀nà ìgbàlẹ̀ a máa já sọ́run.,menyo20k,6
Ọ̀nà ni yó mùú olè; ahéré ni yó mùú olóko.,menyo20k,10
"Ọ̀nà ọ̀fun, ọ̀nà ọ̀run: méjèèjì bákan náà ni wọ́n rí.",menyo20k,10
Ọ̀pọ̀ oògùn ní ń ru ọmọ gàle-gàle.,menyo20k,7
"Ọ̀pọ̀lọ́ lejò ń bùjẹ, tí à ń wí pé ilẹ̀ẹ́ rorò?",menyo20k,11
Ọ̀ràn kì í yẹ̀ lórí alábahun.,menyo20k,6
Ọ̀ràn ńlá-ńlá ní ń bá àpá; ọ̀ràn ṣẹ́kú-ṣẹ́kú ní ń bá oṣè.,menyo20k,12
"Ọ̀ràn ò dun gbọ̀ọ̀rọ̀; a dá a láàárọ̀, ó yọ lálẹ́.",menyo20k,11
Ọ̀ràn ọ̀gẹ̀dẹ̀ ò tó ohun tí à ń yọ àdá sí.,menyo20k,11
Ọ̀rọ̀ lọmọ etí ń jẹ.,menyo20k,5
"Ọ̀rọ̀ ò pọ̀, àkàwée ẹ̀ ló pọ̀.",menyo20k,7
Ọ̀ràn ọkàá ní ìba; ayé ní òṣùwọ̀n.,menyo20k,7
Ọ̀rọ̀ púpọ̀ ò kún agbọ̀n; irọ́ ní ń mú wá.,menyo20k,10
Ọ̀rọ̀ tí a dì ní gbòdògì: bo déwée kókò yó fàya.,menyo20k,11
"Ọ̀rọ̀ tí ò ní ohùn fífọ̀, dídákẹ́ ló yẹ ẹ́.",menyo20k,10
Ọ̀ṣọ́ oníbùjé ò pé isán; ọ̀ṣọ́ onínàbì ò ju ọdún lọ.,menyo20k,11
Ọ̀tọ̀ọ̀tọ̀ là ń tẹ ẹrẹ̀; ọ̀tọ̀ọ̀tọ̀ là ń tẹ eruku.,menyo20k,10
"Ọwọ́ọ baba lẹ wò, ẹ ò wo ẹsẹ̀ẹ baba.",menyo20k,9
Pala-pálà kì í ṣe ẹran àjẹgbé; ẹ ṣáà máa mu àgúnmu.,menyo20k,11
"Pápá tó ní òun ó jòó wọ odò, ọ̀rọ̀ ló fẹ́ẹ́ gbọ́.",menyo20k,12
Pẹ̀lẹ́-pẹ̀lẹ́ lejòó fi ń gun àgbọn.,menyo20k,6
"Pípẹ́ ni yó pẹ̀ẹ́, agbọ̀n á bo adìẹ.",menyo20k,8
"Pípẹ́ ni yó pẹ̀ẹ́, akólòlò á pe baba.",menyo20k,8
"Pípẹ́ ni yó pẹ̀ẹ́, akọ̀pẹ yó wàá sílẹ̀.",menyo20k,8
"Pípẹ́ ni yó pẹ̀ẹ́, amòòkùn yó jàáde nínú odò.",menyo20k,9
"Pípẹ́ ni yó pẹ̀ẹ́, èké ò mú rá.",menyo20k,8
"Pípẹ́ ni yó pẹ̀ẹ́, ẹní lọ sódò á bọ̀ wálé.",menyo20k,10
"Pípẹ́ ni yó pẹ̀ẹ́, Ọ̀rúnmìlà yó jẹ àgbàdo dandan.",menyo20k,9
"Rò ó kóo tó ṣe é, ó sàn ju kóo ṣé kóo tó rò ó.",menyo20k,15
Sà á bí olóògùn-ún ti wí.,menyo20k,6
"Ṣàǹgbákó ró, a ní kò róo re, Ṣàǹgbàkùú gbè é lẹ́sẹ̀.",menyo20k,11
"Ṣe-ká-rí-mi, alájá tó so ẹ̀gi mọ́rùn.",menyo20k,6
“Ṣé kí n fìdí hẹ?” làfòmọ́ fi ń di onílé.,menyo20k,10
"Ṣe-ǹ-ṣe dìwọ̀fà, bó ṣe é yó dẹrúu wọn.",menyo20k,8
Ṣe-ǹ-ṣe ewúrẹ́ làgùntàn ńfiyè sí.,menyo20k,5
“Ta á sí i” kì í báni wá ọfà.,menyo20k,9
"Ta ní rán Abẹ́lù wọ ọkọ̀, tó ní ọkọ̀ọ́ ri òun?",menyo20k,11
"“Tàná là ńjà lé lórí”, ló pa Baálẹ̀ẹ Kòmọ̀kan.",menyo20k,9
"Tantabùlù, aṣòróówọ̀ bí ẹ̀wù àṣejù.",menyo20k,5
Tìjà tìjà ní ń ṣe ará Ọ̀pọ́ndá.,menyo20k,7
Tọ̀sán tọ̀sán ní ń pọ́n ìtalẹ̀ lójú; bílẹ̀ẹ́ bá ṣú yó di olóuńjẹ.,menyo20k,13
"Wàrà ò sí lónìí, wàràá wà lọ́la.",menyo20k,7
Wẹ́rẹ́ wẹ́rẹ́ nikán ń jẹlé.,menyo20k,5
“Wó ilé ẹ kí ń bá ọ kọ”: ẹrù ikán kan ní ńpa fúnni.,menyo20k,14
"Wọ̀bìàá yó tán, ó pe ẹgbẹ́ ẹ̀ wá.",menyo20k,8
"Wọ́n purọ́ fún ọ, o ò gbà; o lè dé ìdí òótọ́?",menyo20k,12
Wọ́n torí ajá ń lóṣòó lọ fowó rọ̀bọ.,menyo20k,8
"Yíyọ́ ẹkùn, tojo kọ́; ohun tí yó jẹ ní ń wá.",menyo20k,11
"Yọkọlú-yọkọlú, kò ha tán bí? Ìyàwó gbọ́kọ ṣánlẹ̀, ọkọọ́ yọké.",menyo20k,10
A kì í dá ẹ̀rù okó ńlá ba arúgbó.,menyo20k,9
A kì í dùbúlẹ̀ ṣubú.,menyo20k,5
A kì í fi ojoojúmọ́ rí olè jà kó dà bíi tọwọ́ ẹni.,menyo20k,13
A kì í fi ojú olójú ṣòwò ká jèrè.,menyo20k,9
A kì í fi ojúbọ́rọ́ gba ọmọ lọ́wọ́ èkùrọ́.,menyo20k,9
A kì í gbọ́ “gbì” ìràwé.,menyo20k,6
A kì í mọ ibi tí à ńlọ kí ọrùn ó wọ ẹni.,menyo20k,13
A kì í ṣe ọ̀jẹ̀ ṣe ojú tì mí; konko lojú alágbe.,menyo20k,12
A kì í walẹ̀ fún adìẹ jẹ.,menyo20k,7
“A ò mọ̀yí Ọlọ́run yó ṣe” kò jẹ́ ká bínú kú.,menyo20k,11
"A pa ẹmọ́ lóko ilá, a jù ú sí ọ̀kẹ́ ìlasa; ilé ẹmọ́ lẹmọ́ lọ.",menyo20k,15
Abẹ́rẹ́ á lọ kí ọ̀nà okùn tó dí.,menyo20k,8
Abẹ̀wẹ̀ ń wá ọ̀tá fúnra ẹ̀.,menyo20k,6
Abiyamọ ọ̀tá àgàn; ẹní ń ṣiṣẹ́ ọ̀tá ọ̀lẹ.,menyo20k,8
"Aboyún bí, ìhá tù ú.",menyo20k,5
"Àdán tó sùn sídìí ọsàn ò rí he, áḿbọ̀sì oódẹ tó ní òún jí dé.",menyo20k,15
Adékànḿbí ò du oyè; ó bèèrè ni.,menyo20k,7
Adùn ní ń gbẹ̀yìn ewúro.,menyo20k,5
A-fàkàrà-jẹ̀kọ́ ò mọ iyì ọbẹ̀.,menyo20k,5
Afẹ́fẹ́ kì í fẹ́ kí omi inú àgbọn dànù.,menyo20k,9
Àfẹ́ká là ń fẹ́ iná.,menyo20k,5
Àgùdà ò jẹ lábẹ̀ẹ Gẹ̀ẹ́sì.,menyo20k,5
"Àgbàbọ̀ọ ṣòkòtò, bí kò fúnni lẹ́sẹ̀ a ṣoni; rẹ́mú-rẹ́mú ni ohun ẹni ń bani mu.",menyo20k,15
Àgbàká lèéfí ń gba igbó.,menyo20k,5
"Àgbaǹgbá ṣe bẹ́ẹ̀, ó làwo lórí san-san.",menyo20k,7
Àgbàrá kọ́ ni yó gbèé omi lọ.,menyo20k,7
Àgbólà ni tàgbọ̀nrín; ọjọ́ tí àgbọ̀nrín bá gbó ni ọjọ́ ikúu rẹ̀ ń yẹ̀.,menyo20k,14
Àìdúró là ń pè níjó.,menyo20k,5
Àìtó eyín-ín ká ni à ń fọwọ́ bò ó.,menyo20k,9
Àjà kì í jìn mọ́ ológbò lẹ́sẹ̀.,menyo20k,7
Ajá wéré-wéré ní ń pa ikún.,menyo20k,6
Ajé sọ ọmọ nù bí òkò.,menyo20k,6
"Ajìnfìn, má ta ojú ilé; ọ̀pọ̀lọ́ jìnfìn má ta ojú àtijáde.",menyo20k,11
A-jókò-ó-kunkun ò jẹ́ kí a-jókòó-jẹ́jẹ́ ó jókòo.,menyo20k,7
Àjùmọ̀bí ò kan ti àrùn; kí alápá mú apáa rẹ̀ kó le.,menyo20k,12
Àkànṣe lọfà ìmàdò; jagan oró ò ran èse.,menyo20k,8
Àkèekèé ní òún kúrò ní kòkòròo kí nìyí?,menyo20k,8
Àkótán ni gẹ̀gẹ̀ ń kó ọ̀fun.,menyo20k,6
Alágẹmọọ́ ti bímọọ rẹ̀ ná; àìmọ̀-ọ́jó kù sọ́wọ́ọ rẹ̀.,menyo20k,9
Alákatam̀pò ojú ò lè ta ẹran pa.,menyo20k,7
Alára ní ńgbáraá ga; bádíẹ́ bá máa wọ̀ọ̀dẹ̀ a bẹ̀rẹ̀.,menyo20k,10
Apárí ní ń fojú di abẹ.,menyo20k,6
Apẹ́ẹ́jẹ kì í jẹ ìbàjẹ́.,menyo20k,5
Àpọntán kò wí pé kí odò má sun.,menyo20k,8
Ara kì í wúwo kí alára má lè gbe.,menyo20k,9
"Araà mí gba òtútù, ó gba ọ̀nini.",menyo20k,7
Àràbà ńlá fojú di àáké.,menyo20k,5
"Ààrẹ àgòrò tó bá gbójú, tòun tolúwa rẹ̀ lẹgbẹ́ra.",menyo20k,9
Ariwo àjìjà ní ń dọ́run.,menyo20k,5
"Àroó pẹ́ lóko, kò tún mọ ìlùú lù.",menyo20k,8
Asúrétete ní ń wojú ọjọ́.,menyo20k,5
Àṣá ò gbádìẹ níkọ̀kọ̀; gbangba làṣá ń gbádìẹ.,menyo20k,8
Àṣá ò lè balẹ̀ kó gbéwúrẹ́.,menyo20k,6
Àṣá wo ìgbín kọ̀rọ̀; ìkaraun-un rẹ̀ ò jẹ́ kó gbé e.,menyo20k,11
Àṣá wọ̀bọ kò rọ́wọ́ gbé e.,menyo20k,6
"Àṣírí ìkokò, ajá kọ́ ni yó tùú u.",menyo20k,8
Àyè kì í há adìẹ kó má dèé ìdí àbaa rẹ̀.,menyo20k,11
"Bí a bá ń pa èpo oṣè, ṣe ní ń máaá sanra sí i.",menyo20k,14
"Bí ebí bá ń pa ọ̀lẹ, à jẹ́ kó kú.",menyo20k,10
"Bí ẹkẹ́ẹ tálákà ò tó lówùúrọ̀, á tó lálẹ́.",menyo20k,9
"Bí ẹnìkan ò kíni “Kú-ù-jokòó,” kíkí Ọlọ́run-ún ju ti igba èèyàn lọ.",menyo20k,12
"Bí ẹrú yó bàá jẹ ìfun, ibi ẹ̀dọ̀ níí tí ń bẹ̀rẹ̀.",menyo20k,12
"Bí ẹ̀yá bá dẹkùn, ẹran ní ńpajẹ.",menyo20k,7
"Bí ilẹ̀ẹ́ bá mọ́, ojú orun lọ̀lẹ ń wà.",menyo20k,9
"Bí iná kò bá tán láṣọ, ẹ̀jẹ̀ kì í tán léèékánná.",menyo20k,11
"Bí iwájú ò bá ṣeé lọ sí, ẹ̀yìn a ṣeé padà sí.",menyo20k,12
"Bí màlúù tó màlúù, ọ̀pá kan ni Fúlàní fi ń dà wọ́n.",menyo20k,12
"Bí ó pẹ́ títí, akólòlò á pe baba.",menyo20k,8
"Bí ó pẹ́ títí, àlejò á di onílé.",menyo20k,8
"Bí Ògún ẹní bá dánilójú, à fi gbárí.",menyo20k,8
"Bí ojú kò pọ́nni bí osùn, a kì í he ohun pupa bí idẹ.",menyo20k,14
"Bí ojú owó ẹni ò yóni, ènì ò lè yóni.",menyo20k,10
"Bí ojúmọ́ mọ́ lékèélékèé a yalé ẹlẹ́fun, agbe a yalé aláró, àlùkò a yalé olósùn.",menyo20k,15
"Bí ọwọ́ kò sin ilẹ̀, tí kò sin ẹnu, ayo ní ń jẹ́.",menyo20k,13
"Bí Ṣàǹgó bá ńpa àràbà, tó ń pa ìrókò, bíi tigi ńlá kọ́.",menyo20k,13
Dàńdógó kì í ṣe ẹ̀wù ọmọdé.,menyo20k,6
"Dídán là ń dán ọ̀ràn wò; bí olówó ẹní kú, à lọ ṣúpó.",menyo20k,13
Dídán lẹyẹlé ń dán kú.,menyo20k,5
Díẹ̀-díẹ̀ lẹyẹ ń mu ọsàn.,menyo20k,5
Ebè kan ṣoṣo àkùrọ́ kúrò ní “Mo fẹ́rẹ̀ẹ́ ṣíwọ́.”,menyo20k,9
Ebi ni yó kọ̀ọ́ wèrè lọ́gbọ́n.,menyo20k,6
"Ebí ń pa ejò, ahún ń yan.",menyo20k,7
Ebi ò jẹ́ ká pa ọwọ́ mọ́; ebí ṣenú papala.,menyo20k,10
Èdì kì í mú ọjọ́ kó má là.,menyo20k,8
"Eégún tí ń jẹ orí ẹṣin, orí àgbò ò lè kò ó láyà.",menyo20k,13
Èkó ilá gba ara ẹ̀ lọ́wọ́ ọ̀bẹ.,menyo20k,7
"Èminrin ń jẹni, kò tó ìyà.",menyo20k,6
Èpè ìbínú ò pa odì.,menyo20k,5
Èpè ìlasa kì í ja àgbọ̀nrín.,menyo20k,6
Èpò ìbúlẹ̀ kì í pa irẹ́.,menyo20k,6
"Eṣú jẹ oko tán eṣù lọ; eṣú lọ Wata, ilée rẹ̀.",menyo20k,11
Èèwọ̀ ni tọwọ̀; a kì í figi ọwọ̀ dáná.,menyo20k,9
Ewu iná kì í pa àwòdì.,menyo20k,6
"Ewúrẹ́ ń ṣọdún, àgùtán gbàlù sẹ́yìn, òbúkọọ́ ní ká sin òun lọ sílé àna òun.",menyo20k,15
Ewúrẹ́ ò lè rí ewé ọdán òkè fi ṣe nǹkan.,menyo20k,10
Ewúro ò fi tojo korò.,menyo20k,5
"Èèyàn ìbáà kúrú, ìbáà búrẹ́wà, gbèsè ò sí, ìtìjú ò sí.",menyo20k,11
Ẹbọ jíjẹ kì í pa igún.,menyo20k,6
Ẹgbẹ̀rún eèrà ò lè gbé ṣúgà; wọ́n ó kàn tò yí i ká lásán ni.,menyo20k,15
Ẹgbẹ̀rún ẹja ò lè dẹ́rù pa odò.,menyo20k,7
Ẹ̀yìn ológbò kì í balẹ̀.,menyo20k,5
"Ẹjọ́ ẹlẹ́jọ́, lọ́yà ń rò ó, áḿbọ̀ǹtorí ẹjọ́ araa rẹ̀.",menyo20k,10
"Ẹ̀lúlùú ní kàkà kí òun má dun ọbẹ̀, òun á rúnwọ rúnsẹ̀ sí i.",menyo20k,14
Ẹ̀lukú tí kò ní èlè lẹgbẹ́ẹ rẹ̀ ń ṣá pa.,menyo20k,10
Ẹní bá ń ṣiṣẹ́ kì í ṣọ̀lẹ; bórí bá túnniṣe a kì í tẹ́ bọ̀rọ̀.,menyo20k,15
"Ẹní bá ń jẹ òbúkọ tó gbójú, yó jẹ àgùtàn tó yọ̀wo.",menyo20k,12
Ẹní bá yẹ ọ̀nà Ìjẹ̀bú tì ni yó yẹ̀ ẹ́ tán.,menyo20k,11
Ẹní gbani láya ò ní kírú ẹni má rà.,menyo20k,9
Ẹní máa jẹun kunkun a tìlẹ̀kùn kunkun.,menyo20k,7
Ẹní máa rí àtisùn akàn á pẹ́ létí isà.,menyo20k,9
Ẹní máa jẹ oyin inú àpáta kìí wo ẹnu àáké.,menyo20k,10
Ẹní máa rí àtisùn-un pẹ́pẹ́yẹ á jẹ gbèsè àdín.,menyo20k,9
Ẹní yára lÒgún ń gbè.,menyo20k,5
Ẹni èèyàn ò kí kó yọ̀; ẹni Ọlọ́run ò kí kó ṣọ́ra.,menyo20k,12
Ẹni ọ̀lẹ́ paá re ọ̀run òṣì; ẹni iṣẹ́ paá re ọ̀run ẹ̀yẹ.,menyo20k,12
Ẹni tí ó gbálẹ̀ ni ilẹ̀ ń mọ́ fún.,menyo20k,9
Ẹni tí ó bá ní ìtara ló ní àtètèbá.,menyo20k,9
Ẹni tí ó forí sọlẹ̀ẹ́ gbìyànjú ikú.,menyo20k,7
Ẹni tí à ḿbọ́ ò mọ̀ pé ìyàn-án mú.,menyo20k,9
Ẹni tí ó fò sókèé bẹ́ ijó lórí.,menyo20k,8
Ẹni tí iṣẹ́ ń paá yá ju ẹni tí ìṣẹ́ ń pa.,menyo20k,12
Ẹni tí ó bá pẹ́ lẹ́yìn ni à ń yọ́ omi ọbẹ̀ dè.,menyo20k,13
Ẹni tí ń gbẹ́lẹ̀ ní ń sìnkú; ẹni tí ń sunkún ariwo ló ń pa.,menyo20k,15
Ẹni tí ó bá wo ojú ìyàwó ní ń mọ̀ pé ìyàwó ń sunkún.,menyo20k,14
Ẹni tí ọ̀ṣọ́ bá wù kó ṣòwò; ẹni ajé yalée rẹ̀ ló gbọ́n.,menyo20k,13
Ẹni tí ó bá ńjẹ lábẹ́ẹ Jẹ́gẹ́dẹ́ ní ńpè é nígi àràbà.,menyo20k,12
"Ẹni tí kíkíi rẹ̀ ò yóni, àìkíi rẹ̀ ò lè pani lébi.",menyo20k,12
Ẹnu iṣẹ́ ẹni ni a ti ń mọ ẹni lọ́lẹ.,menyo20k,10
Ẹnu òfìfo kì í dún yànmù-yànmù.,menyo20k,6
Ẹnú dùn-ún ròfọ́; agada ọwọ́ dùn-ún ṣánko.,menyo20k,7
Ẹ̀rù kì í ba orí kó sá wọnú.,menyo20k,8
Ẹ̀rù ogun kì í ba jagun-jagun.,menyo20k,6
Ẹsẹ̀ kì í wúwo kí ẹlésẹ̀ má lè gbé e.,menyo20k,10
Ẹ̀sọ̀ ẹ̀sọ̀ ni ìgbín fi ń gbà gun igi.,menyo20k,9
Ẹṣin kì í dani kí á má tún gùn ún.,menyo20k,10
Ẹṣin kì í já kó já èkejìi rẹ̀.,menyo20k,8
Ẹyẹ ò sọ fún ẹyẹ pé òkò ń bọ̀.,menyo20k,9
Fi gọ̀gọ̀ sílẹ̀ fún ọ̀dáwé; fi ọkọ sílẹ̀ fún onílara.,menyo20k,10
"“Fọ́ ẹ̀kọ ká jọ mu ú,” kò tó ọkọlóbìnrin-ín ṣe ni.",menyo20k,11
Gbẹ́dó-gbẹ́dó kan ò lè fi ọ̀gẹ̀dẹ̀ ṣe nǹkan.,menyo20k,8
Ìbẹ̀rù ejò ò jẹ́ ká tẹ ọmọ ejò mọ́lẹ̀.,menyo20k,9
Ibi gbogbo ní ń rọ àdàbà lọ́rùn.,menyo20k,7
"Ibi tí a ní kí gbégbé má gbèé, ibẹ̀ ní ń gbé.",menyo20k,12
"Ibi tí a ní kí tẹ̀tẹ̀ má tẹ̀, ibẹ̀ ní ń tẹ̀.",menyo20k,12
Ibo ni imú wà sẹnu? Ibo ni Làǹlátẹ̀ẹ́ wà sí Èrúwà?,menyo20k,11
Idà kì í lọ kídà má bọ̀.,menyo20k,7
Igi kì í dá lóko kó pa ará ilé.,menyo20k,9
Igúnnugún pa guuru mádìẹ; kò leè gbe.,menyo20k,7
Igba eṣinṣin kì í dènà de ọwọ̀.,menyo20k,7
Igba ẹranko kì í dènà de ẹkùn.,menyo20k,7
Ìgbà yí làárọ̀? Arúgbó ń kọgba.,menyo20k,6
Ìgbà yí làárọ̀? Arúgbó ń ṣoge.,menyo20k,6
Ìgbé a gbé ìyàwó kò ṣéé gbé owó.,menyo20k,8
Ìgbín kì í tẹnu mọ́gi kó má gùn ún.,menyo20k,9
"Ìjà ò mọ ẹ̀gbọ́n, ó sọ àbúrò dakin.",menyo20k,8
Ìje òun oore ní ń mú ọmọ ṣiṣẹ́.,menyo20k,8
Ìjèṣà ò nídìi ìṣáná; ilé lọmọ Ọwá ti ń fọnná lọ sóko.,menyo20k,12
Ìjẹkújẹ kì í pa ahanrandi.,menyo20k,5
Ikán ò lè rí ṣe lára ìgànná.,menyo20k,7
"Ìkòkò tí yó jẹ ata, ìdí ẹ̀ á gbóná.",menyo20k,9
Ìkọ́ kì í kọ́ ejò lẹ́sẹ̀.,menyo20k,6
Ikọ̀ tí ò mọ iṣẹ́ẹ́ jẹ́ ní ń jẹ́ ẹ lẹ́ẹ̀mejèe.,menyo20k,11
Ilá kì í ga ju akórè lọ kó má tẹ̀ ẹ́ ká.,menyo20k,12
"Ilé tí a tóó kun, a kì í bo ìtùfùu rẹ̀.",menyo20k,11
"Ilé tí a tó lọ sùn lọ́sàn-án, a kì í tó òru lọ sùn ún.",menyo20k,15
"Ìlérí adìẹ, asán ni lójú àwòdì.",menyo20k,6
Ìlẹ̀kẹ̀ẹ́ gbé orí àtẹ wu ọ̀lẹ.,menyo20k,6
Ìlẹ̀kẹ̀ ọ̀pọ̀lọ́ ò yí olè lójú.,menyo20k,6
Ìlọrin ò lóòṣà; ẹnu lòòṣà Ìlọrin.,menyo20k,6
"Ìmúmúnàá abìdí sembé-sembé; ìmúmúnàá ò dáná rí, tiná-tiná ní ḿbá kiri.",menyo20k,11
Iná kì í jó kí ògiri sá.,menyo20k,7
Iná kì í jó kó wọlé akàn.,menyo20k,7
Ìpa à ń poṣè ara ló fi ńsan.,menyo20k,8
Ìpọ́njú àgbẹ̀ ò ju ọdún kan.,menyo20k,6
"Ìpọ́njú lọmọdé fi ń kọ́Fá, ìgbẹ̀yìn-in rẹ̀ a dẹni.",menyo20k,9
"Ire tí ọwọ́ọ̀ mi ò tó, ma fi gọ̀ǹgọ̀ fà á.",menyo20k,11
Ìríkúrìí kì í fọ́ ojú.,menyo20k,5
"Ìrókò o-nígun-mẹ́rìn-dín-lógún ò tó erin-ín gbémì, áḿbọ̀ǹtorí ìtóò a-lara-boro-boro.",menyo20k,9
Ìrònú ìkokò ní yó pa ajá.,menyo20k,6
Ìrọ́jú ni ohun gbogbo; ojoojúmọ́ ní ń rẹni.,menyo20k,8
"Isán ń bọ́jú, ìtàlá ń wẹsẹ̀.",menyo20k,6
"Iṣẹ́ ajé le, ó tó ọpa.",menyo20k,6
Ìṣẹ́ kì í ṣe ohun àmúṣeré; ìyà kì í ṣe ohun àmúṣàwàdà.,menyo20k,12
Ìṣẹ́ ń ṣẹ́ ọ ò ń rojú; ta ni yó fùn-ún ọ ni oògùn-un rẹ̀?,menyo20k,15
"Ìṣẹ́ ò gbẹ́kún, ebí jàre ọ̀lẹ.",menyo20k,6
Iṣẹ́ ọ̀gẹrọ̀ lọ̀lẹ́ mọ̀ọ́ ṣe; kò jẹ́ wá iṣẹ́ agbára.,menyo20k,10
Iṣu ẹni kì í fini pe ọmọdé kó má ta.,menyo20k,10
Iṣú wà lọ́wọ́ ẹ; ọ̀bẹ́ wà lọ́wọ́ ẹ.,menyo20k,8
"Ìwà ọ̀lẹ ń ba ọ̀lẹ lẹ́rù; ọ̀lẹ́ pàdánù, ó ní aráyé ò fẹ́ràn òun.",menyo20k,14
Ìwòyí èṣí ewùràa babaà mí ti ta; ìrègún rere ò sí níbẹ̀.,menyo20k,12
Ìyà tó ń jẹ ọ̀lẹ ò kéré; a-lápá-má-ṣiṣẹ́.,menyo20k,8
"Ìyáwọ́, ìyásẹ̀ lajá fi ń pa ehoro; wàrà-wàrà lẹkùn ń gùn.",menyo20k,11
Jagajìgì ò mọ ogun; ogun ń pa elégbèje àdó.,menyo20k,9
"Kàkà kí ilẹ̀ kú, ṣíṣá ni yó ṣàá.",menyo20k,8
Kì í kan ẹni ká yẹrí.,menyo20k,6
Kí a re odò ká sùn; kí ni ará ilé yó mu?,menyo20k,12
Kí á gbé ọkọ́ so sájà ká pète ìmẹ́lẹ́; ojúgun-ún yó tán ó fikùn sẹ́yìn.,menyo20k,15
Kí á ránni níṣẹ́ ò tó ká mọ̀ ọ́ jẹ́.,menyo20k,10
"Kí á tó bí ọmọdé, ẹnìkan là ń bá ṣeré.",menyo20k,10
Kí eégún tó dé lAlágbaàá ti ń fọ̀lẹ̀lẹ̀ jẹ̀kọ.,menyo20k,9
Kì í rẹ òòrẹ̀ kó rẹ sinsin ìdí ẹ̀.,menyo20k,9
Kì í tán nígbá osùn ká má rìí fi pa ọmọ lára.,menyo20k,12
Kí ni eégún ń wò tí kò fi òwúrọ̀ jó?,menyo20k,10
Kí ní ń bẹ nínú isà tí yó ba òkú lẹ́rù?,menyo20k,11
Kí òyìnbó tó dé la ti ń wọ aṣọ.,menyo20k,9
Kìnnìún ò níí ṣàgbákò ẹkùn.,menyo20k,5
Kò ka ikú: àdàbà sùú-sùú tí ń jẹ̀ láàrin àṣá.,menyo20k,10
Kò sí alápatà tí ń pa igún.,menyo20k,7
"Kò sí bí igbó ṣe lè ta kókó tó, erin óò kọjá.",menyo20k,12
Kò sí èrè nínúu “Gba owó kà.”,menyo20k,7
"Kò sí ewu lóko, àfi gìrì àparò.",menyo20k,7
Kò sí ibi tí kò gba ọ̀gọ̀; ọ̀lẹ layé ò gbà.,menyo20k,11
Kò sí ibi tí ọwọ́-ọ̀jà erin ò tó.,menyo20k,8
Kò sí ikú tí kò rọ adìẹ lọ́rùn.,menyo20k,8
Kò sí ohun tí ń ti òkè bọ̀ tí ilẹ̀ ò gbà.,menyo20k,12
"Kó wó, kó wó, àràbà ò wó; ojú tìrókò.",menyo20k,9
"Kọ̀ǹkọ̀ṣọ̀ọ́ ní bí a ti ṣe òun tó yìí, òún ṣì ń ku èlùbọ́.",menyo20k,14
Kùtù-kùtù kì í jíni lẹ́ẹ̀mejì; kùtù-kùtù ní ń jẹ́ òwúrọ̀; biri ní ń jẹ́ alẹ́.,menyo20k,15
Labẹ́-labẹ́ ò bá tìjà wá odò; kanna-kánná ò bá ti ẹ̀kọ wá oko.,menyo20k,13
"Lékèélékèé gbàràdá, ó gba tẹlòmíràn mọ.",menyo20k,6
Lójú-lójú là ń wo ẹni tí a óò kéwì fún.,menyo20k,10
Máà gbíyè lógún; ti ọwọ́ ẹni ní ń tóni.,menyo20k,9
“Má kọjá mi Olùgbàlà” kì í ṣe orin à-kúnlẹ̀-kọ.,menyo20k,9
Màrìwò ò wí fúnra wọn tẹ́lẹ̀ tí wọ́n fi ń yọ.,menyo20k,11
"Màrìwò ò wojú ẹnìkan, àfi Ọlọ́run.",menyo20k,6
“Mo kúgbé” lehoro ń dún lóko; “Mo mówó rá” làparò ń dún lábà-a bàbà.,menyo20k,14
“Mo ṣe é tán” ló níyì; a kì í dúpẹ́ aláṣekù.,menyo20k,11
"Ní inú ẹ̀gún, ní inúu gọ̀gọ̀, ọmọ ayò a ṣara bòró.",menyo20k,11
"Ní inú òfíì àti ọ̀láà, ọmọ páńdọ̀rọ̀ ń gbó.",menyo20k,9
Ní inú òwú la ti ń bù ṣènì òwú.,menyo20k,9
"Ní teere, ní tèèrè, Ṣàngó ṣe bẹ́ẹ̀ ó jó wọjà.",menyo20k,10
Ó di ọjọ́ tí àkàrà ìyá kùtà ká tó mọ ọmọ tó lè jẹ̀kọ.,menyo20k,14
Ó gbọ́ tiyán sògìrì mọ́dìí; o gbọ́ toko sọ àdá nù.,menyo20k,11
“Ó kù díẹ̀ kí n wí”: ojo ní ń ssọni da.,menyo20k,11
"Ó ní ibi tí ó ń dé, itọ́-dídámì nínú ààwẹ̀.",menyo20k,10
O ní kí o gbó ogbó Olúàṣo; o lè jìyà bí Olúàṣo?,menyo20k,12
"Ó pa obì, ó yọ abidún-un rẹ̀.",menyo20k,7
"Obìnrin tí yó fẹ̀ẹ́ alágbára, ọkàn kan ní ń mú.",menyo20k,10
"Òbúrẹ́wà ẹni, tòrìṣà ni; àìraṣọlò, tolúwarẹ̀ ni.",menyo20k,7
Odídẹrẹ́ kì í kú sóko ìwájẹ.,menyo20k,6
Odò kì í kún bo ẹja lójú.,menyo20k,7
Odò tí a bá mọ orísun ẹ̀ kì í gbéni lọ.,menyo20k,11
Odó tó bá tojú ẹni kún kì í gbéni lọ.,menyo20k,10
Oògùn kì í gbé inú àdó jẹ́.,menyo20k,7
Ogun kì í jà kó wọlé Asẹ́yín.,menyo20k,7
Ogun kì í rí ẹ̀yìn ogun.,menyo20k,6
"Ogún ọdún tí ebí ti ń pa ọ̀gà, ìrìn-in fàájì ò padà lẹ́sẹ̀ẹ rẹ̀.",menyo20k,14
Ògbógbó àwọ̀n ní ń bi ajáko.,menyo20k,6
Ohun kan ladìẹ ń jẹ kágbàdo tó dé.,menyo20k,8
Ohun tí a bá gbìn la ó kàá.,menyo20k,8
Ohun tí a bá gbìn sẹ́yìn la ó padà bá.,menyo20k,10
Ohun tí a fún ẹ̀ṣọ́ ṣọ́ ni ẹ̀ṣọ́ ń ṣọ́.,menyo20k,10
Òjìji; ṣe lẹ́gẹ́-lẹ́gẹ́ má wòó.,menyo20k,5
"Òjò ìbá rọ̀, kí ladẹ́tẹ̀ ìbá gbìn? Ọwọ́ adẹ́tẹ̀ ò ká ẹyọ àgbàdo mẹ́wàá.",menyo20k,14
"Òjò pamí, òjò pa èreè mi; òjò ò pa ẹwà araà mi dànù.",menyo20k,13
"Òjò-ó pọnmi fún ọ̀lẹ, kò ṣẹ́gi fún ọ̀lẹ.",menyo20k,8
"Òjòó pa alágùnúndì, àgúndìí domi; ìyàwó ń retí àgúndì, ọkọ́ sùn sóko.",menyo20k,12
"Òjó jìyà gbé; alágbáraá bú u, ó gun àjà; a tọ̀ ọ́.",menyo20k,12
"Òjòó pa odídẹ àlùkò ń yọ̀, àlùkòó rò pé ìkó bàjẹ́; òjó mú ìkó wọṣọ.",menyo20k,15
Òjòjò ọ̀lẹ ò tán bọ̀rọ̀; ọ̀lẹ́ bà á tì ó dáná orí.,menyo20k,12
"Ojú abanijẹ́ pọ́n, kò lè tan fìtílà.",menyo20k,7
“Ojú ànaà mi ò sunwọ̀n”; kò ju kó gba ọmọ ẹ̀ lọ.,menyo20k,12
Ojú kì í pọ́n iṣin ká má bàá wóró nínú ẹ̀.,menyo20k,11
Ojú kì í pọ́n iṣin kó má là.,menyo20k,8
Ojú là ń rọ́; ògó ṣòroó ṣe.,menyo20k,7
Ojú lakàn-án fi ń ṣọ́ orí.,menyo20k,6
Ojú mẹ́wàá kò jọ ojú ẹni.,menyo20k,6
“Ojú ò fẹ́rakù” tí ń ta ajá ẹ lókòó; ó fowó ṣíyán jẹ.,menyo20k,13
Ojú olójú kì í gba ọ̀ràn fúnni wò.,menyo20k,8
Ojú olójú ò jọ ojú ẹni; a-ṣọ́ràn-deni ò wọ́pọ̀.,menyo20k,9
Ojú rẹ́gbin kò fọ́: a-jọ̀pọ̀-ìyà-má-rù.,menyo20k,5
"Ojú ti kókó, ojú ti eéwo; ojú ti aáràgbá ìdí pẹ̀lú.",menyo20k,11
Ojú tó ti rí gbẹ̀lẹ̀dẹ́ ti rópin ìran.,menyo20k,8
Ojú tó ti rókun ò ní rọ́sà kó bẹ̀rù.,menyo20k,9
Ojúmọ́ kì í mọ́ kí ọwọ́ má yùn-ún ẹnu.,menyo20k,9
Ojúoró ní ń lékè omi; òṣíbàtà ní ń lékè odò.,menyo20k,10
Òkété fìjà sẹ́yìn; ó dọ́jà tán ó káwọ́ lérí.,menyo20k,9
Òkìkí ajá kì í pa oṣù.,menyo20k,6
Òkìkí ò poṣù; ariwo ò pagún; ibi ẹ rí ẹ kíbòsíì mi lọ.,menyo20k,13
Oko etílé ladìẹ́ lè ro.,menyo20k,5
Òkò kan igi; òkò padà sẹ́yìn kí o rebi o ti wá.,menyo20k,12
Òkú ò moye à ń ràgọ̀.,menyo20k,6
Òkú ọdún mẹ́ta kúrò ní àlejò sàréè.,menyo20k,7
Òkú ọ̀lẹ ò ní pósí.,menyo20k,5
Olójú kì í fojú ẹ̀ sílẹ̀ kí tàlùbọ́ kó wọ̀ ọ́.,menyo20k,11
Olówó kì í fi owó ẹ̀ fún abòṣì ná.,menyo20k,9
Olúmọ Ẹ̀gbá ò ṣéé gbé.,menyo20k,5
Omi adágún ò lè gbé màlúù lọ.,menyo20k,7
"Omi ló dànù, agbè ò fọ́.",menyo20k,6
Omi ṣẹ́lẹ̀rú ò mu akèrègbè.,menyo20k,5
"Omí wọ́ yanrìn gbẹrẹrẹ, bẹ́ẹ̀ni omi ò lọ́wọ́, omi ò lẹ́sẹ̀.",menyo20k,11
"“Oní ló ń mọ,” ìjà ọ̀lẹ.",menyo20k,6
"Òní, “Mò ń lọ”; ọ̀la, “Mò ń lọ,” kò jẹ́ kí àlejò gbin awùsá.",menyo20k,14
"Òní ọ̀wẹ̀, ọ̀la àáró; iṣẹ́ oníṣẹ́ ò jẹ́ ká ráàyè ṣe tẹni.",menyo20k,12
Oníbàjẹ́ ò lódó; ẹnu gbogbo lodóo wọn.,menyo20k,7
Oníbànà ní ń tọ́jú òroǹbó; onídẹ ní ń tọ́jú awẹdẹ.,menyo20k,10
Onígbèsè èèyàn-án ti kú; a ò tíì sìnkú ẹ̀ ni.,menyo20k,10
OníṢàngó ò mẹni tí òún ń wà lóògì dànù.,menyo20k,9
Oníṣòwó wà lóòrùn; náwónáwó wà níbòji.,menyo20k,6
Oníṣú fiṣu ẹ se ẹ̀bẹ; ojú ti atèèpojẹ.,menyo20k,8
Orí adẹ́tù ń pète àrán; orí adáràn-án ń pète àtijọba.,menyo20k,10
Orí iṣẹ́ laago ń kú lé.,menyo20k,6
Orí kì í tóbi kólórí má lè gbé e.,menyo20k,9
Orí ń lá kì í pá tán.,menyo20k,7
Orí olórí kì í báni gbẹ́rù.,menyo20k,6
Òrìṣà tí ń gbọ̀lẹ ò sí; apá ẹni ní ń gbeni.,menyo20k,11
Oríta mẹ́ta ò kọnnú ẹbọ.,menyo20k,5
"Oòrùn ò kan àtàrí, ọwọ́ ò dá.",menyo20k,7
"Oòrùn ò pa ọ́, òjò ò pa ọ́, o ní ò ń ṣiṣẹ́ ajé.",menyo20k,14
Òṣìṣẹ́ wà lóòrùn; ẹní máa jẹ́ wà níbòji.,menyo20k,8
Oṣù mẹ́ta lebi ń pàgbẹ̀.,menyo20k,5
Òwò àdà kì í pa àdá; òwò ọkọ́ kì í yọ ọkọ́ lẹ́nu.,menyo20k,13
"Owó ò mọ ẹ̀gbọ́n, ó sọ àbúrò dàgbà.",menyo20k,8
Owó ò níran; àfi ẹni tí kò bá ṣiṣẹ́.,menyo20k,9
"Òwò tí a bá máa ṣe àṣelà, a kì í rí àpá ẹ̀ lára ẹni.",menyo20k,15
"Òwò tí a fowó rà, owó la fi ń pa.",menyo20k,10
Òwò tí a ó ṣe là ń tọ́jú; Òjí fabẹ họra.,menyo20k,11
Owó olówó leégún ń ná.,menyo20k,5
Òyìnbó baba ọ̀nájà; ajé baba téní-téní.,menyo20k,6
Òyìnbó ta ọjà ta orúkẹ; Ègún tajà ta èdìdì.,menyo20k,9
"Ọbẹ̀ tó dùn, owó ló pa á.",menyo20k,7
"Ọbẹ̀ẹ́ tutù tán, a dawọ́ bù ú lá.",menyo20k,8
Ọ̀dájú ló bí owó; ìtìjú ló bí gbèsè.,menyo20k,8
Ọ̀gẹ̀dẹ̀ dúdú ò ṣéé bùṣán; ọmọ burúkú ò ṣéé lù pa.,menyo20k,11
Ọgbọ́n òyìnbó ti ojú òkun là wá; aṣọ kí ni o borí akẹsẹ?,menyo20k,13
"Ọjà tí a fowó rà, owó la fi ń pa.",menyo20k,10
Ọ̀-jẹ-wọ̀mù-wọ̀mù-kú-wọ̀mù-wọ̀mù lorúkọ tí àpà ń jẹ́.,menyo20k,6
Ọjọ́ a bá kọ́ ọ̀lẹ là ń kọ́ inú rírọ́.,menyo20k,10
Ọjọ́ a bá rí ìbí nìbí ń wọlẹ̀.,menyo20k,8
Ọjọ́ eré lọ̀ràn ń dun ọ̀lẹ.,menyo20k,6
Ọjọ́ tí a dóko là ń jìjà ilẹ̀.,menyo20k,8
Ọjọ́ tí a ń kọ́ṣẹ́ là ń kọ́ ìyára.,menyo20k,9
"Ọ̀lẹ́ bà á tì, ó kó sílé Ifá.",menyo20k,8
"Ọ̀lẹ́ bà á tì, ó kó sílée kéú.",menyo20k,8
Ọ̀lẹ èèyàn ò rí ayé wá.,menyo20k,6
"Ọ̀lẹ́ fẹ́ àrùn kù, ó bú pùrù sẹ́kún.",menyo20k,8
Ọ̀lẹ́ fi ọ̀ràn gbogbo ṣe “hòo.”,menyo20k,6
"Ọ̀lẹ́ jogún ìbànújẹ́, ó ní òún jogún ìran òun.",menyo20k,9
"Ọ̀lẹ́ kákò, ó di òjòjò.",menyo20k,5
Ọ̀lẹ́ mọ èèwọ̀ ìjà: ó ní bàbá òún ní kóun má jà lọ́nà oko.,menyo20k,14
Ọ̀lẹ ò yẹẹ́ ní lọ́mọ.,menyo20k,5
"Ọlọgbọ́n kì í kú sóko ọ̀lẹ; bí ọlọgbọ́n bá kú sóko ọ̀lẹ, ọ̀ràn náà nídìí.",menyo20k,15
Ọlọ́mú dá ọmú ìyá ẹ̀ gbé.,menyo20k,6
Ọlọ́run yó pèsè; kì í ṣe bí èsè oríta.,menyo20k,9
"Ọmọ tí yó jẹ̀ẹ́ àṣàmú, kékeré ní ń tií n ṣẹnu ṣámú-ṣámú.",menyo20k,12
Ọmọ tó káwọ́ sókè ló fẹ́ ká gbé òun.,menyo20k,9
Ọmọ tó ṣípá fúnni là ń gbé jó.,menyo20k,8
Ọmọdé ò mọ ibi tí à ń pọn òun rè.,menyo20k,10
Ọ̀mu ní ń gbe ọ̀mu mì.,menyo20k,6
Ọ̀nà kì í dí mọ́ aládàá.,menyo20k,6
Ọ̀ràn búburú kì í bá ikún nílé.,menyo20k,7
Ọrùn kì í wọ òṣùká; ẹlẹ́rù lọrùn ń wọ̀.,menyo20k,9
Ọwọ́ atẹ́gùn ò ká gẹdú.,menyo20k,5
Ọwọ́ ẹni la fi ńtú ìwà ara ẹni ṣe.,menyo20k,9
Ọwọ́ ẹni ni yó yòóni.,menyo20k,5
Ọwọ́ ní ń tún ara ṣe.,menyo20k,6
Ọwọ́ tó dilẹ̀ là ń fi lérán.,menyo20k,7
Ọyẹ́ ni yó kìlọ̀ fún onítòbí.,menyo20k,6
"Pà-pà lójú lẹ́ẹ̀kínní, pà-pà lójú lẹ́ẹ̀kejì; bójú náà ò bá fọ́, bàì-bàì ní ń dà.",menyo20k,15
"Páńdọ̀rọ̀ọ́ já, ará rọ ìyá ẹ̀.",menyo20k,6
Ṣàngó ò lè pa igi ńlá.,menyo20k,6
Ṣe kóo ní; àbá ò di tẹni; èèyàn ò ṣoògùn ọrọ̀.,menyo20k,11
Ṣòkòtò gbọọrọ ò dọlà; abíni lÉkòó ò dowó.,menyo20k,8
"Ṣòkòtò tí ń ṣiṣẹ́ àrán, oko ní ń gbé.",menyo20k,9
Tàkúté tí yó pa Aláginjù á pẹ́ lóko kí wọ́n tó gbé e wálé.,menyo20k,14
Tàpò-tàpò là ń yọ jìgá; tewé-tewé là ń yán ẹ̀kọ.,menyo20k,10
Tẹ̀tẹ̀ ẹ̀gún ti lómi tẹ́lẹ̀ kójò tó rọ̀ sí i.,menyo20k,10
"Títa ríro là ń kọlà, bó bá jinná a di tẹni.",menyo20k,11
Tojú tìyẹ́ làparòó fi ń ríran.,menyo20k,6
"Tọ̀sán tòru, imú ò gbélẹ̀; bó ba dákẹ́, a jẹ́ pé ó pin.",menyo20k,13
Wàhálà ló bí ìrọra; òṣì ló bí wàhálà.,menyo20k,8
Wèrèpè ò níbìkan àgbámú; gbogbo ara ní ń fií jóni.,menyo20k,10
Wíwẹ̀ là ń wẹ̀ ká tó jàre ọyẹ́.,menyo20k,8
"Compare Wọ́n ní “Àwòko, o bú ọba.”",menyo20k,7
A kì í pè é lẹ́rù ká pè é lọ́ṣọ̀ọ́.,menyo20k,10
A kì í rí ẹṣin ní ìso.,menyo20k,7
A kì í rí i ká tún sọ pé a ò ri mọ́.,menyo20k,13
A kì í ró aṣọ ajé sídìí ká dájọ́ òdodo lẹ́bi.,menyo20k,11
A kì í so ẹran mẹ́ran kó kàn án pa.,menyo20k,10
A kì í sọ̀rọ̀ ìkọ̀kọ̀ kó má diyàn ní gbangba.,menyo20k,10
A kì í ṣe ẹlẹ́jọ́ ní “N gbọ́?”,menyo20k,8
Àbàtá pani; àbàtá pani; ká ṣá sọ pé odòó gbéni lọ.,menyo20k,11
Àbẹ̀tẹ́lẹ̀ ní ń fọ́jú onídàájọ́.,menyo20k,5
Adánu tí ń jẹ ilá: ó ní “Ẹ ò rí ilẹ̀ báyìí?”,menyo20k,12
Àdàpè olè ní ń jẹ́ àfọwọ́rá.,menyo20k,6
Àdàpè olè ní ń jẹ́ “ọmọọ̀ mi ń fẹ́wọ́.”,menyo20k,9
Àdàpè ọ̀rọ̀ ò jẹ́ ká mọ ìtumọ̀ orúkọ.,menyo20k,8
"A-dọ́gbọ́n-pàgùntàn-jẹ Ìlárá, ó ní ojú ẹ̀ ń ba òun lẹ́rù.",menyo20k,10
Afasẹ́gbèjò ń tan araa rẹ̀ jẹ.,menyo20k,6
Afẹ́nilóbìnrin ò ro ire síni.,menyo20k,5
"Afìkọ̀kọ̀jalè, bí ọba ayé ò rí ọ, tọ̀rún rí ọ.",menyo20k,10
"Afọ́jú àjànàkú, kò mọ igi, kò mọ èèyàn.",menyo20k,8
Àfọwọ́rá ní ń jẹ́ olè.,menyo20k,5
Àgbàdo kì í ṣe èèyàn; ta ní ń rí ọmọ lẹ́yìn eèsún.,menyo20k,12
Àgbàká lodi ń gba ìlú.,menyo20k,5
Àgbàká nigbà ń gba ọ̀pẹ.,menyo20k,5
"Àgbọ́ìgbọ́tán Ègùn, ìjà ní ń dá sílẹ̀.",menyo20k,7
"Àjàlá, ta ní nà ọ́? Ìwọ náà kọ́ un?",menyo20k,9
Àjànàkú kúro ni “A rí nǹkan fìrí”; bí a bá rérin ká wí.,menyo20k,13
Àjò àìwuniíyún là ń dÍfá sí.,menyo20k,6
"A-kápò-má-ṣọdẹ, ọ̀tá ẹranko, ọ̀tá èèyàn.",menyo20k,5
Àkàsọ̀ faratilẹ̀ faratilé; bí ẹni tí a fẹ̀yìntì óò bá yẹni a wí fúnni.,menyo20k,14
Alákatam̀pò ò mọ irú ẹran.,menyo20k,5
Alápatà ò mọ irú ẹran.,menyo20k,5
Apajájẹẹ́ ní ẹ̀rù adìẹ ń ba òun.,menyo20k,7
Apani kì í jẹ́ ká mú idà kọjá nípàkọ́ òun.,menyo20k,10
"Arítẹnimọ̀ọ́wí, ó fi àpáàdì ràbàtà bo tirẹ̀ mọ́lẹ̀.",menyo20k,8
Àrókanlẹ̀ laṣọ ayaba; àwàkanlẹ̀ ni ti yàrà.,menyo20k,7
"Arúgbó oǹdágbèsè, ó ní mélòó ni òun ó dùúró san níbẹ̀?",menyo20k,11
Àsọ̀rọ̀àìlàdí ló pa Elempe ìṣáájú tó ní igbá wúwo ju àwo.,menyo20k,11
A-ṣọ̀tún-ṣòsì-má-ba-ibìkan-jẹ́; irọ́ la ó bàá níbẹ̀.,menyo20k,6
Àwárí lobìnrin ń wá nǹkan ọbẹ̀.,menyo20k,6
Àwíyé nIfẹ̀ ń fọ̀; gbangba lorò ń pẹran.,menyo20k,8
Bí a bá ká okó mọ́ obìnrin nídìí á ní kùkú ni,menyo20k,12
"Bí a bá ń yọ́lẹ̀ dà, ohun abẹ́nú a máa yọ́ni ṣe.",menyo20k,12
"Bí ẹnú bá jẹ, ojú á tì.",menyo20k,7
"Bí ìgbín bá fà, ìkarahun a tẹ̀lé e.",menyo20k,8
"Bí ìkàá bá ń rojọ́, ìkà kọ́ ni yó dàá a.",menyo20k,11
"Bí o finú ṣìkà tí o fòde ṣòótọ́, ọba séríkí á rín ọ rín ọ.",menyo20k,15
"Bí ó ti wù kó pẹ́ tó, olóòótọ́ ò níí sùn sípò ìkà.",menyo20k,13
"Bí obìnrín bá máa dán èké wò, a da aṣọ dúdú bora.",menyo20k,12
Bí ojú bá sé ojú; kí ohùn má yẹ ohùn.,menyo20k,10
"Bí olókùnrùn yó bàá kú, kó má purọ́ mọ́ àlapà; omitooro kì í korò.",menyo20k,14
Bí òru bí òru ní ń ṣe aláṣọdúdú.,menyo20k,8
"Bí ọgbọ́n bá tán nínú, a tún òmíràn dá.",menyo20k,9
"Bí ọmọdé bá mọ igbá-di-ogóje, kò lè mọ èrò-kò-wájà.",menyo20k,9
"Bí ọmọdé bá ri oyin, a ju àkàrà nù.",menyo20k,9
Dúkìa tí a fi èrú kójọ kò mú ká dolówó.,menyo20k,10
“Ebí ń pa mí” ò ṣéé fìfé wí.,menyo20k,8
"Eegun tí a bá so mọ́ ajá lọ́rùn, kì í ṣán an.",menyo20k,12
"Èké Ìbídùn, tí ń kí eégún “Kú àtijọ́.”",menyo20k,8
Èké lojú ó tì bó dọ̀la.,menyo20k,6
Èké mọ ilée rẹ̀ ó wó; ọ̀dàlẹ́ mọ tirẹ̀ ó bì dànù.,menyo20k,12
Elékèé lèké ń yè; oun a bá ṣe ní ń yéni.,menyo20k,11
Eléweé ní iyènú; àìní mọ ìwàá hù.,menyo20k,7
Èlùbọ́ lo wáá rà; ọmọ ẹrán ṣe dénú igbá?,menyo20k,9
"Èrò ò kí baálẹ̀, baálé ló ńkí.",menyo20k,7
"Etí, gbọ́ èkejì kí o tó dájọ́.",menyo20k,7
Etí tó gbọ́ àlọ ni yó gbọ̀ọ́ àbọ̀.,menyo20k,8
Ewúrẹ́ ní òun ò mọlé odì; ẹni òún bá ṣẹ̀ kó bi òun.,menyo20k,13
"Ẹgẹ́ ò ṣákìí; ẹní bá bọ́ sábẹẹ rẹ̀, a pa á kú pátá-pátá.",menyo20k,13
"Ẹgbẹ̀tàlá: bí a ò bá là á, kì í yéni.",menyo20k,10
"Ẹ-kòì-fẹ́-mi-kù, tó ta ajáa rẹ̀ lókòó.",menyo20k,6
Ẹ̀là lọ̀rọ̀; bí a ò bá là á rírú ní ń rú.,menyo20k,12
Ẹlẹ́rìí ní ń yanjú ẹjọ́; ẹlẹ́rìí kì í ṣe elégbè.,menyo20k,10
Ẹ̀ẹ̀mejì letí ọlọ́jà ń gbọ́rọ̀.,menyo20k,5
Ẹni a kò fẹ́ nilée rẹ̀ ń jìnna lójú ẹni.,menyo20k,10
"Ẹní bá sùn là ń jí, a kì í jí apirọrọ.",menyo20k,11
Ẹní gbé àrùn pamọ́ kọjá ore oníṣègùn.,menyo20k,7
Ẹni tí ó sá là ń lé.,menyo20k,7
Ẹni tí ó ṣe ojú kò da bí ẹni tó ṣe ẹ̀yìn.,menyo20k,12
"Ẹni tí ó fẹ́ kúure, kó hùwà rere.",menyo20k,8
Ẹni tí ó gbépo lájà ò jalè bí ẹni tó gbà á sílẹ̀ fún un.,menyo20k,15
Ẹnìkan kì í yọ̀ kí ilẹ̀ ó sẹ́.,menyo20k,8
Ẹnu òpùrọ́ kì í ṣẹ̀jẹ̀.,menyo20k,5
"Ẹnuu rẹ̀ ní ń dá igba, tí ń dá ọ̀ọ́dúnrún.",menyo20k,10
"Ẹran tí a kì í jẹ, a kì í fi eyín pín in.",menyo20k,13
Ẹ̀tàn kì í ṣe ọgbọ́n.,menyo20k,5
"Ẹ̀wà yí kò dùn, ẹ̀wà yí kò dùn, àáṣó ìpàkọ́ ń mì tìtì.",menyo20k,13
"Fi inú ṣìkà, fi òde ṣòótọ́; ẹni tí ḿbini kò níí ṣàì bini.",menyo20k,13
"Gbangba là ń ṣe gbàǹgbà; bẹ́ṣín bá kú, ìta gbangba là ń sin í sí.",menyo20k,15
"Ìbáà tínrín, okùn òtítọ́ kì í já; bí irọ́ tó ìrókò, wíwó ní ń wó.",menyo20k,15
Igbó kan náà lọdẹ ń dẹ.,menyo20k,6
Ìjòkó là ń bá eèbà.,menyo20k,5
Ìkòkò kì í ṣelé ìgbín; ṣe ló dè ìgbín mọ́lẹ̀.,menyo20k,10
Ìlú tí a bá rè là ń bá pé.,menyo20k,9
Ìmàlé gbààwẹ̀ ó lóun ò gbétọ́ mì; ta ní ń ṣe ẹlẹ́rìí fún un?,menyo20k,14
"Ìmàlé sọ̀rọ̀ òjó kù, ó ní Ọlọ́run jẹ́rìí òun.",menyo20k,9
Ìmùlẹ̀ ò gbọdọ̀ tan ara wọn jẹ; ìmọ̀ ẹnìkan ò yàn.,menyo20k,11
Ìpẹ́pẹ́rẹ́ ìgò méje; bí kò bá pé méje ara kì í gbà á.,menyo20k,13
"Ìrókò tó bá gbàbọ̀dè, bíbẹ́ ni.",menyo20k,6
Irọ́ ni “Má jẹ̀ẹ́nìkan ó gbọ́”; òótọ́ ni “Ẹni o rí o bi.”,menyo20k,13
“Jẹ́ kí n fìdí hẹ́ ẹ” ẹ́ gbàjòkó; àfòmọ́ di onílé.,menyo20k,11
"Kí á gà, kí á gò, èdè ni ò yédè.",menyo20k,10
"Kí á rí ká rà, ká rà ká má san; à-rà-àì-san èkejìolè.",menyo20k,12
"Kí olówó wá, kí aláwìn wá; à-rà-àì-san ni ò sunwọ̀n.",menyo20k,10
"“Kò dùn mí, kò dùn mí”; àgbàlagbà ń bú ọpa lẹ́ẹ̀mẹfà nítorí iyán àná.",menyo20k,14
Kò sí ohun tí a ò lè fi òru ṣe; ẹ̀rù ọ̀sán là ń bà.,menyo20k,15
Kò ṣeku kò ṣẹyẹ ò jẹ́ kí àjàò sanwó òde.,menyo20k,10
Má sẹ̀ẹ́ kí ọ̀ràn má pọ̀.,menyo20k,6
“Mo kò ó” kì í ṣe àìní àpèjúwe.,menyo20k,8
"Nì palaba, ní wonko, ẹ̀rẹ̀kẹ́ á ṣèkan.",menyo20k,7
"“Ó fò sókè ó pẹ́ títí,” irọ́ ló ń pa.",menyo20k,10
"Ó jọ gàtè, kò jọ gàtè, ó fẹsẹ̀ méjèèjì tiro rìn.",menyo20k,11
"O kò pọ̀ ọ́, bẹ́ẹ̀ni o ò gbé e mì.",menyo20k,10
“Ó mọ́ mi lọ́wọ́” ní ń di olè.,menyo20k,8
"Ó pẹ́ títí ni “A-bẹnu-bí-ẹnu-ọ̀bọ”; ká ṣá sọ pé, “Ìwọ Lámọnrín, ọ̀bọ ni ọ́.”",menyo20k,14
"Ó ta ọfà sókè, ó ṣí odó borí.",menyo20k,8
Obìnrin abàlèmẹ́fà: àlè mẹ́fà ò mọ ara wọn.,menyo20k,8
Obìnrin-ín pẹ́ lọ́jà ó fìgbójú wọlé.,menyo20k,6
"Obìnrin-ín re ilé àlè, ó fi ilé ìyá ẹ̀ tan ọkọ jẹ.",menyo20k,12
"Odídẹrẹ́ ẹyẹ òkun, àlùkò ẹyẹ ọ̀sà; bí a bá jẹun gbé, ká má jẹ̀ẹ́ùn gbé.",menyo20k,15
"Òfìífìí là ń rí, a ò rí òkodoro; òkodoro ń bọ̀, baba gbangba.",menyo20k,13
Ògèdèǹgbé irọ́ kì í dáni síyẹ̀wù; gbangba ní ń dáni sí.,menyo20k,11
Ohun tí a ò fẹ́ kéèyàn ó mọ̀ là ńṣe lábẹ́lẹ̀.,menyo20k,11
"Ojo díẹ̀, akin díẹ̀; ìyà ní ń kó jẹni.",menyo20k,9
Òjò ọ̀gànjọ́ ò pa ẹni rere; bí kò pa jalè-jalè a pa yíde-yíde.,menyo20k,13
Ojú gba-n-gba là ńta awọ gbà-ǹ-gbà.,menyo20k,6
Ojú kì í fẹ́nikù kó hu ibi.,menyo20k,7
Ojú olóbì la ti ń jèrè obì.,menyo20k,7
Ojú tó ti mọni rí kì í wí pe òun ò mọni mọ́.,menyo20k,13
"Òkété, báyìí nìwà ẹ; o báFá mulẹ̀ o daFá.",menyo20k,9
"Òkété ní ọjọ́ gbogbo lòún mọ̀, òun ò mọ ọjọ́ mìíràn.",menyo20k,11
Òkóbó kì í bímọ sítòsí.,menyo20k,5
Olòfòófó ò gbẹ́gbàá; ibi ọpẹ́ ní ń mọ.,menyo20k,8
Olóòótọ́ kì í sùn sípò ìkà.,menyo20k,6
“Orí jẹ́ kí ń pé méjì” obìnrin ò dénú.,menyo20k,9
Òtítọ́ dọ́jà ó kùtà; owó lọ́wọ́ là ń ra èké.,menyo20k,10
Òtítọ́ kì í kú ká fi irọ́ jọba.,menyo20k,8
Òtítọ́ kì í ṣìnà; irọ́ ní ń forí gbọgbẹ́.,menyo20k,9
Òtítọ́ korò; bí omi tooro nirọ́ rí.,menyo20k,7
Òtítọ́ ní ń tú ẹrù ìkà palẹ̀.,menyo20k,7
"Ọbẹ̀ẹ́ dùn, ọbẹ̀ ò dùn, iyán tán nígbá.",menyo20k,8
Ọ̀nà irọ́ kì í pẹ́ẹ́ pin.,menyo20k,6
"Ọ̀mọ̀rán bèèrè ọ̀ràn wò; Ìjàpá ní, “Ẹni tí wọ́n pa lánàá, kàà kú tán?”",menyo20k,14
“Ọ̀ràn yí ò dùn mí”: ẹ̀ẹ̀kanṣoṣo là ń wí i.,menyo20k,10
"Ọ̀rọ̀ ìkọ̀kọ̀, ní gbangba ní ń bọ̀.",menyo20k,7
Ọ̀tá ẹni kì í pòdù ọ̀yà.,menyo20k,6
Pàkìtí ṣe bí òkú wọ̀lú; labalábá ṣe bí ẹyẹ jáko.,menyo20k,10
"Pátá-pátá; là ń fọ́jú, kùm̀bọ̀-kumbọ là ń dẹ́tẹ̀; ojú à-fọ́-ì-fọ́-tán ìjà ní ń dá sílẹ̀.",menyo20k,15
Pátá-pátá leégún ń faṣọ borí;.,menyo20k,5
"Pẹ̀yìndà kí o ríṣe èké, fara pamọ́ kí o rí bí aṣení ti ń sọ.",menyo20k,15
Pípọn niyì idẹ; ẹ̀jẹ́ niyì oògun.,menyo20k,6
Pọ̀ǹgbà-pọngba là ń bá odi.,menyo20k,5
"Purọ kóo níyì; bí a bá jáni tán, ẹ̀tẹ́ ní ń dà.",menyo20k,12
Rìkíṣí pa wọ́n pọ̀ wọ́n dọ̀rẹ́; kò lọ́jọ́ kò lóṣù ọ̀rẹ́ bàjẹ́.,menyo20k,12
Ṣìgìdì ò lẹ́nu fọhùn; irọ́ ń purọ́ fúnrọ́.,menyo20k,8
"Ṣìgìdì tí ò sọ̀rọ̀, a ò mẹni tí ń gbè.",menyo20k,10
"Ta là bá rí báwí bí ẹní fọmọ fọ́kọ lóru, tí ò jẹ́ kílẹ̀ mọ́?",menyo20k,15
Ta la domi sí lára? Ta lòrìṣà ń gùn?,menyo20k,9
Ta leṣinṣin ìbá gbè bí kò ṣe elégbò?,menyo20k,8
Ta ló dè ọ́ tí ò ń kakọ?,menyo20k,8
Ta ní ń ṣoògùn lódò tí lábẹ-lábẹ ò gbọ́?,menyo20k,9
“Wá jẹun.” “N ò jẹ.” Ó fọgọ́rùnún òkèlè tọ́ ọbẹ̀ wò.,menyo20k,11
A kì í fi àìmọ̀nà dá pàdé-m̀-pàdé.,menyo20k,7
Abúni ò tó abẹ̀rín; bẹ́ẹ̀ni abẹ̀rín ò mọ ẹ̀yìn ọ̀la.,menyo20k,10
"Adìẹ́ yẹ̀gẹ̀, a ṣe bí ó ṣubú.",menyo20k,7
"A-fi-tirẹ̀-sílẹ̀-gbọ́-tẹniẹlẹ́ni, Ọlọ́run ní ń ba gbọ́ tirẹ̀.",menyo20k,7
Àgbò ò ṣéé mú; ọ̀dá ò ṣéé mú; ohun gbogbo ní ń tóbi lójú ahun.,menyo20k,15
Àì-fi-ǹ-kan-pe-ǹ-kan ní ń ba nǹkan jẹ́.,menyo20k,6
"Àìmète, àìmèrò, lọmọ ìyá mẹ́fàá fi ń kú sóko ẹgbàafà.",menyo20k,10
Akẹ́yinjẹ ò mọ̀ pé ìdí ń ro adìẹ.,menyo20k,8
Aláràjẹ ò mọ ọdún; a-biṣu-ú-ta-bí-igi.,menyo20k,5
Arúgbó ṣoge rí; àkísàá lògbà rí.,menyo20k,6
"Àṣẹ Ọ̀yọ́ kì í ró “Gbà”, àfi “Múwá.”",menyo20k,8
Àṣíríi náwó-náwó kì í tú lójú ahun.,menyo20k,7
Aṣiwèrè ló bí ìyá ọ̀bọ.,menyo20k,5
Ayídóborí tafà sókè: ojú Olúwaá tó wọn.,menyo20k,7
Bámijókòó làbíkú ń jẹ́; ẹni tí ò bímọ rí ò gbọdọ̀ sọ Ọmọ́láriwo.,menyo20k,13
"Bí a bá gé igi nígbó, ká fi ọ̀ràn ro ara ẹni wò.",menyo20k,13
"Bí a bá rí òkú ìkà nílẹ̀, tí a fi ẹsẹ̀ tá; ìkàá di méji.",menyo20k,15
"Bí ó ti ń dun ọmọ ẹyẹ, bẹ́ẹ̀ ló ń dun ọmọ èèyàn",menyo20k,13
“Èrò tètè jí;” “Èrò jẹ́ ilẹ̀ ó mọ́”; tèrò là ń srò.,menyo20k,12
Ẹní fowó lògbà ló káyé já.,menyo20k,6
Ẹní lówó kó ṣe bí ọba; àrà wo lahún fẹ́ fi owó dá?,menyo20k,13
Ẹní mọ owóó lò lowó ń bá gbé.,menyo20k,8
Ẹni tí ó bá máa bímọ á yọ̀ fọ́lọ́mọ.,menyo20k,9
Ẹni tí ó bèèrè ọ̀rọ̀ ló fẹ́ ìdíi rẹ̀ ẹ́gbọ́.,menyo20k,10
"Ẹni tí a ṣe lóore tí kò dúpẹ́, bí ọlọ́ṣà kóni lẹ́rù ni.",menyo20k,13
Ẹni tí ó so ìlẹ̀kẹ̀ parí ọ̀ṣọ́; ẹni tó fúnni lọ́mọ parí oore.,menyo20k,13
Ẹni tí ó ṣe ìbàjẹ́ èèyàn-án ṣe ìbàjẹ́ araa rẹ̀.,menyo20k,10
"Ẹyẹlé fi ẹ̀sín-in rẹ̀ pamọ́, ó ń ṣe ẹ̀sín adìẹ.",menyo20k,10
Ìbàjẹ́ iṣu nìbàjẹ́ ọ̀bẹ; ẹni tó ṣe ìbàjẹ́ èèyàn-án ṣe ìbàjẹ́ ara ẹ̀.,menyo20k,13
Igbá onípẹ̀lẹ́ kì í fọ́; àwo onípẹ̀lẹ́ kì í fàya.,menyo20k,10
Ilé olóore kì í wó tán; tìkà kì í wó kù.,menyo20k,11
Ilé ọ̀ṣọnú àyàyó; ta ní jẹ́ yalé ahun-káhun?,menyo20k,8
"Inúure kì í pani, wàhálà ní ń kó báni.",menyo20k,9
Ìyàwó jẹ ọkà jẹ igbá.,menyo20k,5
“Kiní yìí ò pọ̀; n ò lè fún ọ níbẹ̀”: olúwarẹ̀ ahun ni.,menyo20k,13
“Kiní yìí tí o fún mi ò pọ̀”: ahun ní ń jẹ́ bẹ́ẹ̀.,menyo20k,13
Kò mú ti ọwọ́ ẹ̀ wá ò gba tọwọ́ ẹni.,menyo20k,10
Kò sí kò sí; bẹ́ẹ̀ni ọmọ wọn ń yó.,menyo20k,9
Kò tó nǹkan ní ń sọni dahun.,menyo20k,7
"“Má bàá mi jẹ ìdùn,” ẹran ní ń lé lọ.",menyo20k,10
M̀bá-lówó-m̀bá-se-ọ̀lẹ̀lẹ̀-fún-Agọ́n: ìjímèrè kì í jẹ oko ẹ̀ kó sọ̀.,menyo20k,9
"“Mú wá, mú wá” lapá ẹyẹlé ń ké.",menyo20k,8
"O jẹbẹ, o mubẹ, o babẹ jẹ́.",menyo20k,7
“O kú iṣẹ́” ò lè bí aráyé nínú.,menyo20k,8
Obì kékeré kọjá òkúta ńlá.,menyo20k,5
Ohun tí ń bá ahun náwó ẹ̀ ḿbẹ lápòo ẹ̀.,menyo20k,10
Òjò pa ewée kòkò; bó lè ya kó ya.,menyo20k,9
"Ojú la rí là ń kọrin òkú, òkú ò forin sáyé kó tó lọ.",menyo20k,14
Ojú ní ń rójú ṣàánú.,menyo20k,5
"Ojú ọba ayé ló fọ́; tọ̀rún là kedere, ó ń wo aṣebi.",menyo20k,12
Onígẹ̀gẹ̀ ìṣájú ba tìkẹyìn jẹ́.,menyo20k,5
Oore kì í gbé; ìkà kì í dànù; à-ṣoore-jindò ní ń múni pàdánù oore.,menyo20k,14
Oore tí a ṣe fádìẹ ò gbé; bó pẹ́ títí a ṣomi tooro síni lẹ́nu.,menyo20k,15
Òrẹ́yìn ní ń ṣe ọmọ òkù pẹ̀lẹ́; ta ní jẹ́ ṣe ọmọ Ègùn lóore?,menyo20k,14
Òṣónú ò bí èjìrẹ́; onínúure ní ń bí ẹdun.,menyo20k,9
Owó ló ń pe ìná owó.,menyo20k,6
"Ọ̀gá Ìwátà, eṣú ò mọ olóòótọ́; eṣú dé, eṣú jẹ oko olóore.",menyo20k,12
Ọ̀mùtí kì í ṣàpà; owó ẹ̀ ló ń ná.,menyo20k,9
Ọ̀ràn-an-yàn ò sí nínúu iyánrán.,menyo20k,5
Ọtí gbélé ahun ó kan.,menyo20k,5
Ọwọ́ híhá àhájù ní ń dínà ire mọ́ni.,menyo20k,8
Ṣe sílẹ̀: ẹrùu ẹ̀ kì í pẹ́ níbodè.,menyo20k,8
Ṣẹ̀gàn-ṣẹ̀gàn ò láṣọ méjì; pé-ń-pé laṣọ abúni ḿmọ.,menyo20k,8
Ṣìkà-ṣìkà-á fi díẹ̀ ṣe ara ẹ̀.,menyo20k,6
"Ṣìkà-ṣìkà-á gbàgbé àjọbí, adánilóró gbàgbé ọ̀la.",menyo20k,6
Ṣìkà-ṣìkà ò jẹ́ pe ara ẹ̀ níkà.,menyo20k,7
Tewé tegbò ní ń ṣàánú àfòmọ́.,menyo20k,6
Tigi tọ̀pẹ̀ ní ń ṣàánú àfòmọ́.,menyo20k,6
Tigi tọ̀pẹ̀ ní ń sàánú ìyèré lóko.,menyo20k,7
"Tìkà toore, ọ̀kan kì í gbé.",menyo20k,6
Tútù ní ń tẹnu ẹja wá.,menyo20k,6
ÌKÉDE KÁRÍAYÉ FÚN Ẹ̀TỌ́ ỌMỌNÌYÀN,menyo20k,5
Gbogbo ènìyàn ni a bí ní òmìnira; iyì àti ẹ̀tọ́ kọ̀ọ̀kan sì dọ́gba.,menyo20k,13
Ẹnì kọ̀ọ̀kan ló ní ẹ̀tọ́ láti jẹ́ ọmọ orílẹ̀‐èdè kan.,menyo20k,10
A kò lè ṣàdédé gba ohun ìní ẹnì kan lọ́wọ́ rẹ̀ láìnídìí.,menyo20k,12
A kò lè fi ipá mú ẹnìkẹ́ni dara pọ̀ mọ́ ẹgbẹ́ kankan.,menyo20k,12
Ẹnì kọ̀ọ̀kan ló ní ẹ̀tọ́ tó dọ́gba láti ṣe iṣẹ́ ìjọba ní orílẹ̀‐èdè rẹ̀.,menyo20k,14
A ní láti pèsè ìtọ́jú àti ìrànlọ́wọ́ pàtàkì fún àwọn abiyamọ àti àwọn ọmọdé.,menyo20k,14
Ẹnì kọ̀ọ̀kan ló ní ẹ̀tọ́ láti kọ́ ẹ̀kọ́.,menyo20k,8
"Ó kéré tán, ẹ̀kọ́ gbọdọ̀ jẹ́ ọ̀fẹ́ ní àwọn ilé‐ẹ̀kọ́ alákọ̀ọ́bẹ̀rẹ̀.",menyo20k,11
Ẹkọ́ ní ilé‐ẹ̀kọ́ alákọ̀ọ́bẹ̀rẹ̀ yìí sì gbọdọ̀ jẹ́ dandan.,menyo20k,9
"Ìkejì, a nílò láti bèrè ìbéèrè nípa ojúṣe.",menyo20k,8
"Ìkẹ́ta, a nílò láti bèrè ìbéèrè nípa ìdọ́gba.",menyo20k,8
"Aìdọ́gba àgbáyé jẹ́ ìṣòro tó ń rún nǹkan, t’ó sì lágbára.",menyo20k,11
Àlàfo ìpawó-wọlé àti ọrọ̀ ń fẹjú jákèjádò àgbáyé.,menyo20k,8
"Ṣùgbọ́n ó túmọ sí ìpín àìṣedédé alágbára àwọn àǹfààní fún ìgbeayé pípẹ́, alálàáfíà, onítẹ́lọ́rùn.",menyo20k,14
Ó ṣe ju gbogbo àwọn ètò ìrànwọ́ ilẹ̀ òkèèrè ní àgbáríjọpọ̀ àgbáyé lọ.,menyo20k,13
"Àwọn ìbéèrè wọ̀nyí kọ ìkáàánú, wọ́n sì gba ìṣedédé.",menyo20k,9
Kì í ṣe ìdojúkọ kékeré láti kojú k’á sì fẹ àwọn enubodè wa.,menyo20k,13
"Ó máa gba ọgbọ́n, ìṣẹ̀dá àti ìgbóyà.",menyo20k,7
Ṣùgbọ́n àwọn enubòdè àríyànjiyàn ìwọlé látókèrè lè di sísún.,menyo20k,9
Ó dọwọ́ gbogbo wa láti sún wọn.,menyo20k,7
Nǹkan tí mo kò nípa òmìnira lẹ́yìn tí mo sá kúrò ní orílẹ̀-ède North Korea.,menyo20k,15
Mo ní àwọn òbí tí wọ́n nífẹ̀ẹ́ àti ẹ̀gbọ́n obìnrin kan.,menyo20k,11
"Ní ọdún 2007, èmi àti ọmọ ìyá mi lóbìnrin pinnu láti sálọ.",menyo20k,12
"Ó jẹ́ ọmọ ọdún mẹ́rìn-dín-lógún, èmí sì jẹ́ ọmọ ọdún mẹ́tàlá.",menyo20k,11
"Gbogbo wa ni ebi ń pa, ebí sì túmọ̀ sí ikú ní orílẹ̀-ède North Korea,",menyo20k,15
Ó jẹ́ àǹfààní kan ṣoṣo fún wa.,menyo20k,7
Kì í ṣe wí pé a ní ìpinnu alágbára tàbí àwòrán kankan.,menyo20k,12
A ò mọ nǹkankan nípa nǹkan tí yóò ṣẹlẹ̀.,menyo20k,9
Ẹ wòye pé ilé ìgbe yín gbaná.,menyo20k,7
"Mò ń sọ nípa pé, kí lẹ máa se?",menyo20k,9
Nǹkan tí a ṣe nìyẹn.,menyo20k,5
A fò jáde kúrò nínú ilé náà dípò iná.,menyo20k,9
North Korea jẹ́ ibi tí ẹ ò leè ronú nípa rẹ̀.,menyo20k,11
"Ká sọ tòótọ́, mo sọ fún yín: ẹ ò lè ronú nípa rẹ̀.",menyo20k,13
"Fún àpẹẹrẹ, ọ̀rọ yìí “ìfẹ́” ní ìtumọ̀ kan ṣoṣo: ìfẹ́ fún adarí wa ọ̀wọ́n.",menyo20k,14
Kò sí èrò ìfẹ́ ẹlẹ́yẹlé ní orílẹ̀-ède North Korea,menyo20k,9
Ẹ jẹ́ kí n fún yín ní àpẹẹrẹ mìíràn.,menyo20k,9
Èrú tún bàmí láti ronú nípa orílẹ̀-ède North Korea.,menyo20k,9
"Nígbẹ́yìn, mo mọ̀ wí pé ebi ò pa á.",menyo20k,9
"Lóòótọ́, ẹnìkán ní láti kọ́ mi pé òún sanra.",menyo20k,9
Kí ló dé tí ò sí ìjàngbara fún ìnira àádọ́rin ọdún yìí,menyo20k,12
Mo rò wí pé mo wà láàrín-gbùgbun àgbáyé ni.,menyo20k,9
Mo sọ fún wọn: BS.,menyo20k,5
"Gbogbo ẹ̀, gbogbo ẹ̀ gbọ́dọ̀ di kíkọ́, tó fi kan àánú.",menyo20k,11
Mi ò ní ìmọ̀lára kankan.,menyo20k,5
"Kìí ṣe nítorí mo jẹ́ ọlọ́dẹ-orí, ṣùgbọ́n nítorí mi ò kẹ́kọ̀ọ́ nípa èrò ìkáànú rí.",menyo20k,15
Ní báyìí mò ń gbé ní orílẹ̀-ède United State gẹ́gẹ́ bi olómìnira ènìyàn.,menyo20k,13
"Láìpẹ́ yìí, àwọn adarí orílẹ̀-èdè olómìnira, Ààrẹ wa Trump, ṣe ìpàdé pẹ̀lú òòsa mi tẹ́lẹ̀.",menyo20k,15
Ìyẹn sì tó nǹkan à ń gbóríyìn fún.,menyo20k,8
"Mi ò fẹ́ fun yín lára, ṣùgbọ́n bẹ́ẹ̀ ni.",menyo20k,9
Ìran mẹ́ta péré ló gbà láti sọ orílẹ̀-ède North Korea di “1984 ti Goorge Orwell,menyo20k,15
Ìran mẹ́ta péré ló gbà.,menyo20k,5
Àwọn ọmọ ilẹ̀ North Korea ò lè fi ẹnu arawọn sọ̀rọ̀ lọ́wọ́lọ́wọ́ yìí.,menyo20k,13
Wọn ò ní ẹ̀rọ-ayélukára-bí-ajere ní ọ̀rún ọdún kọkàn-lé-lógún.,menyo20k,8
"Látara ìrírí mi, gbogbo nǹkan ló ṣe é ṣe.",menyo20k,9
"Wón rà mí, wọ́n tà mí gẹ́gẹ́ bí ẹrú.",menyo20k,9
Ìdí nìyẹn tí a fi ní gbogbo ẹ̀tọ́ láti ní ìrètí.,menyo20k,11
Ìmọ̀-ẹ̀rọ ìṣègùn tí wọ́n ṣẹ̀dá láti pèse ohun tí ilẹ̀ Adúláwò nílò.,menyo20k,12
A lo ààla-ilẹ̀ láti ṣe àròpọ̀ àdírẹ́sì àfojúrí wọn.,menyo20k,9
"Lójijì, àwọn ilà-ìtò bá di kúkurú",menyo20k,6
"Ní báyìí, ònà tí à ń gbà pè àti kọ orúkọ yátọ̀ gidi gan-an.",menyo20k,14
Kí ló sọnù nínú ìtan àwọn aṣíkiri-lọ-sí-ìlú-mìíràn ilẹ̀ America,menyo20k,9
"Ẹ ǹlẹ́, gbogbo ènìyàn, orúkọ mi ni Elizabeth, mo sì ń ṣiṣẹ́ ní àjà ìṣòwò.",menyo20k,15
Ṣùgbọ́n ojú mi ò tíì ṣálẹ̀ sí i dáadáa.,menyo20k,9
"Bíi, ṣé e ń retí kí n ní ìdáhùn fún ìyẹn?",menyo20k,11
Wọ́n fẹ́ràn ìtan ara ẹni t’ó dára.,menyo20k,7
Ṣùgbọ́n ṣé ẹ mọ nǹkan?,menyo20k,5
Ṣùgbọ́n nǹkan t’ó mú mi pinnu láti ta kọ́sọ́sọ́ sí ìsúná gangan kọ́ nìyẹn.,menyo20k,14
Mo kọ̀ fẹ́ san owó ilé mi lásán ni.,menyo20k,9
Ṣùgbọ́n òtítọ́ ni wí pé díẹ̀ nínú wa ló ní àǹfààní láti ṣe ìyẹn.,menyo20k,14
Torí náà ìtàn wo ni mò ń tọ́ka sí?,menyo20k,9
Àkọ́kọ́ ni èrò nípa àwọn òṣìṣẹ́ aṣíkiri.,menyo20k,7
Àwọn ìròyìn lásíkò yìí ti sọ gbobo nǹkan yẹn di àmúdijú díẹ̀.,menyo20k,12
"Fún àwọn ìdí tó fojú hàn, ìtàn yìí ti ń sín mi níwín díẹ̀.",menyo20k,14
Ṣùgbọ́n kì í ṣe òhun nìkan.,menyo20k,6
Ìtàn mìíràn tí màá sọ nípa rẹ̀ jẹ́ nípa èrò àwọn aṣíkíri-alágbára.,menyo20k,12
"Mò ń sọ nípa pé, ṣé ìfarajìn àwọn òbí mi ò tó ni?",menyo20k,13
"Ní báyìí, ó gbàmí lásíkò púpọ̀ láti ṣe àdéhùn pẹ̀lú ìpinnu mi.",menyo20k,12
Báyìí ó yémi pé èyí túmọ̀ sí oríṣiríṣi nǹkan sí oríṣiríṣi ènìyàn.,menyo20k,12
Ẹ ò nílò láti jẹ́ aṣíkiri tàbí ọmọ aṣíkiri láti mọ ìyẹn.,menyo20k,12
"Síbẹ̀, mo mọ̀ wí pé gbígbé àbúrò mi padà wá máa le.",menyo20k,12
Irìnàjo afẹ́ sí ilé-ìwòsàn ní orílẹ̀-ède Nigeria.,menyo20k,7
"Mo kẹ́kọ̀ọ́ jáde ní ilé-ẹ̀kọ́ mẹ́wàá Cleveland, Ohio, ọdún 1975",menyo20k,10
"Mo parí ẹ̀kọ fásitì, mo gba oyè àkọ̀kọ́ nínú ìmọ̀-ìṣègùn, ọdún 1986.",menyo20k,12
Ènìyàn mélòó lẹ lérò pé ó wà nínú kabúkabú yẹn?,menyo20k,10
"Ẹ gbà á gbọ́ tàbí bẹ́ẹ̀ kọ́, ọkọ̀-akérò kan nìyẹn lórílẹ̀-ède Nigeria.",menyo20k,12
"Ẹ gbà á gbọ́ tàbí bẹ́ẹ̀ kọ́, àwọn kan nínú wa máa ń móríbọ́.",menyo20k,14
Kíni ipa ọrọ̀-ajé nígbà tí ọ̀kan nínú wọn bá kú tàbí di aláàbọ̀-ara?,menyo20k,13
Mo rò wí pé ó ṣe pàtàkì.,menyo20k,7
Ibi tí wọ́n máa ń lọ nìyí.,menyo20k,7
"Ìyẹn ò tíì pé ọdún kan, nínú yàrá iṣẹ́ abẹ.",menyo20k,10
Àwọn irinṣẹ́ abẹ nìyẹn ní orílẹ̀-ède Nigeria.,menyo20k,7
Ṣé ẹ rántí gbogbo epo yẹn?,menyo20k,6
Ẹ lè sọ wí pé díẹ̀ nínú àwọn yìí jẹ́ ètò-ẹ̀kọ́.,menyo20k,11
Ẹ lè sọ wí pé ìmọ́tótó ni.,menyo20k,7
Mi ò sọ wí pé òṣì ni.,menyo20k,7
"“ Mo fẹ́ kí wọ́n rò ó wí pé, “Ó dáa ìrètí díẹ̀ wa.",menyo20k,14
"Ní báyìí, ẹ wo ìyẹn.",menyo20k,5
"Iṣẹ́ mi gangan nìyẹn, àbí?",menyo20k,5
Òògun atunilára àti ìtọ́jú alágbára -- ẹ wo àpamọ́ yẹn?,menyo20k,10
"Ẹ gbà mí gbọ́, àwọn àwòran nǹkan tó ń ṣẹlẹ̀ lọ́wọ́ nìwọ̀nyí.",menyo20k,12
Ẹ̀ka ìtọ́jú alágbára tí mo ti ń ṣiṣẹ́ nìyí.,menyo20k,9
"“ Nítorí ó banilérù ó sì wọ́n, ṣùgbọ́n a nílò láti ní i, só yé?",menyo20k,15
"Nítorí náà, àwọn ìṣòro náà nìwọ̀nyí.",menyo20k,6
Mo rò wí pé gbogbo wa la mọ̀.,menyo20k,8
Ọ̀pọ̀lọpọ̀ olùdánilẹ́kọ̀ ṣíwájú àti lẹ́yìn mi máa sọ àwọn ìṣòro tó tún pọ̀ fún wa.,menyo20k,15
Díẹ̀ nínú wọn ni nìwọ̀nyí.,menyo20k,5
"Nítorí náà, kíni mo ṣe?",menyo20k,5
Ibi à ń lọ la dé yìí -- à ń lọ ṣe iṣẹ́ pátàkì kan.,menyo20k,15
A fẹ́ lọ ṣe iṣẹ́ abẹ ọkàn.,menyo20k,7
Nítorí kìí ṣe gbogbo ènìyàn ni yóò jẹ àǹfààní iṣẹ́ pátàkì náà.,menyo20k,12
"Ìlera l’ọrọ̀, nínú ọ̀rọ Hans Rosling.",menyo20k,6
E ó lọ́rọ̀ kíákíá tí ẹ bá kọ́kọ́ wà lálàáfíà.,menyo20k,10
"Nítorí ńà, àwa rè é, iṣẹ́ pátàkì.",menyo20k,7
Iṣẹ́-abẹ ọkàn ní orílẹ̀-ède Nigeria -- wàhálà ńlá.,menyo20k,8
"Mike nìyẹn, Mike jáde síta láti Mississippi.",menyo20k,7
Ṣe ó jọ wí pé inú rẹ̀ ń dùn?,menyo20k,9
Ṣé ó jọ pé inú rè ń dun?,menyo20k,8
"“ Ẹ wò ó, onímọ̀-ẹ̀rọ tí a ní nìyẹn.",menyo20k,9
"Bẹ́ẹ̀ ni, ìwọ tẹ̀síwájú, ṣó yé?",menyo20k,6
"Bẹ́ẹ̀ ni, jẹ k’á lọ yanjú kiní yìí",menyo20k,8
A gba ọ̀pọ̀lọpọ̀ àwọn irinṣẹ́ tí wọ́n ṣe ìkójọ rẹ̀.,menyo20k,10
Ṣùgbọ́n a ní ìsọ̀ro pẹ̀lu rẹ̀,menyo20k,6
A ní ìṣòro tó lágbára níbẹ̀.,menyo20k,6
A ní láti bọ́ sórí ẹ̀rọ ìbánisọ̀rọ̀.,menyo20k,7
Ọkùnrin yìí máa ń wà lórí èrọ̀ ìbánisọ̀rọ̀ ní gbogbo ìgbà ni.,menyo20k,12
Kí la fẹ́ ṣe báyìí?,menyo20k,5
"A pàpà jẹ́ kó ṣiṣẹ́, ododo ni, ṣùgbọ́n ìkan nínú àwọn wọ̀nyí ni.",menyo20k,13
Kódà ó ti darúgbó ju èyí tí ẹ rí lọ.,menyo20k,10
Ǹjẹ́ ẹ lè rí ibi tí iyẹn wà?,menyo20k,8
Orí i fèrèsé kan ló wà.,menyo20k,6
"Mò ń sọ nípa pé, kíni àpóti ìwo àwòrán X-ray?",menyo20k,10
"Ó dára, lásìkò yìí gbogbo rẹ̀ ti wà lórí PAX ṣá.",menyo20k,11
Àwọn ènìyàn ṣì nígbàgbọ́ nínú Voodoo.,menyo20k,6
"Àrùn ọkàn, VSD, ihò inú ọkàn, àmì-àìsàn-mẹ́rin.",menyo20k,7
Ẹ ṣì ma rí àwọn ènìyàn tí wọ́n nígbàgbọ́ nínú rẹ̀ wọ́n sì wá.,menyo20k,14
"Ní ìdá 67 iye òyì-iná ara, tí ó yẹ ó jẹ́ bíi ìdá 97.",menyo20k,14
A ní láti ṣe àwọn wọ̀nyí fún àwọn àgbàlagbà.,menyo20k,9
"Nítorí náà, a ṣe aṣeyọrí a sì ṣì ń ṣe é.",menyo20k,11
À ń pète òmíràn ní oṣù Agẹmọ ní àríwá orílẹ̀-èdè náà.,menyo20k,11
Àgbá òyì-iná náà ò ṣiṣé dáadáa tó.,menyo20k,7
Ṣùgbọ́n mélòó ni a ṣe ní àkọ́kọ́?,menyo20k,7
A ṣe iṣẹ́-abẹ ọkàn fún aláìsàn méjìlá ní àṣeyọrí.,menyo20k,9
"Aláìsàn wa àkọ́kọ́ rèé, látinú yàrá ìtọ́jú alágbára, ẹ wo àga yẹn, ṣó yé?",menyo20k,14
Nǹkan tí mò ń sọ rè é nípa ìmọ̀-ẹ̀ro tó yẹ.,menyo20k,11
"Nǹkan tó ń ṣe nìyẹn, rírọ ibùsùn nítorí ibùsun náà ò ṣiṣẹ́.",menyo20k,12
Ǹjẹ́ ẹ ti rí ọ̀kan nínú àwọn wọ̀nyí rí tẹ́lẹ̀?,menyo20k,10
"Kò ṣe pàtàkì, ó ṣiṣẹ́.",menyo20k,5
Àwọn ọ̀nà-àbáyọ alálòpẹ́ -- ilé-iṣẹ́ mi àkọ̀kọ́ rè é.,menyo20k,9
"Ẹ̀rọ atunilára: agbàwòrán ọlọ́pọ̀-òdiwọ̀n, àwọn iná iṣẹ́-abẹ, òǹfà atẹ́gùn.",menyo20k,9
Bẹ́ẹ̀ gẹ́lẹ́ la ṣe ṣe ìṣelọ́jọ̀ àwọn ilé-ìtajà náà.,menyo20k,9
"Bẹ́ẹ̀ni, ó máa gba pátákó-igun-mẹ́rin agbára ìtànṣán-oòrùn.",menyo20k,7
Bẹ́ẹ̀ni pátákó-igun-mẹ́rin agbára ìtànsán-oòrùn máa fún-un lágbára.,menyo20k,7
"A ní àwọn agbagbára-iná-sára àfẹsẹ̀tẹ̀ kékeré náà, tí ẹ bá fẹ́.",menyo20k,11
Ẹ wá lè ṣe àtúnṣe sí i.,menyo20k,7
Ṣé iṣẹ́-abe eyín ni ẹ fẹ́?,menyo20k,6
"Pinnu irú àwọn irinṣẹ́ tí ó tọ́, ṣe ìkópamọ́ rẹ̀ pẹ̀lú àwọn alálò-túnlò.",menyo20k,13
Lọ́wọ́lọ́wọ́ yìí à ń ṣiṣẹ́ lórí èémí amísíta -- àgbékalẹ̀ èémí-àmísíta sí àye rẹ̀.,menyo20k,14
Ìmọ̀-ẹ̀rọ fún àgbékalẹ̀ èémí-amísíta ò jẹ́ tuntun.,menyo20k,7
Àkójọpọ̀ èémí-àmísíta ti di ìmọ̀-ẹ̀rọ àtijọ́.,menyo20k,6
"Bí ẹ bá yọ òyì-ilẹ̀ kúrò, kí ló kù?",menyo20k,9
"Èémí- àmísíta, ó súmọ́ bẹ́ẹ̀.",menyo20k,5
Nítorí náà ìyẹn ò jẹ́ tuntun.,menyo20k,6
Nǹkan tí à ń ṣe ni ìṣàmúlò ìmọ̀-ẹ̀rọ yìí sí i.,menyo20k,11
"Àwọn àwòmọ́ ìpìlẹ̀ ẹ̀rọ mi nìyìí, tàbí ẹ̀rọ wa.",menyo20k,9
Nǹkan tó mú u yàtọ̀ ni nìyí.,menyo20k,7
Ọdún tó kọjá ni wọ́n ya àwòrán yìí.,menyo20k,8
"Àwọn yìí ni àwọn àwọn tí a jọ kẹ́kọ̀ọ́ jáde, ọdún 1986.",menyo20k,12
"Ilé arákùrin yìí ní Potomac ni, fún àwọn tí wọ́n mọ Maryland dijú.",menyo20k,13
"Àwọn ènìyan ilẹ̀ Adúláwọ̀, nítorí wọ́n máa fi ẹ̀mí ṣe é, mo rò bẹ́ẹ̀.",menyo20k,14
"àìmọyẹ àti àìmọye díẹ̀ tó wà nísálẹ̀ yẹn, ìfarajìn ni.",menyo20k,10
Ẹ ní láti ṣe é.,menyo20k,5
"Àwọn ọmọ ilẹ̀ Adúláwọ̀ ní láti ṣe é, pẹ̀lú àjọṣepọ̀ gbogbo àwọn ènìyàn tókù.",menyo20k,14
Bí ìròyìn òfegè ṣe ń ṣọṣẹ́ gidi.,menyo20k,7
Mo fẹ́ sọ ìtàn kan fún yín nípa ọmọdébìnrin kan.,menyo20k,10
Ṣùgbọ́n mi ò lè sọ orúkọ rẹ̀ gangan fún yín.,menyo20k,10
Torí náà ẹ jẹ́ ká pè é ní Hadiza,menyo20k,9
Hadiza jẹ́ ọmọ ogún ọdún.,menyo20k,5
Ṣùgbọ́n ó wà nínú ìnira àtìgbàdégbà.,menyo20k,6
Ṣé ẹ fẹ́ mọ ìdí rẹ̀?,menyo20k,6
"Ìtàn yìí, bó ṣe yẹ, ti fa rúkèrúdò káàkiri àgbáyé.",menyo20k,10
"Ṣùgbọ́n nígbà tí a dé, ó hàn gbangba pé ìròyìn kan ṣoṣo ló wà nígboro.",menyo20k,15
A ò fi ìjọba náà lára balẹ̀.,menyo20k,7
Ṣùgbọ́n wọ́n tún sọ fún wa pé ète ni ìròyìn nípa àwọn ọmọdébìnrin Chibok náà.,menyo20k,15
Gbogbo ènìyán lérò wí pé wọ́n ti kú ni.,menyo20k,9
"Ṣùgbọ́n ní oṣù Igbe ọdún tó kọjá, mo gba fọ́rán aláwòrán yìí.",menyo20k,12
Mi ò ní láti dúró pẹ́ fún ìfẹsẹ̀múlẹ̀ rẹ̀.,menyo20k,9
Fọ́rán yìí máa tẹ̀síwájú láti bẹ̀rẹ ìdúnàdúrà pẹ̀lú Boko Haram,menyo20k,10
Àwọn ọmọdébìnrin mọ́kànlé-lógún ni wọ́n tú sílẹ̀ ní oṣù Ọ̀wàrà odún tó kọjá.,menyo20k,13
"Ó bani nínú jẹ́, ó súmọ́ igba nínú wọn tí wọ́n ṣì ń wá báyìí.",menyo20k,15
Èyí ń ṣàpèjúwe ewu aṣekúpani ìròyìn òfegè fúnmi.,menyo20k,8
Nítorí náà kíni a lè ṣe nípa rẹ̀?,menyo20k,8
Àwa ni a máa ń ṣe àtagbà àwọn àkóónú náà.,menyo20k,10
Àwa la máa ń ṣe àtagbà àwọn ìròyìn náà lórí ẹ̀rọ ayélukára.,menyo20k,12
"Ní ìgbà àti àkókò yìí, gbogbo wa ni atẹ̀wétà, a sì ní ojúṣe.",menyo20k,13
"Nínú iṣẹ́ mi gẹ́gẹ́ bi akọ̀ròyìn, mo máa ń ṣáyẹ̀wò, mo máa ń ṣe ìfesẹ̀múlẹ̀.",menyo20k,15
"Mo jẹ́ri ìgboyà mi, ṣùgbọ́n mo béére àwọn ìbéèrè alágbára.",menyo20k,10
Kíló dé tí ẹni yìí ń sọ ìtàn yìí fún mi?,menyo20k,11
Kíni wọ́n fẹ́ jẹ lérè pẹ̀lú ṣíṣe àtagbà ìfitónilétí yìí?,menyo20k,10
Ṣé ẹ ní ipinnu Kankan tí ẹ fi ń pamọ́?,menyo20k,10
Ta ni ẹni náà níbí tó ti ṣe ìyẹn?,menyo20k,9
Mo mọ̀ mo ti ṣe é.,menyo20k,6
Ṣùgbọ́n tí a bá jáwọ́ mínú àwọn ìfitóniléti tí a ṣàwárí pẹ̀lú ìṣojúlọ́yìn ńkọ́?,menyo20k,14
Ẹ ṣeun gidi gan-an fún ìtẹ́tíi yín.,menyo20k,7
Bí a ṣe lè dèna ìgbọ́ngbẹ ọpọlọ ìmọ-ìjìnlẹ̀ nílẹ̀ Adúláwò.,menyo20k,10
Èyí ti jẹ́ kí àwọn akẹ́kọ̀ọ́ ó gba ojúlówó ẹ̀kọ́ nílẹ̀ Adúláwọ̀.,menyo20k,12
"Fún àpẹẹrẹ, bí èmi náà, orílẹ̀-ède US ni Ọ̀mọ̀wé Eric Fokan ti gba ìkọ́ni.",menyo20k,14
"Nígbà tí mo pàde Eric, ó ń múra láti padà sí orílẹ̀-ède US ni.",menyo20k,14
Ṣùgbọ́n a yí ọkàn rẹ̀ padà láti bẹ̀rẹ àjọṣepọ̀ pẹ̀lú ilé-ẹ̀kọ́ Congo Basin.,menyo20k,13
Igi kanran àkọ́kọ́ tí wọ́n ṣẹ̀dá látara pádi-ààyè ni Arvin mú lọ́wọ́ yìí.,menyo20k,13
Ilẹ̀ Adúláwọ̀ nìkan l’ó ní èyí.,menyo20k,6
"Ṣùgbọ́n gbogbo wá nílò láti ṣe àfikún ọ̀nà-ìgbésẹ̀ agbègbè, alágbára àti arónilágbára yìí.",menyo20k,13
Di àsìkò yìí a ti ní àwọn fásitì àti àwọn ilé-iṣẹ́-tí-kìí-ṣe-ti-ìjọba mẹ́fà gẹ́gẹ́ bí alájọṣe.,menyo20k,15
Iṣẹ́ Ń Lọ Lọ́wọ́ Lórí Ẹ̀ka Ọ́fíìsì Tuntun Tí À Ń Kọ́ ní Kamẹrúùnù,menyo20k,14
Ìròyìn: Iṣẹ́ Ti Ń Lọ Gan-an Lórí Ẹ̀ka Ọ́fíìsì Tuntun ní Kamẹrúùnù,menyo20k,12
Àwọn Ẹlẹ́rìí Jèhófà Mú Ìwé Mímọ́ Kristẹni Lédè Gíríìkì Jáde Lédè Bassa ní Orílẹ̀-èdè Kamẹrúùnù,menyo20k,15
Àwọn Ará ní Àríwá Ìlà Oòrùn Kóńgò Sá Torí Àwọn Tó Ń Jà,menyo20k,13
Àrùn Ebola Ń Jà Ràn-ìn Lórílẹ̀-Èdè Congo,menyo20k,7
Wọ́n Ti Lo Ọdún Mẹ́ẹ̀ẹ́dọ́gbọ̀n (25) Lọ́gbà Ẹ̀wọ̀n ní Eritrea,menyo20k,10
Arábìnrin Kan Kú Nínú Jàǹbá Ọkọ̀ Òfúrufú Ethiopian Airlines,menyo20k,9
Àwọn Adigunjalè Wá sí Hòtẹ́ẹ̀lì Kan ní Kenya,menyo20k,8
Àwa Ẹlẹ́rìí Jèhófà Mú Bíbélì Mímọ́ ti Ìtumọ̀ Ayé Tuntun Jáde Lédè Luo Lórílẹ̀-Èdè Kẹ́ńyà,menyo20k,15
A Ya Ilé Ẹ̀kọ́ Ètò Ọlọ́run Kan Sí Mímọ́ ní Kẹ́ńyà,menyo20k,11
Ìjì Cyclone Ava Kọlu Madagásíkà,menyo20k,5
Àwa Ẹlẹ́rìí Jèhófà Kọ Lẹ́tà Nítorí Àwọn Ará Wa ní Rọ́ṣíà​—Láti Màláwì,menyo20k,12
Ìjì Líle Kenneth Jà ní Àríwá Mòsáńbíìkì,menyo20k,7
Òjò Àrọ̀ọ̀rọ̀dá Rọ̀ ní Nàìjíríà,menyo20k,5
Òjò Àrọ̀ọ̀rọ̀dá Fa Omíyalé ní Nàìjíríà,menyo20k,6
Wọ́n Rántí Ìpẹ̀yàrun Tó Ṣẹlẹ̀ Ní Rùwáńdà Lẹ́yìn Ọdún Márùndínlọ́gbọ̀n,menyo20k,10
Òjò Oníjì Líle Ṣọṣẹ́ ní Rùwáńdà,menyo20k,6
Àwa Ẹlẹ́rìí Jèhófà Ṣe Àpéjọ Àgbègbè Lédè Adití Fún Ìgbà Àkọ́kọ́ Ní Rùwáńdà,menyo20k,13
"Ilẹ̀ Ya, Ó Sì Pa Àwọn Èèyàn ní Siria Lóònù",menyo20k,10
Òjò Àrọ̀ọ̀rọ̀dá àti Omíyalé ní South Africa,menyo20k,7
Àkúnya Omi Wáyé Lórílẹ̀-Èdè Tógò,menyo20k,5
Àwa Ẹlẹ́rìí Jèhófà Mú Bíbélì Ìtumọ̀ Ayé Tuntun Tá A Tún Ṣe Jáde Lédè Shona,menyo20k,15
Iṣẹ́ Ti Bẹ̀rẹ̀ Lórí Ẹ̀ka Ọ́fíìsì Tuntun ní Ajẹntínà,menyo20k,9
"Ilẹ̀ Ya Lórílẹ̀-Èdè Bolivia, Ó sì Ba Nǹkan Jẹ́ Nílùú La Paz",menyo20k,12
"Àpéjọ Àgbáyé “Ìfẹ́ Kì Í Yẹ̀ Láé”! Tá A Ṣe ní 2019—São Paulo, Brazil",menyo20k,14
Àwọn Ará Wa Ṣèrànwọ́ Lẹ́yìn Tí Àkúnya Omi Ṣọṣẹ́ Lórílẹ̀-èdè Brazil,menyo20k,11
Ibi Tó Ń Gba Omi Dúró Ya Lulẹ̀ ní Brazil,menyo20k,10
"Iná Ńlá Sọ Nílùú Manaus, ní Brazil",menyo20k,7
Ilé Ẹjọ́ Gíga Jù Lọ ní Kánádà Dá Àwa Ẹlẹ́rìí Jèhófà Láre,menyo20k,12
Ilé Ẹjọ́ Gíga Jù Lọ ti Kánádà Kọ̀ Láti Dá sí Ètò Ìyọlẹ́gbẹ́,menyo20k,13
Ìrántí Ikú Kristi Tá A Ṣé Lọ́dún 2020​—Orílẹ̀-èdè Kánádà,menyo20k,9
Ọkàn Wọn Balẹ̀ Lásìkò tí Àrùn COVID-19 Ń Jà,menyo20k,9
"Àpéjọ Àgbáyé “Ìfẹ́ Kì Í Yẹ̀ Láé”! Tá A Ṣe ní 2019—Toronto, Kánádà",menyo20k,13
Ìjì Líle Fa Àjálù Ńlá ní Cuba,menyo20k,7
Ìdílé Ẹlẹ́rìí Jèhófà Kan Kú Sínú Jàǹbá Ọkọ̀ Òfuurufú ní Cuba,menyo20k,11
"Àpéjọ Àgbáyé “Ìfẹ́ Kì Í Yẹ̀ Láé”! Tá A Ṣe ní 2019​—Guayaquil, Ecuador",menyo20k,13
Àwọn Ẹlẹ́rìí ní Ecuador Ń Wàásù Fáwọn Èèyàn Láì Kúrò Nílé,menyo20k,11
Òkè Ayọnáyèéfín Bú Gbàù ní Guatemala,menyo20k,6
Ìmìtìtì Ilẹ̀ Wáyé ní Àríwá Ilẹ̀ Haiti,menyo20k,7
Ìjì Tí Wọ́n Pè Ní Lidia Jà ní Orílẹ̀-Èdè Mẹ́síkò,menyo20k,10
Ìmìtìtì ilẹ̀ tó lágbára tí ìwọ̀n rẹ̀ jẹ́ 7.1 wáyé ní àárín gbùngbùn orílẹ̀-èdè Mẹ́síkò,menyo20k,15
Hurricane Max jà ní gúùsù orílẹ̀-èdè Mẹ́síkò,menyo20k,7
Àwọn Ẹlẹ́rìí Jèhófà Parí Ètò Ìrànwọ́ ní Amẹ́ríkà Àárín Lẹ́yìn Ìmìtìtì Ilẹ̀ Tó Wáyé,menyo20k,14
"Àpéjọ Àgbáyé “Ìfẹ́ Kì Í Yẹ̀ Láé”! Tá A Ṣe ní 2019—Monterrey, Mẹ́síkò",menyo20k,13
Ìmìtìtì Ilẹ̀ Wáyé ní Mẹ́síkò,menyo20k,5
Ìjì Líle Jà Tẹ̀ Léra ní Mẹ́síkò,menyo20k,7
Àwa Ẹlẹ́rìí Jèhófà Mú Bíbélì Mímọ́ ti Ìtumọ̀ Ayé Tuntun Jáde Lédè Guarani,menyo20k,13
Àkúnya Omi Ṣẹlẹ̀ Lórílẹ̀-Èdè Paraguay,menyo20k,5
"Àkànṣe Ìwàásù Dé Ọ̀dọ̀ Àwọn Tó Ń Sọ Èdè Aymara Nílùú Puno, Lórílẹ̀-Èdè Peru",menyo20k,14
Ìròyìn Tá a kọ́kọ́ gbọ́ nípa ìjì ńlá kan tí wọ́n pè ní Hurricane Maria,menyo20k,15
Ìròyìn láti Puerto Rico Lẹ́yìn ìjì líle Hurricane Maria,menyo20k,9
Ojú Ọjọ́ Tí Kò Bára Dé Ba Nǹkan Jẹ́ Láwọn Ibì Kan Lórílẹ̀-Èdè Amẹ́ríkà,menyo20k,14
Ìmìtìtì Ilẹ̀ Ṣọṣẹ́ Ní Gúúsù California,menyo20k,6
Ìmìtìtì Ilẹ̀ Tó Lágbára ní Alaska,menyo20k,6
Ìjì Lílé Ṣọṣẹ́ Láwọn Agbègbè Kan Lórílẹ́-èdè Amẹ́ríkà,menyo20k,8
Ìjì Líle Tó Ń Jẹ́ Dorian Ṣọṣẹ́ Lórílẹ̀-èdè Bahamas,menyo20k,9
"Àpéjọ Àgbáyé “Ìfẹ́ Kì Í Yẹ̀ Láé”! Tá A Ṣe ní 2019​—Houston, Orílẹ̀-èdè Amẹ́ríkà (Gẹ̀ẹ́sì)",menyo20k,15
Iná Runlérùnnà ní Ìpínlẹ̀ California,menyo20k,5
"Àpéjọ Àgbáyé “Ìfẹ́ Kì Í Yẹ̀ Láé”! Tá A Ṣe ní 2019—Atlanta, Orílẹ̀-èdè Amẹ́ríkà",menyo20k,14
"Àpéjọ Àgbáyé “Ìfẹ́ Kì Í Yẹ̀ Láé”! Tá A Ṣe ní 2019—Miami, Orílẹ̀-èdè Amẹ́ríkà (Gẹ̀ẹ́sì)",menyo20k,15
Iná Runlé-rùnnà ní Àríwá California,menyo20k,5
Ìròyìn Àkọ́kọ́ Nípa Ìjì Líle Tí Wọ́n Pè ní Irma,menyo20k,10
"Iná Ńlá Tí Wọ́n Pè ní Carr Ṣọṣẹ́ Nítòsí Redding, Ìpínlẹ̀ California",menyo20k,12
ÌRÒYÌN TÓ KỌ́KỌ́ DÉ | Iná Tó Ṣẹ́ Yọ Ní California,menyo20k,11
Ìjì Líle àti Àkúnya Omi Ṣọṣẹ́ Ní Gúúsù Ìpínlẹ̀ Texas,menyo20k,10
Ìrántí Ikú Kristi Tá A Ṣé Lọ́dún 2020—Orílẹ̀-Èdè Amẹ́ríkà,menyo20k,9
Ìròyìn Lọ́ọ́lọ́ọ́ Nípa Ibi Tí Ètò Ìrànwọ́ Dé Lẹ́yìn Ìjì Hurricane Harvey,menyo20k,12
Ijì Lílé Tó Ń Jẹ́ Dorian Runlé-rùnnà,menyo20k,7
Ìròyìn Lọ́ọ́lọ́ọ́ Nípa Iná Runlé-rùnnà Tó Ṣẹ́yọ Ní California,menyo20k,9
Omíyalé Ba Nǹkan Jẹ́ Láàárín Agbègbè Ìwọ̀ Oòrùn Amẹ́ríkà,menyo20k,9
Ìjì Líle Ṣọṣẹ́ ni Gúúsù Ìpínlẹ̀ California,menyo20k,7
A Ya Gbọ̀ngàn Ìjọba Àkọ́kọ́ Sí Mímọ́ Lẹ́ẹ̀kan Sí I Lẹ́yìn Ọdún Márùnlélọ́gọ́rin (85),menyo20k,14
Àwọn Iná Tó Jó ní Ìgbèríko California Ba Agbègbè Náà Jẹ́,menyo20k,11
"Ẹnì Kan Yìnbọn ní Ilé Ìwé Kan ní California, Lórílẹ̀-Èdè Amẹ́ríkà",menyo20k,11
"Àpéjọ Àgbáyé “Ìfẹ́ Kì Í Yẹ̀ Láé”! Tá A Ṣe ní 2019​—Phoenix, Orílẹ̀-Èdè Amẹ́ríkà",menyo20k,14
Ìpàtẹ Àwọn Nǹkan Ìṣẹ̀ǹbáyé Ti Wà Báyìí ní Oríléeṣẹ́ Wa Lédè Adití,menyo20k,12
Ìjì Líle Tó Ń Jẹ́ Barry Gbo Gúúsù Amẹ́ríkà Jìgìjìgì,menyo20k,10
Ọ̀pọ̀ Èèyàn Ló Fara Gbọta Nílùú Virginia Beach Lórílẹ̀-Èdè Amẹ́ríkà,menyo20k,10
Ìjì Líle Tó Lé Ní Ọgọ́rùn-ún Ṣọṣẹ́ Láwọn Ibì Kan Lórílẹ̀-èdè Amẹ́ríkà,menyo20k,12
Ìjì Líle Florence Ṣọṣẹ́ ní Gúúsù Ìlà Oòrùn Ilẹ̀ Amẹ́ríkà,menyo20k,10
Ìjì Líle Jà ní Gúúsù Ìlà Oòrùn Ilẹ̀ Amẹ́ríkà,menyo20k,9
Ìròyìn Láti Fẹnẹsúélà: Àwọn Ẹlẹ́rìí Jèhófà Túbọ̀ Tẹra Mọ́ Ìjọsìn Ọlọ́run Láìka Ìṣòro Sí,menyo20k,14
Ìjì Líle Hato Jà Nílùú Hong Kong àti Macau,menyo20k,9
Ẹ̀mí Ṣòfò Nígbà Tí Òkè Ya Lulẹ̀ Lápá Gúúsù-Ìwọ̀ Oòrùn Ilẹ̀ Íńdíà,menyo20k,12
Àwọn Ẹlẹ́rìí Jèhófà Mú Bíbélì Jáde ní Èdè Telugu ní Orílẹ̀-Èdè Íńdíà,menyo20k,12
Àrọ̀ọ̀rọ̀dá Òjò Mú Kí Omi Ya Wọ Ìwọ̀ Oòrùn Íńdíà,menyo20k,10
Ìjì Líle Jà ní Íńdíà,menyo20k,5
Òjò Alátẹ́gùn Tó Lágbára Gan-an Ba Ìlú Mumbai Jẹ́,menyo20k,9
Ìmìtìtì Ilẹ̀ Wáyé ní Erékùṣù Kan ní Indonéṣíà,menyo20k,8
"Ìmìtìtì Ilẹ̀ àti Omíyalé Ṣọṣẹ́ ní Sulawesi, Indonéṣíà",menyo20k,8
Ìjì Líle Trami: Ìjì Líle Tó Jà Lẹ́nu Àìpẹ́ Yìí ní Japan,menyo20k,12
Àwọn Ẹlẹ́rìí Jèhófà Ṣèrànwọ́ Fáwọn Tí Omíyalé Dà Láàmú ní Japan,menyo20k,11
Omíyalé Ba Nǹkan Jẹ́ ní Ìwọ̀ Oòrùn Ilẹ̀ Japan,menyo20k,9
"Ìmìtìtì Ilẹ̀ Wáyé ní Hokkaido,Japan",menyo20k,5
Àkúnya Omi Ṣọṣẹ́ Lórílẹ̀-Èdè Japan,menyo20k,5
Ìjì Líle Tó Ń Jẹ́ Tapah Rọ́ Lu Apá Gúúsù Orílẹ̀-Èdè Japan,menyo20k,12
Ìjì Líle Jebi Jà ní Japan,menyo20k,6
A Mú Bíbélì Ìtumọ̀ Ayé Tuntun Tá A Tún Ṣe Jáde Lédè Japanese,menyo20k,13
Ìjì Líle Tí Wọ́n Pè Ní Typhoon Bualoi Ṣọṣẹ́ Lórílẹ̀-Èdè Japan,menyo20k,11
Ìjì Líle Tó Ń Jẹ́ Faxai Ṣọṣẹ́ ní Orílẹ̀-Èdè Japan,menyo20k,10
"Wọ́n Ti Dá Teymur Akhmedov Sílẹ̀ Lẹ́wọ̀n Lórílẹ̀-èdè Kazakhstan ní April 4, 2018",menyo20k,13
Àwọn Ẹlẹ́rìí Jèhófà ní Kazakhstan Pe Àwọn Èèyàn Wá Ṣèbẹ̀wò Sáwọn Gbọ̀ngàn Ìjọba,menyo20k,13
Teymur Akhmedov Lo 441 Ọjọ́ Lẹ́wọ̀n​—A Fọ̀rọ̀ Wá Òun àti Mafiza Ìyàwó Rẹ̀ Lẹ́nu Wò,menyo20k,15
"Ìtẹ̀síwájú Lórí Ọ̀ràn Ẹjọ́ Nílùú Osh, Lórílẹ̀-èdè Kyrgyzstan",menyo20k,8
Àkúnya Omi àti Ilẹ̀ Yíya Ba Orílẹ̀-èdè Nepal Jẹ́,menyo20k,9
"Àpéjọ Àgbáyé “Ìfẹ́ Kì í Yẹ̀ Láé!” Manila, Philippines—2019",menyo20k,9
Ìjì Líle Vongfong Jà Lórílè-èdè Philippines Lásìkò Tí Ìjì Sábà Máa Ń Jà,menyo20k,13
Òjò Alátẹ́gùn Rọ́ Lu Orílẹ̀-Èdè Philippines,menyo20k,6
"Ìjì Líle Yutu Tún Ṣọṣẹ́, Ó Jà ní Philippines",menyo20k,9
Ìrántí Ikú Kristi ti Ọdún 2020,menyo20k,6
Àwa Ẹlẹ́rìí Jèhófà Mú Bíbélì Ìtumọ̀ Ayé Tuntun Jáde Lédè Mẹ́ta ní Philippines,menyo20k,13
Ìmìtìtì Ilẹ̀ Ṣọsẹ́ Ní Orílẹ̀-Èdè Philippines,menyo20k,6
Iná Ńlá Tó Sọ ní Philippines Jó Ọ̀pọ̀ Ilé,menyo20k,9
Ó Ṣeé Ṣe Kí Òkè Ayọnáyèéfín Tó Wà Lórílẹ̀-Èdè Philippines Bú Gbàù,menyo20k,12
Ìjì Líle Ba Apá Kan Orílẹ̀-èdè Philippines Jẹ́,menyo20k,8
Iná Sọ Àwọn Ilé Di Eérú ní Philippines,menyo20k,8
Ìjì Méjì Ṣọṣẹ́ ní Philippines,menyo20k,5
Ìmìtìtì Ilẹ̀ Tó Pọ̀ Gan-an Wáyé ní Apá Gúúsù Orílẹ̀-Èdè Philippines,menyo20k,11
Ilé Ẹjọ́ Gíga Jù Lọ Nílẹ̀ South Korea Dá Ẹjọ́ Mánigbàgbé,menyo20k,11
Iná Ńlá Sọ Nínú Igbó Létí Ìlà Oòrùn South Korea,menyo20k,10
Wọ́n Dá Àwọn Arákùnrin Wa Sílẹ̀ Lẹ́wọ̀n ní Korea,menyo20k,9
Àwọn Ẹlẹ́rìí Jèhófà Ṣe Àkànṣe Àpéjọ Fúngbà Àkọ́kọ́ ní Siri Láńkà,menyo20k,11
Wọ́n Mú Bíbélì Ìtumọ̀ Ayé Tuntun Tá A Tún ṣe Jáde Lédè Chinese,menyo20k,13
Ìmìtìti Ilẹ̀ Ṣọṣẹ́ ni Taiwan,menyo20k,5
Wọ́n Fi Arákùnrin Jovidon Bobojonov Sẹ́wọ̀n Ọdún Méjì Lórílẹ̀-èdè Tajikistan,menyo20k,10
A Mú Ìwé Mímọ́ Kristian Lédè Griki ní Ìtumọ̀ Ayé Titun Jáde Lédè Laotian,menyo20k,14
Ọ̀pọ̀ Èèyàn Wá Sáwọn Ibi Tá A Ti Ṣe Ìrántí Ikú Kristi Káàkiri Orílẹ̀-Èdè Uzbekistan,menyo20k,15
Òjò Àrọ̀ọ̀rọ̀dá Mú Kí Àgbàrá Ya Bo Ìlú Queensland ní Ọsirélíà,menyo20k,11
Iná Jó Ọ̀pọ̀ Ibi ní Ọsirélíà,menyo20k,6
Ìjì Líle Harold Ba Ọ̀pọ̀ Nǹkan Jẹ́ Láwọn Erékùṣù Vanuatu àti Fíjì,menyo20k,12
"Àwọn Ẹlẹ́rìí Jèhófà Ti Forúkọ Ẹ̀sìn Wọn Sílẹ̀ Lábẹ́ Òfin Nílùú Baku, ní Azerbaijan",menyo20k,14
Àpéjọ Agbègbè Mánigbàgbé Wáyé Ní Azerbaijan,menyo20k,6
Àwọn Ẹlẹ́rìí Jèhófà Ṣí Ibi Tuntun Tí Wọ́n Kó Onírúurú Bíbélì Sí Lórílẹ̀-Èdè Denmark,menyo20k,14
"Àpéjọ Àgbáyé “Ìfẹ́ Kì Í Yẹ̀ Láé”! Tá A Ṣe ní 2019—Copenhagen, Denmark",menyo20k,13
"Àwọn Ẹlẹ́rìí Jèhófà Tu Àwọn Èèyàn Nínú lẹ́yìn Ìpànìyàn tó wáyé nílùú Turku, lórílẹ̀-èdè Finland",menyo20k,15
"Àkànṣe Àpéjọ Àkọ́kọ́ Tó Wáyé Nílùú Tbilisi, ní Jọ́jíà",menyo20k,9
"Àpéjọ Àgbáyé “Ìfẹ́ Kì Í Yẹ̀ Láé”! Tá A Ṣe ní 2019​—Berlin, Jámánì",menyo20k,13
Ojúkò Àgọ́ Ìṣẹ́niníṣẹ̀ẹ́ Kan Ṣàfihàn Bí Wọ́n Ṣe Pọ́n Àwọn Ẹlẹ́rìí Jèhófà Lójú ní Jámánì,menyo20k,15
Ìlú Munich Ṣàfihàn Bí Ìjọba Násì Ṣe Pọ́n Àwọn Ẹlẹ́rìí Jèhófà Lójú,menyo20k,12
Ìtàn Mánigbàgbé: A fi Odindi Àádọ́ta Ọdún Jà fún Ẹ̀tọ́ Tá A Ní Láti Wàásù,menyo20k,15
Iná Sọ Nínú Igbó Nílẹ̀ Gíríìsì,menyo20k,6
Àpéjọ Àgbáyé “Ìfẹ́ Kì Í Yẹ̀ Láé”! Tá A Ṣe ní 2019—Athens ní Gíríìsì,menyo20k,14
Ìmìtìtì Ilẹ̀ Ṣẹlẹ̀ ní Erékùṣù Kan Lórílẹ̀-Èdè Ítálì,menyo20k,8
A Ti Ń Kọ́ Ẹ̀ka Ọ́fíìsì Tuntun Lórílẹ̀-Èdè Ítálì,menyo20k,9
"Àpéjọ Àgbáyé “Ìfẹ́ Kì Í Yẹ̀ Láé”! Tá A Ṣe ní 2019—Utrecht, Netherlands",menyo20k,13
Wọ́n “Sọdá Wá sí Makedóníà” fún Àkànṣe Ìwàásù,menyo20k,8
"Àpéjọ Àgbáyé “Ìfẹ́ Kì Í Yẹ̀ Láé”! Tá A Ṣe ní 2019​—Warsaw, Poland",menyo20k,13
Iná Tó Tíì Pààyàn Jù Lọ ní Portugal,menyo20k,8
Àpéjọ Àgbáyé “Ìfẹ́ Kì Í Yẹ̀ Láé”! Tá A Ṣe ní 2019—Lisbon ní Pọ́túgà,menyo20k,14
"Wọ́n Dá Àwọn Arákùnrin Mẹ́fà Míì Lẹ́bi, Wọ́n Sì Jù Wọ́n Sẹ́wọ̀n ní Orílẹ̀-Èdè Rọ́ṣíà",menyo20k,15
Dennis Christensen Máa Sọ̀rọ̀ Ìkẹyìn Láti Gbèjà Ara Rẹ̀ Nílé Ẹjọ́ ní May 23,menyo20k,14
Ilé Ẹjọ́ Wọ́gi Lé Ìdájọ́ Tí Wọ́n Ṣe fún Arákùnrin Akopyan Tẹ́lẹ̀ ní Rọ́ṣíà,menyo20k,14
Ilé Ẹjọ́ Kan ní Rọ́ṣíà Rán Arákùnrin Alushkin Lọ sí Ẹ̀wọ̀n Ọdún Mẹ́fà,menyo20k,13
Látinú Ẹ̀wọ̀n Sínú Má Jáde Nílé,menyo20k,6
Ilé Ẹjọ́ Kòtẹ́milọ́rùn Fara Mọ́ Ọn Pé Kí Dennis Christensen Lọ Sẹ́wọ̀n,menyo20k,12
"Wọ́n Máa Dá Ẹjọ́ Dennis Christensen ní February 6, 2019",menyo20k,10
"Ilé Ẹjọ́ ní Rọ́ṣíà Dá Dennis Christensen Lẹ́bi, Wọ́n sì Rán An Lẹ́wọ̀n Ọdún Mẹ́fà",menyo20k,15
Ilé Ẹjọ́ Kan Lórílẹ̀-Èdè Rọ́ṣíà Dá Arákùnrin Dennis Christensen Sílẹ̀ Lẹ́wọ̀n,menyo20k,11
Ilé Ẹjọ́ Lórílẹ̀-Èdè Rọ́ṣíà Dá Arákùnrin Yevgeniy Aksenov Lẹ́bi Pẹ̀lú Ẹ̀wọ̀n Ọdún Méjì Ní Ìpamọ́,menyo20k,15
"Wọ́n Dá Àwọn Ẹlẹ́rìí Jèhófà Lóró Nílùú Surgut, Lórílẹ̀-Èdè Rọ́ṣíà",menyo20k,10
Wọ́n Dájọ́ Ẹ̀wọ̀n Ọdún Mẹ́fà Àtààbọ̀ fún Arákùnrin Gennady Shpakovskiy Lórílẹ̀-Èdè Rọ́ṣíà,menyo20k,12
Ilé Ẹjọ́ ní Rọ́ṣíà Dẹ́bi fún Arkadya Akopyan Tó Jẹ́ Ẹni Àádọ́rin Ọdún,menyo20k,13
Wọ́n Ti Dá Arákùnrin Vladimir Alushkin Sílẹ̀ Lẹ́wọ̀n,menyo20k,8
Arákùnrin Gennady Shpakovskiy Lè Lọ Sẹ́wọ̀n Ọdún Méjé Àtààbọ̀ Lórílẹ̀-èdè Rọ́ṣíà,menyo20k,11
Wọ́n Dá Arákùnrin Valeriy Moskalenko Sílẹ̀ Lẹ́wọ̀n,menyo20k,7
Wọ́n Dá Arákùnrin Andrzej Oniszczuk Sílẹ̀ Lẹ́wọ̀n Lẹ́yìn Tó Ti Lo Oṣù Mọ́kànlá ní Àhámọ́,menyo20k,15
Wọ́n Tún Dẹ́bi fún Ẹlẹ́rìí Jèhófà Míì ní Rọ́ṣíà,menyo20k,9
Gbajúgbajà Onímọ̀ Nípa Ẹ̀sìn Jẹ́rìí Gbe Àwọn Ẹlẹ́rìí Jèhófà ní Ìlú Saratov,menyo20k,12
Ọ̀rọ̀ Àsọkágbá Arákùnrin Valeriy Moskalenko,menyo20k,5
Ó Ti Fẹ́rẹ̀ẹ́ Tó Ọdún Kan Tí Arákùnrin Andrzej Oniszczuk Ti Wà Látìmọ́lé,menyo20k,13
Ìyàwó Àwọn Ẹlẹ́rìí Jèhófà Tó Wà Lẹ́wọ̀n ní Rọ́ṣíà Fi Lẹ́tà Ránṣẹ́ sí Agbani-nímọ̀ràn Putin,menyo20k,15
December 21 Ni Ọjọ́ Tó Kẹ́yìn Tí Arákùnrin Arkadya Akopyan Máa Fara Hàn Nílé Ẹjọ́,menyo20k,15
Wọ́n Dá Arakùnrin Stupnikov Sílẹ̀ Látìmọ́lé,menyo20k,6
Ẹjọ́ Kòtẹ́milọ́rùn Christensen Ò Ní Pẹ́ Parí,menyo20k,7
Ilé Ẹjọ́ Orílẹ̀-Èdè Rọ́ṣíà Máa Dá Ẹjọ́ Arákùnrin Moskalenko Lọ́sẹ̀ Tó Ń Bọ̀,menyo20k,13
Àwọn Èèyàn Ń Ti Dennis Christensen Lẹ́yìn Kárí Ayé,menyo20k,9
Ilé Ẹjọ́ ní Rọ́síà Tú Àwọn Arákùnrin Méjì Tó Kù Látìmọ́lé Sílẹ̀ ní Ìlú Surgut,menyo20k,15
Wọ́n Fẹ̀sùn Ìwà Ọ̀daràn Kan Arákùnrin Yevgeniy Aksenov Torí Pé Ó Sọ̀rọ̀ Nípa Bíbélì,menyo20k,14
A Máa Gbé Ẹjọ́ Dennis Christensen Lọ sí Ilé Ẹjọ́ Ẹ̀tọ́ Ọmọnìyàn ti Ilẹ̀ Yúróòpù,menyo20k,15
Tọkọtaya Ẹlẹ́rìí Tí Wọ́n Kọ́kọ́ Jù Sẹ́wọ̀n ní Rọ́ṣíà,menyo20k,9
Àpéjọ Àgbègbè Àkọ́kọ́ Tá A Ṣe Ní Èdè Rómánì (Ìlà-Oòrùn Slovakia),menyo20k,11
Àkúnya Omi Ṣọṣẹ́ ní Apá Ìlà Oòrùn Sípéènì,menyo20k,8
Ìjọba Orílẹ̀-Èdè Sweden Sọ Pé Ẹ̀sìn Tó Ń Ran Aráàlú Lọ́wọ́ Làwọn Ẹlẹ́rìí Jèhófà,menyo20k,14
Wọ́n Fòfin De Àwọn Ẹlẹ́rìí Jèhófà ní “Donetsk People’s Republic”,menyo20k,10
Ìṣọ̀kan àti Aájò Àlejò Wà Láàárín Àwọn Ẹlẹ́rìí Jèhófà Nígbà Àkànṣe Àpéjọ ní Ukraine,menyo20k,14
Àwa Ẹlẹ́rìí Jèhófà Lórílẹ̀-Èdè Ukraine Ṣàfihàn Bíbélì,menyo20k,7
Iṣẹ́ Ìkọ́lé Ẹ̀ka Ọ́fíìsì Ti Ilẹ̀ Gẹ̀ẹ́sì Ti Fẹ́rẹ̀ẹ́ Parí,menyo20k,10
Àwọn ará wa ń ri ohun tí kò ní jẹ́ kí mànàmáná ṣọṣẹ́.,menyo20k,13
Ẹ̀gbẹ́ Gbọ̀ngàn Àpéjọ kan ni ibi tá a ń kọ́ ẹ̀ka ọ́fíìsì náà sí wà.,menyo20k,15
Àwọn òṣìṣẹ́ ti bẹ̀rẹ̀ sí í ṣètò ìpìlẹ̀ ilé náà.,menyo20k,10
"Lọ́dún tó kọjá, iṣẹ́ bẹ̀rẹ̀ lórí ẹ̀ka ọ́fíìsì tuntun lórílẹ̀-èdè Kamẹrúùnù.",menyo20k,11
Ó tún máa fi kún ìfẹ́ tí wọn ní fún Jèhófà àti ètò rẹ̀.”,menyo20k,14
Ó dùn wá pé àrùn yìí jà dé ọ̀dọ̀ àwọn ará wa.,menyo20k,12
"Àrùn náà ran arákùnrin kan, àmọ́ ara rẹ̀ ti kọ́fẹ pa dà.",menyo20k,12
Wọn ò mọ ìgbà tí wọ́n máa dá wọn sílẹ̀.,menyo20k,10
Ààrẹ náà tún fi àwọn ẹ̀tọ́ tí wọ́n ní dù wọ́n.,menyo20k,11
Ìjọba orílẹ̀-èdè Eritrea ti kọ̀ jálẹ̀ láti tẹ̀ lé ohun tí àwọn àjọ yìí sọ..,menyo20k,15
Wo: “ÀKÀNṢE ÌRÒYÌN: Wọ́n Ń Ṣenúnibíni Sáwọn Ẹlẹ́rìí Jèhófà Lórílẹ̀-Èdè Eritrea”,menyo20k,11
Gbogbo àwọn mẹ́tàdínlọ́gọ́jọ (157) tó wà nínú ẹ̀ ló sì kú.,menyo20k,11
Èèyàn tó lé ní mílíọ̀nù méjì ló ń gbé lórílẹ̀-èdè Gabon.,menyo20k,11
"Torí náà, èdè méjèjì la lò láti wàásù.",menyo20k,8
Nǹkan bí ọdún mẹ́ta ni wọ́n fi ṣiṣẹ́ lórí ìtúmọ̀ Bíbélì yìí kó tó parí.,menyo20k,15
"Àmọ́ ilé márùndínláàádọ́ta [45] ló ti bà jẹ́, títí kan Gbọ̀ngàn Ìjọba mẹ́fà.",menyo20k,13
"Máà bínú, ètò tó o fi ń wo fídíò kò ṣiṣẹ́. Wa Fídíò Yìí Jáde",menyo20k,15
Arákùnrin Jackson àti ìdílé kan ní Gbọ̀ngàn Àpéjọ tó wà ní ìlú Benin lórílẹ̀-èdè Nàìjíríà,menyo20k,15
A máa gbé àwọn ìtẹ̀jáde yìí sórí ìkànnì wa láìpẹ́.,menyo20k,10
"Ọ́fíìsì àwọn atúmọ̀ èdè náà rèé, kò fi bẹ́ẹ̀ jìnnà sí ẹ̀ka ọ́fíìsì orílẹ̀-èdè Rùwáńdà.",menyo20k,15
Ọ̀gbẹ́ni Augustin Munyangeyo tó jẹ́ ọ̀gá àgbà àjọ Rwanda National Union of the Deaf.,menyo20k,14
Ẹ̀rù ba arákùnrin Rutaganira gan-an nígbà tí nǹkan bí ọgbọ̀n èèyàn ya bo ilé rẹ̀.,menyo20k,15
Ó sọ pé: “Aládùúgbò mi ni ọ̀pọ̀ lára wọn. Ojoojúmọ́ la máa ń ríra wa.”,menyo20k,15
"Ó sọ pé “Ojú wọn pọ́n, wọ́n sì bẹ̀rẹ̀ sí í wò òun tìkà-tẹ̀gbin.",menyo20k,14
Wọ́n rí bí àwọn ẹranko tó ń wá ẹran tí wọ́n fẹ́ pa jẹ.”,menyo20k,14
"Lẹ́yìn náà, wọ́n wọ́ ọ sójú títì, wọ́n sì fi í síbẹ̀ kó lè kú.",menyo20k,15
Àwọn apààyàn yẹn wá bẹ̀rẹ̀ sí í wá Arákùnrin Rutaganira.,menyo20k,10
Ibi tó o bá kú sí lèmi náà máa kú sí.”,menyo20k,11
Arákùnrin Rutaganira sọ pé: “Nǹkan nira gan-an lẹ́yìn oṣù díẹ̀ tí ìpẹ̀yàrun yẹn dáwọ́ dúró.”,menyo20k,15
Wọ́n rí ọ̀pọ̀ èèyàn tó nílò ìtùnú àti ìrètí lójú méjèèjì.,menyo20k,11
Olùkọ́ náà sọ pé: “Mo bọ̀wọ̀ fáwọn Ẹlẹ́rìí Jèhófà gan an. . . .,menyo20k,14
Ọ̀pọ̀ èèyàn ló mọ̀ pé wọn ò lọ́wọ́ sí ìpẹ̀yàrun náà.”,menyo20k,11
"Lẹ́yìn tí ìpẹ̀yàrun náà parí, ọ̀pọ̀ àwọn ará Rùwáńdà rọ́ wá sínú Gbọ̀ngàn Ìjọba.",menyo20k,14
"Ní ìpíndọ́gba, akéde kọ̀ọ̀kan darí ìkẹ́kọ̀ọ́ Bíbélì mẹ́ta.",menyo20k,8
Ọjọ́ ti pẹ́ táwọn oníṣọ́ọ̀ṣì ti ń kópa nínú ìjà kẹ́lẹ́yàmẹ̀yà.,menyo20k,11
Àwọn tó wá sí àpéjọ náà ń fi èdè adití kọ orin Ìjọba Ọlọ́run,menyo20k,14
"Àmọ́, ìdílé méjì ni omi gbalé wọn.",menyo20k,7
Agbẹnusọ fún Àwa Ẹlẹ́rìí Jèhófà:,menyo20k,5
"Kárí Ayé: David A. Semonian, Office of Public Information.",menyo20k,9
"Déètì: September 6 sí 8, 2019",menyo20k,6
"Ibi Tí A Ti Ṣe É: Gbọ̀ngàn Ìwòran FNB ní ìlú Johannesburg, South Africa",menyo20k,14
"Àwọn Tó Wá: 58, 149",menyo20k,5
"Àwọn Tó Wá Láti Ilẹ̀ Òkèèrè: 6,000",menyo20k,7
"Ìròyìn fi hàn pé ó kéré tán, àádọ́rin (70) èèyàn ló kú.",menyo20k,12
Omíyalé náà tún ba Gbọ̀ngàn Ìjọba mẹ́ta jẹ́ ó kéré tán.,menyo20k,11
Àgbàrá òjò ti ba díẹ̀ lára àwọn omi tó ṣeé lò ní agbègbè yẹn jẹ́.,menyo20k,15
Ọdún mẹ́ta sẹ́yìn ni iṣẹ́ ìtúmọ̀ Bíbélì tá a mú jáde yìí bẹ̀rẹ̀.,menyo20k,13
Ọpẹ́ ni fún Jèhófà torí ẹ̀bùn yìí.”,menyo20k,7
Àwọn eléré ìdárayá láti erékùṣù Saint Kitts àti Nevis wá síbi àtẹ náà.,menyo20k,13
Ọgọ́rọ̀ọ̀rún ìtẹ̀jáde làwọn èèyàn ń gbà lójoojúmọ́ lásìkò ìwàásù àkànṣe náà.,menyo20k,11
Orílẹ̀-èdè Argentina ni wọ́n bí Arábìnrin Cecilia Alvarez sí.,menyo20k,9
Ó sì ti kojú ọ̀pọ̀ ìṣòro àìlera tó le gan-an.,menyo20k,10
"Àmọ́, ọkàn ẹ̀ balẹ̀, ó sì gbára lé Jèhófà.",menyo20k,9
"Dókítà Ernesto Bersusky, ẹni tó ti fẹ̀yìn tì lẹ́nu iṣẹ́ ìṣègùn egungun ẹ̀yìn tó lábùkù",menyo20k,15
Àwọn onímọ̀ ìṣègùn tó tọ́jú Cecilia bọ̀wọ̀ fún òun àtàwọn ará tó ràn án lọ́wọ́.,menyo20k,15
"Dókítà Susana Ciruzzi, agbẹjọ́rò àti onímọ̀ nípa ìlànà ìwà híhù nílé ìwòsàn",menyo20k,12
July 2019: Cecilia wà lóde ẹ̀rí pẹ̀lú aṣáájú ọ̀nà ẹlẹgbẹ́ rẹ̀,menyo20k,11
Kò sígbà tí mi ò kì í rántí àwọn ọ̀rọ̀ yìí.”,menyo20k,11
Ọ̀pọ̀lọpọ̀ èèyàn ló ní láti kúrò níbi tí wọ́n ń gbé.,menyo20k,11
"Déètì: July 12 sí 14, 2019",menyo20k,6
"Ibi Tá A Ti Ṣe É: São Paulo Expo ní São Paulo, Brazil",menyo20k,13
"Èdè: Èdè Adití ti Brazil, Gẹ̀ẹ́sì, Faransé, Italian, Potogí, Sípáníìṣì",menyo20k,10
"Àwọn Tó Wá Láti Ìlẹ̀ Òkèèrè: 7,000",menyo20k,7
Kò sí ará wa kankan tó fara pa tàbí tó kú nínú ìṣẹ̀lẹ̀ náà.,menyo20k,14
Ilé Ẹjọ́ Gíga Jù Lọ ti Kánádà (àwòrán apá òsì) ní Ottawa.,menyo20k,12
Ìgbà àkọ́kọ́ rèé tá a màá ṣe búrẹ́dì Ìrántí Ikú Kristi ní ìdílé wa.,menyo20k,14
Mánigbàgbé ni Ìrántí Ikú Kristi tọdún yìí jẹ́!”,menyo20k,8
Àdúrà tún wà lára ohun tó fi wá lọ́kàn balẹ̀.,menyo20k,10
Arákùnrin àti arábìnrin Mudaheranwa dara pọ̀ mọ́ àwọn ará yòókù nípàdé látorí ẹ̀rọ,menyo20k,13
"Àwọn Tó Wá Láti Ilẹ̀ Òkèèrè: 5,000",menyo20k,7
Ms. Purdy tún sọ pé: “Àpéjọ náà gbádùn mọ́ni ó sì tuni lára.,menyo20k,13
"Lọ́wọ́lọ́wọ́ báyìí, àádọ́ta (50) lára àwọn ẹlẹ́wọ̀n tó wà níbẹ̀ ló ń kẹ́kọ̀ọ́ Bíbélì.",menyo20k,14
"Látọdún 1996, iye àwọn tó ṣèrìbọmi lára wọn ti di ọgọ́ta (60).",menyo20k,12
"Òun rèé pẹ̀lú ìyàwó rẹ̀, Lety Cavadía.",menyo20k,7
"Ọgbà ẹ̀wọ̀n ni Néver Antonio Cavadía ti kẹ́kọ̀ọ́ Bíbélì, ó sì ṣèrìbọmi ní 1998.",menyo20k,14
Kò sí arákùnrin tàbí arábìnrin tó kú tàbí tó ṣèṣe nínú ìṣẹ̀lẹ̀ náà.,menyo20k,13
Ètò ti bẹ̀rẹ̀ ní pẹrẹu láti ṣàtúnṣe ilé àwọn ará tí ìjì náà bà jẹ́.,menyo20k,15
"A ti sin òkú wọn ní Saturday, May 26, 2018.",menyo20k,10
"Déètì: June 14 sí16, 2019",menyo20k,5
"Èdè: Èdè Adití ti Ecuador, Gẹ̀ẹ́sì, Sípáníìṣì",menyo20k,7
"Àwọn Tó Wá Láti Ìlẹ̀ Òkèèrè: 5,300",menyo20k,7
"Èèyàn dáadáa ni yín​—ẹ gbẹ̀kọ́, ìwà yín dáa, ẹ sì wà létòlétò.",menyo20k,12
Ìmọ̀ràn wa ni pe káwọn ìlú àtàwọn orílẹ́-èdè míì máa gba àwọn Ẹlẹ́rìí Jèhófà lálejò.”,menyo20k,15
Lára ohun tó kọ nìyí: “Ẹ káàárọ̀.,menyo20k,7
Bíbélì fi wá lọ́kàn balẹ̀ nínú ìwé Ìfihàn 21:4 pé ọ̀la máa dáa.,menyo20k,13
"Ọmọdé ni ẹ́, àmọ́ ọ̀rọ̀ tó o sọ yìí mọ́gbọ́n dání gan-an.”",menyo20k,12
Ọ̀pọ̀ ló gbà láti ṣe bẹ́ẹ̀.,menyo20k,6
Ó sọ fún wọn pé ọ̀kan òun ò balẹ̀ nítorí ìṣòro tó gbòde kan yìí.,menyo20k,15
"Eérú gbígbóná tú jáde, èéfín tó ń jáde níbẹ̀ sì fẹ́rẹ̀ẹ́ ga tó kìlómítà mẹ́sàn-án.",menyo20k,15
Àwọn ará inú ìjọ tó wà lágbègbè náà ló ń tójú àwọn ìdílé yìí.,menyo20k,14
"Ọkàn wa wà lọ́dọ̀ àwọn ará wa ní Haiti, a sì ń gbàdúrà fún wọn.",menyo20k,15
"Ó kéré tán, èèyàn márùn-ún ló kú nínú ìjì náà.",menyo20k,10
"Ọ̀gbàrá yẹn gbé àwọn mẹ́ta míì lọ, àmọ́ wọ́n rí wọn yọ nínú ẹ̀.",menyo20k,14
"Láfikún sí i, ìjì náà ba ilé mẹ́jọ jẹ́ pátápátá.",menyo20k,10
"A dúpẹ́ pé ẹnikẹ́ni ò fara pa, ọ́fíìsì náà ò sì bà jẹ́.",menyo20k,13
Ìwádìí ṣì ń lọ lọ́wọ́ láti mọ bí ìjì náà ṣe ṣọṣẹ́ tó.,menyo20k,13
"Lọ́dún 2017, ìmìtìtì ilẹ̀ méjì tó lágbára wáyé lórílẹ̀-èdè Guatemala àti Mẹ́síkò.",menyo20k,12
"Yàtọ̀ síyẹn, wọ́n tún ilé mẹ́wà kọ́ ní Guatemala.",menyo20k,9
Ara àwọn tí wọ́n ṣèrànlọ́wọ́ fún ni ìdílé Hernández àti Santiago.,menyo20k,11
"Ìmìtìtì ilẹ̀ tó wáyé ní September 19, 2017 ba ilé wọn jẹ́ kọjá àtúnṣe.",menyo20k,14
Àwọn ará tọ́jú wa gan-an.,menyo20k,5
Ìdílé Santiago níwájú ilé wọn tuntun.,menyo20k,6
Ó ba ilé wọn jẹ́ débi pé kò ṣeé gbé mọ́.,menyo20k,11
"Àmọ́ láàárín oṣù mẹ́fà, àwọn tó ń ṣiṣẹ́ ìrànwọ́ bá wọn kọ́ ilé tuntun míì.",menyo20k,15
"Ọ̀pọ̀lọpọ̀ àwọn akéde ló ṣèrànlọ́wọ́, èyí sì fi hàn pé wọ́n nífẹ̀ẹ́ àwọn ará.",menyo20k,14
"Wọ́n máa tún ilé ogún [20] kọ́, wọ́n sì máa tún Gbọ̀ngàn Ìjọba mẹ́rin kọ́.",menyo20k,15
"Déètì: June 7 sí 9, 2019",menyo20k,6
"Ibi Tá A Ti Ṣe É: Pápá ìṣeré BBVA Bancomer Stadium ní ìlú Monterrey, Mẹ́síkò",menyo20k,15
"Èdè: Gẹ̀ẹ́sì, Èdè Adití ti Mẹ́síkò, Sípáníìṣì",menyo20k,7
"Àwọn Tó Wá Láti Ìlẹ̀ Òkèèrè: 4,682",menyo20k,7
Gbọ̀ngàn Àpéjọ méjì ní Ìpínlẹ̀ Chiapas náà bàjẹ́.,menyo20k,8
Àmọ́ wọ́n ṣì ń bá àyẹ̀wò lọ.,menyo20k,7
"Wọ́n jí ẹrù àwọn ará wa kó, wọ́n sì ju àwọn míì síta.",menyo20k,13
Wọ́n tún da àwọn ẹrù wọn míì sínú omi.,menyo20k,9
Àwọn Ẹlẹ́rìí tí wọ́n jẹ́ ẹ̀yà Huichol níwájú Gbọ̀ngàn Ìjọba.,menyo20k,10
Àwọn yìí ti ń ṣe ìwádìí lórí ohun tí wọ́n ṣe sáwọn ará wa yìí.,menyo20k,15
"Àmọ́ ní ìpínlẹ̀ Nayarit, akéde méjìdínlọ́gọ́fà (118) ló sá kúrò nílé lọ sí agbègbè olókè.",menyo20k,15
"Nílùú Sinaloa, omi ya wọ Gbọ̀ngàn Ìjọba kan àti ilé ọ̀pọ̀ àwọn ará.",menyo20k,13
Omi tún ya wọ ilé àwọn ìdílé Ẹlẹ́rìí Jèhófà márùn-ún nílùú Michoacán.,menyo20k,12
"Ó kéré tán, èèyàn mẹ́fà ni àkúnya omi náà pa.",menyo20k,10
"Àmọ́, a dúpẹ́ pé kò sẹ́ni tó fara pa.",menyo20k,9
Àkànṣe ìwàásù náà kẹ́sẹ járí gan-an ni.,menyo20k,7
"Eré ìdárayá náà bẹ̀rẹ̀ ní July 26, 2019, ó sì parí ní September 1.",menyo20k,14
Èyí ni ìjì karùn-ún tó lágbára jù lọ nínú èyí tó tíì jà lórílẹ̀-èdè Amẹ́ríkà.,menyo20k,15
"Àwọn ìdílé Bẹ́tẹ́lì wà ní àláàfíà, kò sí ẹnì kankan tó fara pa.",menyo20k,13
"Àmọ́ íńtánẹ́ẹ̀tì ti bà jẹ́, jẹnẹrátọ̀ ni wọ́n sì ń lò.",menyo20k,11
"Nǹkan bí 84,000 àwọn Ẹlẹ́rìí Jèhófà ni ìjì líle náà ṣàkóbá fún.",menyo20k,12
À ń gbàdúrà fún àwọn arákùnrin àti arábìnrin wa tí ìṣẹ̀lẹ̀ yìí ṣàkóbá fún.,menyo20k,14
Gbogbo èyí mú kí àwọn ará mẹ́rìnlélọ́gọ́rin (84) kúrò níbi tí wọ́n ń gbé.,menyo20k,14
"Ní àfikún, Gbọ̀ngàn Ìjọba méjì ló bà jẹ́ díẹ̀.",menyo20k,9
"Ọjọ́ Tí A Ṣe É: August 16 sí 18, 2019",menyo20k,10
"Ìrírí: Martin Gulley, tó jẹ́ agbẹnusọ fún iléeṣẹ́ Metrolink sọ pé:n.",menyo20k,11
“O lè sọ pé o nífẹ̀ẹ́ ẹnì kan tàbí ohun kan.,menyo20k,11
Bí ẹ̀yin Ẹlẹ́rìí Jèhófà ṣe ń ṣe fi hàn pé lóòótọ́ lẹ nífẹ̀ẹ́.,menyo20k,13
"Ní November 30, 2018, ìmìtìtì ilẹ̀ tó lágbára ṣẹlẹ̀ nítòsí ìlú Anchorage, ìpínlẹ̀ Alaska.",menyo20k,14
Ilé mẹ́rìndínlógún (16) àwọn ará wa àti Gbọ̀ngàn Ìjọba méjì ló bà jẹ́.,menyo20k,13
À ń rántí àwọn ará wa tí ìmìtìtì ilẹ̀ yìí kàn nínú àdúrà wa.,menyo20k,14
"Àmọ́, ìjì náà ti ba Gbọ̀ngàn Ìjọba kan ṣoṣo tó wà ní erékùṣù náà jẹ́.",menyo20k,15
Ilé mẹ́ta ló sì bà jẹ́ kọjá àtúnṣe.,menyo20k,8
"Ìjì líle yìí tún pa ó kéré tán, èèyàn méjìdínlógún (18).",menyo20k,11
Ìjì líle yìí kan àwọn ará wa ní ìjọ mẹ́rìnléláàádọ́rùn-ún (94) àti àyíká mẹ́tàlá (13).,menyo20k,15
"Ibi Tá A Ti Ṣe É: Pápá Ìṣeré NRG ní Houston, ìpínlẹ̀ Texas, lórílẹ̀-èdè Amẹ́ríkà",menyo20k,15
Ìdí nìyẹn tí a fi gbà wọ́n tọwọ́tẹsẹ̀.,menyo20k,8
Àá ma retí yín lọ́dún tó ń bọ̀ àtèyí tó tẹ̀ lé e.,menyo20k,13
Ó dùn wá pé iná yẹn pa arábìnrin àgbàlagbà kan láti Ìjọ Ponderosa.,menyo20k,13
Gbọ̀ngàn Ìjọba kan tó wà nílùú Paradise náà run pátápátá.,menyo20k,10
"Déètì: May 17 sí 19, 2019",menyo20k,6
"Ibi Tá A Ti Ṣe É: Pápá Ìṣeré Mercedes-Benz Stadium nílùú Atlanta, ìpínlẹ̀ Georgia, Amẹ́ríkà",menyo20k,15
"Àwọn Tó Wá Láti Ìlẹ̀ Òkèèrè: 5,000",menyo20k,7
"Déètì: July 5 sí 7, 2019",menyo20k,6
"Ibi Tá A Ti Ṣeé: Marlins Park ní Miami, Florida, Lórílẹ̀-èdè Amẹ́ríkà",menyo20k,12
Èdè: Gẹ̀ẹ́sì àti Chinese Mandarin,menyo20k,5
"Yàtọ̀ síyẹn, mẹ́fà nínú ilé àwọn arákùnrin wa ló jóná, ilé mẹ́ta míì sì bàjẹ́.",menyo20k,15
"Agbẹnusọ fún Àwa Ẹlẹ́rìí Jèhófà: David A. Semonian, Ọ́fíìsì Agbéròyìnjáde, +1-845-524-3000",menyo20k,11
Ó ti ba ọ̀pọ̀ àwọn erékùṣù tó wà ní agbègbè Caribbean jẹ́.,menyo20k,12
"Agbẹnusọ fún àwa Ẹlẹ́rìí Jèhófà: David A. Semonian, Ọ́fíìsì Agbéròyìnjáde, +1-845-524-3000",menyo20k,11
"Bákan náà, àwọn arákùnrin méjì fara pa ní ìlú Tortola.",menyo20k,10
A nígbàgbọ́ pé Jèhófà á máa tù wá nínú nìṣó nípasẹ̀ ìjọ rẹ̀.,menyo20k,13
"Agbẹnusọ fún Àwa Ẹlẹ́rìí Jèhófà: David A. Semonian, Ọ́fíìsì Agbéròyìnjáde, +1-845-524-300",menyo20k,11
Iná náà ba ilé ìdílé méjìlá jẹ́ lára àwọn ará wa.,menyo20k,11
A gbọ́ pé Gbọ̀ngàn Ìjọba kan àti ilé àwọn ará mẹ́ta ló bà jẹ́ pátápátá.,menyo20k,15
Kò sí ilé àwọn ará tàbí Gbọ̀ngàn Ìjọba kankan tó bà jẹ́.,menyo20k,12
"Ní June 24, 2019, ìjì líle àti òjò àrọ̀ọ̀rọ̀dá ṣọṣẹ́ gan-an ní gúúsù Texas.",menyo20k,14
Àwọn alábòójútó àyíká àtàwọn alàgbà ń ṣèbẹ̀wò sọ́dọ̀ àwọn ará tí àjálù náà bá.,menyo20k,14
"Yàtọ̀ síyẹn, iṣẹ́ ń lọ lórí àtúnṣe àwọn ilé àti Gbọ̀ngàn Ìjọba tó bà jẹ́.",menyo20k,15
Ó ti ṣètò bí wọ́n ṣe máa ta àtagbà àsọyé náà ní ọgbà ẹ̀wọ̀n méjèèjì.,menyo20k,15
Gbogbo Bíbélì tí wọ́n kó sí ọgbà ẹ̀wọ̀n ni wọ́n ti gbà tán.,menyo20k,13
"Kódà, Bíbélì náà ò kárí àwọn tó ń béèrè fún un.",menyo20k,11
"Àwọn tó ń ṣètò ìrànwọ́ ní Aransas Pass, nílùú Texas.",menyo20k,10
"Bákan náà, àádọ́ta (50) ilé àti gbọ̀ngàn ìjọba méjìlá (12) ló bà jẹ́.",menyo20k,13
Wọ́n ti ń kápá iná runlérùnnà tó ń jó lọ́nà tó kàmàmà ní California.,menyo20k,14
"Yàtọ̀ síyẹn, ilé àwọn arákùnrin wa mọ́kàndínlọ́gbọ̀n [29] ló ti bàjẹ́ pátápátá.",menyo20k,12
Wọ́n tún ṣèbẹ̀wò sọ́dọ̀ àwọn tó pàdánù ilé wọn sínú ìjàǹbá yẹn.,menyo20k,12
Àmọ́ akéde mẹ́rìnlélọ́gọ́rin (84) ní láti kúrò níbi tí wọ́n ń gbé.,menyo20k,12
Kò sí ọ̀kankan nínú àwọn ará wa tó kú sínú ìṣẹ̀lẹ̀ náà.,menyo20k,12
Gbọ̀ngàn Ìjọba kankan kò bàjẹ́.,menyo20k,5
Ọdún 1935 ni ìṣẹ̀lẹ̀ amọ́kànyọ̀ yìí kọ́kọ́ wáyé.,menyo20k,8
A ò tíì gbọ́ pé ẹnikẹ́ni fara pa tàbí kú.,menyo20k,10
"Bákan náà, èéfín ba àwọn ilé kan jẹ́ díẹ̀.",menyo20k,9
Ó fẹ́rẹ̀ẹ́ jẹ́ gbogbo àwọn tó sá kúrò nílé ló ti pa dà sílé.,menyo20k,14
Ìfẹ́ àti ẹ̀mí ọ̀làwọ́ tí àwọn akéde tó ń gbé lágbègbè yìí fi hàn bùáyà.,menyo20k,15
"Bàbá, ìyá àti àbúrò mẹ́ta ni Dominic fi sílẹ̀.",menyo20k,9
Àwọn alàgbà ń pèsè ìtùnú látinú Ìwé Mímọ́ fún ìdílé yìí àtàwọn ará ìjọ wọn.,menyo20k,15
Ó bà wá nínú jẹ́ gan-an pé irú àjálù burúkú yìí ṣẹlẹ̀.,menyo20k,12
"Déètì: August 9 sí 11, 2019",menyo20k,6
"Ibi Tó Ti Wáyé: Chase Field ní Phoenix, Arizona, Orílẹ̀-èdè Amẹ́ríkà",menyo20k,11
"October 3, 2018 nibi ìpàtẹ yìí ti di àpéwò.",menyo20k,9
"Déètì: May 24 sí 26, 2019",menyo20k,6
"Ibi Tá A Ti Ṣe É: Marlins Park nílùú Miami, ìpínlẹ̀ Florida, Amẹ́ríkà",menyo20k,13
"Àwọn Tó Wá Láti Ìlẹ̀ Òkèèrè: 4,600",menyo20k,7
Wọ́n ti ń ṣètò bí wọ́n á ṣe tún àwọn ilé tó nílò àtúnṣe ṣe.,menyo20k,15
"Èèyàn méjìlá ló kú, àwọn mẹ́rin sì fara pa.",menyo20k,9
Ikú arábìnrin yìí dùn wá gan-an.,menyo20k,6
Àwọn alàgbà àtàwọn alábòójútó àyíká ṣì ń kíyè sí bí nǹkan ṣe rí.,menyo20k,13
Wọ́n ti ń tọ́jú rẹ̀ nílé ìwòsàn kan tó wà nítòsí.,menyo20k,11
Ẹ̀ka ọ́fíìsì wa ní Fẹnẹsúélà kò dáwọ́ dúró láti máa ṣètò ìrànwọ́ lórílẹ̀-èdè náà.,menyo20k,14
"Ní báyìí, iye ìkẹ́kọ̀ọ́ Bíbélì táwọn akéde ń darí lóṣooṣù fẹ́rẹ̀ẹ́ tó ọ̀kẹ́ mẹ́wàá (200,000).",menyo20k,15
Ètò Ọlọ́run kì í pinnu fáwọn èèyàn bóyá kí wọ́n kúrò tàbí kí wọ́n dúró.,menyo20k,15
"Ìlú ò fara rọ, ọrọ̀ ajé sì ti dẹnu kọlẹ̀ lórílẹ̀-èdè Fẹnẹsúélà.",menyo20k,12
Ìwà ọ̀daràn sì ń peléke sí i.,menyo20k,7
"Ní April 2019, ìkẹ́kọ̀ọ́ Bíbélì tí wọ́n ṣe fẹ́rẹ̀ẹ́ tó ẹgbẹ̀rún lọ́nà ọgọ́rùn-ún méjì (195,600).",menyo20k,15
"Àwọn aṣáájú-ọ̀nà déédéé pọ̀ sí i, wọ́n ti lé ní ẹgbẹ̀rún lọ́nà ọgbọ̀n (30,000).",menyo20k,14
Àwọn ìròyìn yìí ò múnú Ìgbìmọ̀ Olùdarí dùn rárá.,menyo20k,9
Àwọn míì tiẹ̀ tún gbẹ́mìí mì torí pé wọn ò rí ìtọ́jú tó yẹ gbà.,menyo20k,15
Àwọn tó ń wá sípàdé ìjọ ti pọ̀ sí i.,menyo20k,10
"Nílùú Macau, ó kéré tán àwọn mẹ́sàn-án ló kú, àwọn mẹ́tàléláàdọ́jọ [153] sì fara pa.",menyo20k,15
"Àmọ́, ọ̀pọ̀ ni kò ní iná àti omi tí wọ́n máa lò nílùú Macau.",menyo20k,14
Àwọn Gbọ̀ngàn Ìjọba kan ni wọ́n lò láti ṣe iṣẹ́ ìrànwọ́ yìí.,menyo20k,12
A gbọ́ pé omi ọ̀gbàrá ti mu àwọn Gbọ̀ngàn Ìjọba kan débì kan.,menyo20k,13
Àlàyé tí ẹ̀ka ọ́fíìsì ṣe rèé:,menyo20k,6
"Àmọ́, mìmì kan ò mi ọ́fíìsì àwọn atúmọ̀ èdè Gujarati tó wà ní ìlú Vadodara.",menyo20k,15
"Ìpínlẹ̀ Maharashtra: Ní ìlú Mumbai, ìdílé mẹ́fà ni àkúnya omi náà ba ilé wọn jẹ́.",menyo20k,15
Àwọn ará ní ìlú kan tó wà nítòsí gbà wọ́n sílé.,menyo20k,11
Ìgbìmọ̀ Tó Ń Ṣètò Ìrànwọ́ Nígbà Àjálù ti ń bójú tó ọ̀rọ̀ náà.,menyo20k,13
Ẹ̀ka ọ́fíìsì ti ń darí ètò ìrànwọ́ láwọn ibi tọ́rọ̀ kàn.,menyo20k,11
Àdúrà wa ni pé kí Jèhófà má ṣe fi àwọn ará wa yìí sílẹ̀.,menyo20k,14
"Àmọ́, ilé àwọn ará wa méjìdínlógójì (38) àti Gbọ̀ngàn Ìjọba méjì ló bà jẹ́.",menyo20k,14
Iṣẹ́ ìtúmọ̀ èdè kì í ṣe iṣẹ́ tí ẹnì kan lè dá ṣe.,menyo20k,13
"Ní Friday, September 28, ìmìtìtì ilẹ̀ tó lágbára wáyé ní erékùṣù Sulawesi lórílẹ̀-èdè Indonéṣíà.",menyo20k,14
"Àwọn díẹ̀ ló fara pa, wọ́n sì ní láti lọ sílé ìwòsàn.",menyo20k,12
Ilé tí Ìjọ Palu ti ń ṣèpàdé náà tún bà jẹ́.,menyo20k,11
Ó dùn wá pé arákùnrin wa kan kú nígbà tí omi gbé ilé rẹ̀ lọ.,menyo20k,15
Omi náà sì tún ba ilé mẹ́ta míì tó jẹ́ ti àwọn ará wa jẹ́.,menyo20k,15
Wọ́n sì tún wo bí ìránlọ́wọ́ táwọn ará nílò ṣe máa pọ̀ tó.,menyo20k,13
À ń rántí gbogbo àwọn ará tí àjálù yìí ṣẹlẹ̀ sí nínú àdúrà wa.,menyo20k,14
"Ní báyìí, àtúnṣe ń lọ lọ́wọ́ lórí Gbọ̀ngàn Ìjọba kan.",menyo20k,10
Àwòrán Gbọ̀ngàn Ìjọba kan ṣáájú àti lẹ́yìn tí wọ́n tún un ṣe.,menyo20k,12
Arákùnrin Jackson tún fi àsìkò náà bá ọ̀kọ̀ọ̀kan àwọn tí àjálù náà kàn sọ̀rọ̀ ìtùnú.,menyo20k,15
Ọgọ́rùn-ún (100) ilé àwọn ará wa àti Gbọ̀ngàn Ìjọba mẹ́rin ló bà jẹ́.,menyo20k,13
"Ní ìlú Okinawa àti Kyushu, àwọn tó ju àádọ́ta (50) lọ ló fara pa.",menyo20k,14
"Yàtọ̀ síyẹn, ilé àwọn arákùnrin wa tó bà jẹ́ lé ní àádọ́ta (50).",menyo20k,13
Àyẹ̀wò àkọ́kọ́ tí wọ́n ṣe fi hàn pé Gbọ̀ngàn Ìjọba mẹ́rìnlélógójì (44) ló bà jẹ́.,menyo20k,15
Gbọ̀ngàn ìwòran Noevir Stadium Kobe,menyo20k,5
Inú àwọn ará ń dùn bí wọ́n ṣe gba Bíbélì Ìtumọ̀ Ayé Tuntun tiwọn,menyo20k,14
Ọdún márùndínláàádọ́ta (45) sẹ́yìn la kọ́kọ́ mú Bíbélì Ìtumọ̀ Ayé Tuntun jáde lórílẹ̀-èdè Japan.,menyo20k,14
"Ó kéré tán, ilé mọ́kànlélọ́gọ́rin (81) tó jẹ́ tàwọn ará wa ló bà jẹ́.",menyo20k,14
"""""""Ní September 9, 2019 ìjì líle tó ń jẹ́ Faxai jà nítòsí Tokyo, lórílẹ̀-èdè Japan.""",menyo20k,15
Ó kéré tán èèyàn mẹ́ta ló pàdánù ẹ̀mí wọn.,menyo20k,9
"Ibẹ̀ ló wà báyìí, tí ara rẹ̀ ti ń yá díẹ̀díẹ̀.",menyo20k,11
"OPI: Arákùnrin Akhmedov, a máa kọ́kọ́ fẹ́ mọ̀ sí i nípa yín.",menyo20k,12
Ìgbà wo lẹ di Ẹlẹ́rìí Jèhófà?,menyo20k,6
"Teymur Akhmedov: October 9, 2005 ni mo ṣèrìbọmi.",menyo20k,8
"Kí n tó kẹ́kọ̀ọ́ òtítọ́, mi ò gbà pé Ọlọ́run wà.",menyo20k,11
"Ọ̀pọ̀ ọdún ni mi ò fi gba Ọlọ́run gbọ́, mi ò sì ṣe ẹ̀sìn kankan.",menyo20k,15
"Nígbà tí mo kà á, mo rí i pé òtítọ́ nìyí.",menyo20k,11
"Torí náà mo gbà pé kó máa wá, kó sì máa kọ́ mi kẹ́kọ̀ọ́ Bíbélì.",menyo20k,15
"Bẹ́ ẹ ṣe kẹ́kọ̀ọ́ Bíbélì nìyẹn, tẹ́ ẹ sì ṣèrìbọmi lọ́dún 2005.",menyo20k,12
"Láàárín oṣù mélòó kan, ẹ máa ń lọ bá wọn jíròrò látinú Bíbélì.",menyo20k,13
Mafiza Akhmedov: Ìgbà kan wà témi náà wà níbi tí wọ́n ti ń ṣe ìkẹ́kọ̀ọ́.,menyo20k,15
"Àmọ́ ohun tó wá ṣẹlẹ̀ yà mí lẹ́nu, síbẹ̀ mi ò bẹ̀rù.",menyo20k,12
Báwo ló ṣe rí lára yín?,menyo20k,6
"Torí náà, mo pinnu pé bó ti wù kó pẹ́ tó, màá dúró.",menyo20k,13
"Arábìnrin Mafiza, báwo lọ̀rọ̀ yìí ṣe rí lára yín lásìkò yẹn?",menyo20k,11
"MA: Ẹ̀rù bà mí gan-an, ìbànújẹ́ sì dorí mi kodò.",menyo20k,10
Kí lohun míì tó tún ràn yín lọ́wọ́ nígbà tí ọkọ yín wà lẹ́wọ̀n?,menyo20k,14
MA: Àwọn ará lọ́kùnrin lóbìnrin ràn mí lọ́wọ́ gan-an.,menyo20k,9
"Mo bi wọ́n pé, ‘Ṣé ẹ̀rù ò bà yín láti wá síbí ni?’",menyo20k,13
"Wọ́n dáhùn pé, ‘Kí ló fẹ́ máa bà wá lẹ́rù?",menyo20k,10
"Níbi táyé dé yìí, kò ṣòro rárá fáwọn aláṣẹ láti rí wa mú.",menyo20k,13
Mo sì rí bó ṣe dáhùn àdúrà mi.,menyo20k,8
Kíka Bíbélì náà ràn mí lọ́wọ́.,menyo20k,6
"Nínú ọ̀kan lára àwọn ọgbà ẹ̀wọ̀n yẹn, Bíbélì wà lárọ̀ọ́wọ́tó mi ní gbogbo ìgbà.",menyo20k,14
Mo tún rántí ọ̀rọ̀ arákùnrin tó kọ́ mi lẹ́kọ̀ọ́ Bíbélì.,menyo20k,10
Mo rántí pé mo bi wọ́n pé: ‘Báwo ni mi ò ṣe ní bẹ̀rù?,menyo20k,14
Mo bẹ̀rù ọgbà ẹ̀wọ̀n gan-an.,menyo20k,5
Ṣé àǹfààní ẹ̀ wá yọ láti wàásù fún àwọn kan nígbà tẹ́ ẹ wà lẹ́wọ̀n?,menyo20k,15
"Ó wá bi mí pé, ‘Kí lorúkọ Ọlọ́run?’ Mo ní, ‘Jèhófà lorúkọ Ọlọ́run.’",menyo20k,13
"Mo ní, ‘Àwọn náà ni wọ́n máa lè dáhùn ẹ̀.’",menyo20k,10
Dókítà kan tó jẹ́ afìṣemọ̀rònú ẹ̀dá wá ṣèbẹ̀wò sọ́dọ̀ àwọn ẹlẹ́wọ̀n.,menyo20k,11
Gbogbo wa la láǹfààní láti sọ èrò wa.,menyo20k,8
Èèyàn méjì ló sọ pé wọ́n á ṣègbéyàwó; wọn ò ju méjì lọ.’,menyo20k,13
Mo ní: ‘Jésù ló sọ̀rọ̀ yìí.,menyo20k,6
TA: Òótọ́ ni pé àwọn ìgbà kan wà tí wọ́n ní kí n buwọ́ lùwé.,menyo20k,15
"Mo rò ó pé, ‘Ta ló lè fẹ́ bá mi sọ̀rọ̀?’",menyo20k,11
"Kí n má parọ́, mi ò mọ ohun tí mi ò bá ṣe.",menyo20k,13
"Arábìnrin Mafiza, báwo ni ìròyìn amóríyá yìí ṣe rí lára yín?",menyo20k,11
[Àwọn aláṣẹ ní Turkmenistan mú Arákùnrin Hemdemov ní March 2015.,menyo20k,10
"Mo mọ̀ pé bíi tèmi, Jèhófà àtàwọn ará lòun náà gbára lé.",menyo20k,12
TA: Ohun kan tí mo fẹ́ sọ ni pé gbogbo wa la máa kojú àdánwò.,menyo20k,15
Ó lè má jẹ́ gbogbo wa la máa lọ sẹ́wọ̀n.,menyo20k,10
Àdánwò táwọn míì máa kojú lè jẹ́ inúnibíni látọ̀dọ̀ mọ̀lẹ́bí wọn tó jẹ́ aláìgbàgbọ́.,menyo20k,14
"Tá a bá rọ̀ mọ́ àwọn ìlànà yẹn, a máa lè borí àdánwò.",menyo20k,13
"Mo dúpẹ́ gan-an lọ́wọ́ ìdílé mi àtàwọn ọmọ mi, wọ́n kú àdúrótì.",menyo20k,12
"Bákan náà, mo fẹ́ dúpẹ́ lọ́wọ́ ẹgbẹ́ ará fún gbogbo ohun tí wọ́n ṣe.",menyo20k,14
Mo mọrírì àdúrà wọn àtàwọn lẹ́tà tó ń gbéni ró tí wọ́n kọ sí mi.,menyo20k,15
Mi ò mọ̀ ọ́n lára pé wọ́n pa mí tì fún ìṣẹ́jú kan.,menyo20k,13
Ìwé ẹ̀rí tó jẹ́ káwọn Ẹlẹ́rìí Jèhófà lè máa ṣe ẹ̀sìn wọn ní Ulaanbaatar.,menyo20k,14
Làwọn ará bá sọ pé àwọn máa gbé ọ̀rọ̀ náà lọ sílé ẹjọ́.,menyo20k,13
"Kárí Ayé: David A. Semonian, Ọ́fíìsì Agbéròyìnjáde, +1-845-524-3000",menyo20k,8
Ọ̀pọ̀ àwọn akéde yìí ló fara pa mọ́ sí Gbọ̀ngàn Ìjọba.,menyo20k,11
"Àwọn Èdè Tí Wọ́n Lò: English, Tagalog",menyo20k,7
"Iye Àwọn Tó Wá: 26,245",menyo20k,5
Iye Àwọn Tó Ṣèrìbọmi: 145,menyo20k,5
"Iye Àwọn Tó Wá Láti Ilẹ̀ Òkèèrè: 5,397",menyo20k,8
Inú wa dùn pé ẹ wá síbí.”,menyo20k,7
"""Ẹ wà létòlétò gan an ni.”""""""",menyo20k,6
"Yàtọ̀ síyẹn, ilé àwọn ará méjìlélọ́gọ́rin (82) ni ìjì náà bà jẹ́.",menyo20k,12
"Kódà, Gbọ̀ngàn Ìjọba márùn-ún ló bà jẹ́, ìkan sì wó lulẹ̀ pátápátá.",menyo20k,12
Kò sí ilé àwọn arákùnrin wa tò bàjẹ́ jù.,menyo20k,9
Erékùṣù yìí ló tóbi jù lórílẹ̀-èdè Philippines.,menyo20k,7
Ẹ̀ka ọ́fíìsì wa ní Philippines ti ń ṣètò ìrànwọ́ fáwọn tí àjálù náà ṣẹlẹ̀ sí.,menyo20k,15
Àwọn dókítà àtàwọn nọ́ọ̀sì yìí tún sọ fáwọn ẹlòmíì pé kí wọ́n wo àsọyé yìí.,menyo20k,15
"Torí náà, èèyàn ọgọ́rùn-ún kan ó lé méjìdínlọ́gbọ̀n (128) ló wo àkànṣe àsọyé ọ̀hún.",menyo20k,14
Ẹ ṣeun pé ẹ fún mi láǹfààní láti gbọ́ àsọyé yín.,menyo20k,11
Mo rọ̀ yín pé kẹ́ ẹ máa bá iṣẹ́ ìwàásù yín lọ.”,menyo20k,12
Bẹ́ ẹ ṣe ń lo ẹ̀rọ ìgbàlódé dára gan-an.”,menyo20k,9
Àkànṣe àsọyé àti àsọyé Ìrántí Ikú Kristi wọ ọ̀pọ̀ èèyàn lọ́kàn gan-an.,menyo20k,12
Ó lé lọ́dún mẹ́ta kí wọ́n tó parí iṣẹ́ lórí ọ̀kọ̀kan wọn.,menyo20k,12
Ó lé lọ́dún márùn-ún tí wọ́n fi ṣiṣẹ́ ìtúmọ̀ rẹ̀.”,menyo20k,10
Kò sí ìkankan lára àwọn ará wa tó kú nínú ìmìtìtì ilẹ̀ yìí.,menyo20k,13
Àmọ́ arábìnrin kan fara pa díẹ̀.,menyo20k,6
"Bákan náà, àwọn arákùnrin wa méjì ni ilé wọn bàjẹ́ gan-an.",menyo20k,11
"Lápapọ̀, ilé àwọn Ẹlẹ́rìí Jèhófà méje ni iná náà jó.",menyo20k,10
Ìròyìn fi hàn pé kò sí ìkankan nínú àwọn ará wa tó fara pa.,menyo20k,14
"Yàtọ̀ síyẹn, Gbọ̀ngàn Ìjọba mẹ́ẹ̀ẹ́dógún (15) ló bà jẹ́.",menyo20k,9
Àwọn Ẹlẹ́rìí Jèhófà ti gba àwọn ará wọn tí iná yìí sọ di aláìnílé sílé.,menyo20k,15
"Kárí Ayé: David A. Semonian, Ọ́fíìsì Agbéròyìnjáde,",menyo20k,7
"Ìjì náà fa òjò àrọ̀ọ̀rọ̀dá, ó mú kí ilẹ̀ ya, ó sì fa omíyalé.",menyo20k,14
"Ó kéré tán, èèyàn mẹ́ẹ̀ẹ́dọ́gbọ̀n (25) ló kú, àwọn méjìlélógójì (42)sì fara pa.",menyo20k,13
"Gbogbo ilé tó bà jẹ́ fẹ́rẹ̀ẹ́ tó ẹgbẹ̀rún mẹ́tàlélógún (22,835).",menyo20k,10
"Yàtọ̀ síyẹn, ó tún ba Gbọ̀ngàn Ìjọba kan jẹ́.",menyo20k,9
Àwọn Ẹlẹ́rìí Jèhófà tó wà lágbègbè náà ti dìde ìrànwọ́ fáwọn èèyàn.,menyo20k,12
"A bá gbogbo àwọn tọ́rọ̀ kàn, tí àjálù sì ṣẹlẹ̀ sí kẹ́dùn.",menyo20k,12
"""A gbàdúrà pé kí Jèhófà máa ran àwọn ará tí àjálù bá yìí lọ́wọ́.​—Sáàmù 70:5.""""""",menyo20k,15
"Wọ́n gba àrọwà àwọn agbẹjọ́rò ìjọba, wọ́n sì dá àwọn arákùnrin náà sílẹ̀ lómìnira.",menyo20k,14
Àwọn oníròyìn rèé níwájú ìta Ilé Ẹjọ́ Tó Ń Rí Sọ́ràn Ẹ̀tọ́ Ọmọnìyàn.,menyo20k,13
Kárí ayé làwọn oníròyìn ti ń tọ pinpin ibi tọ́rọ̀ náà dé.,menyo20k,12
"Inú wa dùn, a sì yin Jèhófà nítorí ìdájọ́ tó ṣàrà ọ̀tọ̀ yìí.",menyo20k,13
Ẹ̀ka ọ́fíìsì wa ròyìn pé kò sí ìkankan lára àwọn ará wa tó kú.,menyo20k,14
Àmọ́ iná náà jó ilé mẹ́jọ tí àwọn ará wa mẹ́tàdínlọ́gbọ̀n (27) ń gbé.,menyo20k,14
"Àwọn arákùnrin tí wọ́n ṣẹ̀ṣẹ̀ dá sílẹ̀ pa dà sọ́dọ̀ àwọn òbí wọn (lọ́tùn-ún, lósì).",menyo20k,15
Àwọn oníròyìn ń fọ̀rọ̀ wá arákùnrin kan lẹ́nu wò níwájú ìta ọgbà ẹ̀wọ̀n náà (àárín).,menyo20k,15
Wọ́n gbé àtẹ ìwé méjì sí tòsí ẹnubodè àríwá ní Gangneung Olympic Park.,menyo20k,13
"Yàtọ̀ síyẹn, àwọn mẹ́rìndínlọ́gọ́rin [76] míì ni wọ́n ṣì ń wá.",menyo20k,11
Ó máa pe ẹjọ́ kòtẹ́milọ́rùn.,menyo20k,5
Àwa Ẹlẹ́rìí Jèhófà ti pe ẹjọ́ kòtẹ́milọ́rùn lórí ọ̀rọ̀ yìí.,menyo20k,10
Ìbẹ̀rẹ̀ ọdún 2019 ni wọ́n bẹ̀rẹ̀ sí í fojú Arákùnrin Khakimov rí màbo.,menyo20k,13
"Àwọn orílẹ̀-èdè mẹ́rin tó kù ni Eritrea, Rọ́ṣíà, Singapore àti Turkmenistan.",menyo20k,11
Ìgbìmọ̀ ẹlẹ́ni-mẹ́ta tó túmọ̀ Bíbélì náà lo ọdún kan ààbọ̀ lórí iṣẹ́ náà.,menyo20k,13
Àkókò tí wọ́n ní kí wọ́n lò lẹ́wọ̀n jẹ́ láàárín ọdún kan sí mẹ́rin.,menyo20k,14
Ẹlẹ́rìí Jèhófà ni Surya ìyàwó ẹ̀ àti Sonya màmá rẹ̀.,menyo20k,10
"November 11, 2019 ni ìgbẹ́jọ́ Arákùnrin Dovletov bẹ̀rẹ̀.",menyo20k,8
Arákùnrin Dovletov máa pe ẹjọ́ kòtẹ́milọ́rùn lórí ìdájọ́ náà.,menyo20k,9
"Àní láwọn ibì kan, àwọn ọlọ́pàá wà lára àwọn tó wá gbọ́ àsọyé.",menyo20k,13
Wọ́n túmọ̀ àsọyé náà sí èdè Russian.,menyo20k,7
Àwọn tó wá jẹ́ ogọ́rùn-ún méje àti mọ́kànlélọ́gọ́rin (781).,menyo20k,9
"Lẹ́yìn ìpàdé àkọ́kọ́ yìí, wọ́n ṣe ìpàdé méjì míì nínú Gbọ̀ngàn Ìjọba náà.",menyo20k,13
"Ọjọ́ Tí A Ṣe É: November 22 sí 24, 2019",menyo20k,10
"Ibi Tí A Ti Ṣe É: Pápá Ìṣeré Marvel ní Melbourne, Ọsirélíà",menyo20k,12
"Iye Àwọn Tó Pésẹ̀: Ẹgbẹ̀rún mẹ́rìndínláàádọ́ta ó lé ọgọ́rùn-ún márùn-ún àti méjìlélọ́gọ́rin (46,582)",menyo20k,13
Iye Àwọn Tó Ṣèrìbọmi: Ọgọ́rùn-ún mẹ́rin àti méje (407),menyo20k,9
"Iye Àwọn Aṣojú Tó Wá Láti Orílẹ̀-Èdè Míì: Ẹgbẹ̀rún mẹ́fà àti mẹ́tàlélọ́gọ́rin (6,083)",menyo20k,13
"Ká sòótọ́, inú mi dùn gan-an pé mo wà pẹ̀lú wọn.",menyo20k,11
Àrọ̀ọ̀rọ̀dá òjò ti mú kí alagbalúgbú omi ya bo apá àríwá-gúúsù orílẹ̀-èdè Ọsirélíà.,menyo20k,13
Kò sì sí Gbọ̀ngàn Ìjọba tàbí Gbọ̀ngàn Àpéjọ kankan tó bà jẹ́.,menyo20k,12
Àwọn Ẹlẹ́rìí kan ti ń bójú tó tọkọtaya tí ilé wọn bà jẹ́.,menyo20k,13
Àwọn alàgbà ń fi Ọ̀rọ̀ Ọlọ́run tu àwọn tí ìṣẹ̀lẹ̀ náà kàn nínú.—Ìṣe 20:28.,menyo20k,14
Èèyàn mẹ́tàlélọ́gbọ́n (33) ló sì ṣe ìrìbọmi.,menyo20k,7
A dúpẹ́ lọ́wọ́ àwọn aláṣẹ fún ànfààní yìí.,menyo20k,8
Ìṣọ̀kan tó wà láàárín àwọn arákùnrin àti arábìnrin wa ń jẹ́rìí lọ́nà tó wúni lórí.,menyo20k,15
Òun náà ti pe ẹjọ́ kòtẹ́milọ́rùn sí Ilé Ẹjọ́ Gíga Jù Lọ.,menyo20k,12
"Ní April 17, 2011, àwọn ará wa pé jọ láti ṣe Ìrántí ikú Jésù.",menyo20k,14
Àwọn ará gbé ọ̀rọ̀ náà lọ sílé ẹjọ́.,menyo20k,8
"Nígbà tó yá, ọ̀rọ̀ náà dé Ilé Ẹjọ́ Gíga Jù Lọ.",menyo20k,11
Inú wa dùn gan-an torí bá a ṣe jàre nínú ẹjọ́ mẹ́tẹ̀ẹ̀ta yìí.,menyo20k,13
Bíbélì tó wà nínú àtẹ yìí ju àádọ́ta (50) lọ.,menyo20k,10
Òun ni odindi Bíbélì àkọ́kọ́ tí wọ́n ṣe lédè Scandinavia.,menyo20k,10
Òun ni odindi Bíbélì àkọ́kọ́ tí wọ́n ṣe lédè Danish.,menyo20k,10
"Ibi Tí A Ti Ṣeé: Pápá Ìṣeré Brøndby àti Gbàgede Brøndby Hallen, ní Copenhagen, Denmark",menyo20k,15
"Àwọn Tó Wá Láti Ilẹ̀ Òkèèrè: 7,000",menyo20k,7
À ń retí ẹ̀yin àti àwọn àlejò yín nígbà míì ní Pápá Ìṣeré Brøndby.”,menyo20k,14
"tó wáyé ní Tbilisi, olú-ìlú Jọ́jíà, ní July 20-22, 2018.",menyo20k,10
Àwọn Ẹlẹ́rìí Jèhófà tó wà níbi àpéjọ ọdún 1948 sọ ìrírí wọn.,menyo20k,12
A kọ́kọ́ fi garawa gbọ́n àwọn omi tó dá rogún sínú àwọn kòtò gìrìwò náà.,menyo20k,15
"Díẹ̀ lára àwọn tó ju 23,000 tó wá sí àpéjọ náà.",menyo20k,11
Ó tó igba (200) èèyàn tó rí àmì ìrántí náà.,menyo20k,10
"Àgọ́ ìṣẹ́niníṣẹ̀ẹ́ Mauthausen, tí Max Eckert kú sí.",menyo20k,8
Àkọsílẹ̀ nípa Arákùnrin Eckert fi hàn pé ó pẹ́ tó ti jẹ́ adúróṣinṣin sí Ọlọ́run.,menyo20k,15
"Àwọn ará wa gbé ọ̀rọ̀ náà lọ sílé ẹjọ́, ilé ẹjọ́ sì dá wọn láre.",menyo20k,15
"Lẹ́yìn ìwàásù àkànṣe yẹn, àwọn ìjọba ìpínlẹ̀ míì náà fòfin de àwa Ẹlẹ́rìí Jèhófà.",menyo20k,14
Àwọn ará tó jẹ́ méjìlélọ́gọ́ta ni wọ́n kú sẹ́wọ̀n lábẹ́ ìjọba GDR.,menyo20k,12
Ọdún mẹ́sàn-án gbáko ni wọn ò fi fojú kan ara wọn.,menyo20k,11
"Ìjọba Násì pa Therese Kühner ní October 6, 1944.",menyo20k,9
"October 6, 1944 ni wọ́n pa á.",menyo20k,7
^ ìpínrọ̀ 3 Minos Kokkinakis kú ní January 1999.,menyo20k,9
"Ibi Tá A Ti Ṣe É: Pápá ìṣeré Athens Olympic Stadium ní ìlú Athens, Greece",menyo20k,15
"Èdè: Albanian, Gẹ̀ẹ́sì, Gíríìkì, Èdè Adití ti Gíríìkì, Romany (ti Gúúsù Greece), Russian",menyo20k,13
"Àwọn Tó Wá Láti Ìlẹ̀ Òkèèrè: 6,000",menyo20k,7
"Ńṣe ni mò ń wò yín lánàá, ẹ wú mi lórí gan-an!",menyo20k,12
Èyí tó wú mi lórí jù ni ẹ̀rín músẹ́ tó wà lójú yín.,menyo20k,13
"Àmọ́, gbogbo yín lẹ̀ ń rẹ́rìn-ín látọkàn.”",menyo20k,7
Àwọn aṣojú láwọn ilé ìwòsàn tó lórúkọ ló pésẹ̀ síbi àpérò náà.,menyo20k,12
"Ọ̀pọ̀ ilé iṣẹ́ ló sì ti ètò náà lẹ́yìn, irú bí Ilé Iṣẹ́ Ètò Ìlera.",menyo20k,15
Dókítà náà ṣe iṣẹ́ abẹ tó díjú yìí láìlo ẹ̀jẹ̀.,menyo20k,10
“Ọ̀pọ̀ ọdún ni mo fi tọ́jú àwọn aláìsàn tó jẹ́ Ẹlẹ́rìí Jèhófà.,menyo20k,12
A ti mọ bá a ṣe lè ṣe é láìfa ẹ̀jẹ̀ síni lára.,menyo20k,13
Mo gbà pé wọ́n yẹ lẹ́ni téèyàn ń bọ̀wọ̀ tó jinlẹ̀ fún.,menyo20k,12
"Nígbà tó yá, obìnrin náà àti ọkọ ẹ̀ fẹjọ́ sun Ọ́fíìsì Olùpẹ̀jọ́.",menyo20k,12
dókítà ò gbọ́dọ̀ fún un nírú ìtọ́jú yìí” tí onítọ̀hún bá ti lóhun ò fẹ́.,menyo20k,15
"Ó lé ní ogójì [40] èèyàn tó fara pa, àwọn méjì ló sì kú.",menyo20k,14
"Wọ́n gbé ẹjọ́ Arákùnrin Cappelli dé Ilé Ẹjọ́ Gíga Jù Lọ ní February 16, 2017.",menyo20k,15
"Àmì ìrántí tí wọ́n gbé sí abúlé Risiera di San Sabba, ní ìlú Trieste.",menyo20k,14
Ó ní: “Àmì ìrántí yìí dùn mọ́ mi nínú gan-an.,menyo20k,10
Ọ̀pọ̀ ọ̀mọ̀wé àtàwọn ìlúmọ̀ọ́ká sọ̀rọ̀ lórí bí ètò ìrántí náà ti ṣe pàtàkì tó.,menyo20k,14
"Ẹ̀mí ẹgbẹ̀rún kan ààbọ̀ (1,500) lára wọn ló lọ sí i.",menyo20k,11
Annamaria Fiorillo (Igbá kejì agbẹjọ́rò ìjọba ní Kóòtù Àwọn Ọ̀dọ́ ti ìlú Milan),menyo20k,13
"Láì ṣiyè méjì, mo lè sọ pé ànímọ́ mẹ́ta pàtàkì láwọn Ẹlẹ́rìí Jèhófà ní.",menyo20k,14
Guido Raimondi (Ààrẹ àná fún Ilé Ẹjọ́ Ẹ̀tọ́ Ọmọnìyàn ti Ilẹ̀ Yúróòpù),menyo20k,12
A ṣì tún máa wá àwọn ilé míì sí i ní agbègbè yẹn.,menyo20k,13
"Látìgbà yẹn wá, àwa Ẹlẹ́rìí Jèhófà ti pọ̀ sí i lọ́nà tó pabanbarì ní Ítálì.",menyo20k,15
"Lónìí, àwọn akéde tó wà níbẹ̀ ti lé ní ẹgbẹ̀rún lọ́nà àádọ́ta-lé-nígba (250,000).",menyo20k,13
Orílẹ̀-èdè yìí ló ní iye akéde tó pọ̀ jù nílẹ̀ Yúróòpù.,menyo20k,11
"Déètì: August 2 sí 4, 2019",menyo20k,6
"Ibi Tá A Ti Ṣe É: Jaarbeurs Hallencomple, ìlú Utrecht, orílẹ̀-èdè Netherlands",menyo20k,12
"Àwọn Tó Wá: Ẹgbẹ̀rún méjìlélógójì, ọgọ́rùn-ún mẹ́ta àti márùn-ún dín lógójì (42,335)",menyo20k,12
Àwọn Tó Ṣèrìbọmi: Ọgọ́rùn-ún méjì àti méjìlá (212),menyo20k,8
"Àwọn Tó Wá Láti Ilẹ̀ Òkèèrè: Ẹgbẹ̀rún mẹ́fà (6,000)",menyo20k,9
"Mí ò rírú èyí rí, ó jọ mi lójú gan-an ni!",menyo20k,11
"Kódà, wọ́n tún àwọn ibì kan nínú ilé oúnjẹ tá ò lò báyìí ṣe!",menyo20k,14
"Àwọn orílẹ̀-èdè náà ni Alibéníà, Austria, Belgium, Jámánì, Ítálì, Sweden àti Switzerland.",menyo20k,12
Báwọn ará ṣe ṣètò fún ìpadàbẹ̀wò nìyẹn.,menyo20k,7
"Déètì: August 9 sí 1l, 2019",menyo20k,6
"Àwọn Tó Wá Láti Ilẹ̀ Òkèèrè: 6,892",menyo20k,7
"Mo kíye síi pé ẹ nífẹ̀ẹ́ ara yín gan an, ẹ sì wà níṣọ̀kan.",menyo20k,14
"Wọ́n wà létòletò, wọ́n sì mọ́ nǹkan ṣe.",menyo20k,8
"Wọ́n ti ṣètò tó nítumọ̀ fún àpéjọ ńlá yìí, wọ́n sì ti múra sílẹ̀ dáadáa.",menyo20k,15
"Lọ́jọ́ iwájú, ó wù wá ká tún jọ ṣiṣẹ́.”",menyo20k,9
"""""""Déètì: June 28 sí 30, 2019""",menyo20k,6
"Èdè: Gẹ̀ẹ́sì, Èdè Potogí (Pọ́túgà), Èdè Adití ti Potogí, Sípáníìṣì",menyo20k,10
"Látìgbà tí mo ti ń bá yín ṣiṣẹ́, mo ní ìfọ̀kànbalẹ̀ tó kojá àfẹnusọ.",menyo20k,14
"Pápá ìṣeré ni màá wà jálẹ̀ ọjọ́ yẹn, torí náà màá wá.”",menyo20k,12
"Lẹ́yìn tí Ọ̀gbẹ́ni Santos wá sí àpéjọ náà, ó sọ pé òun gbádùn ẹ̀ gan-an.",menyo20k,15
Abúlé kan níta ìlú Lisbon ló ti wá.,menyo20k,8
Àwọn arákùnrin náà máa pe ẹjọ́ kòtẹ́milọ́rùn lórí ìdájọ́ yìí.,menyo20k,10
Arákùnrin náà ti pe ẹjọ́ kòtẹ́milọ́rùn sí ilé ẹjọ́ gíga.,menyo20k,10
"Ìpàdé àwọn oníròyìn nílùú Moscow ní February 8, 2019.",menyo20k,9
Ìdájọ́ òdodo ló ń mú kéèyàn ní òmìnira tòótọ́.,menyo20k,9
Ọlọ́run á sì rí i dájú pé gbogbo èèyàn rí ìdájọ́ òdodo gbà.”,menyo20k,13
"Máà bínú, ètò tó o fi ń wo fídíò kò ṣiṣẹ́.",menyo20k,11
(wo àwòrán tó wà lókè lápá òsì.),menyo20k,7
"Ìpinnu yòówù kí ECHR ṣe, Jèhófà la fọkàn tán, òun la sì gbára lé.",menyo20k,14
Dennis Christensen ni arákùnrin tí wọ́n kọ́kọ́ dá ẹ̀wọ̀n ọlọ́jọ́ gbọọrọ bẹ́ẹ̀ fún.,menyo20k,13
Àwọn agbẹjọ́rò tó ń ṣojú fún arákùnrin Klimov máa pe ẹjọ́ kòtẹ́milọ́rùn lórí ẹjọ́ náà.,menyo20k,15
Arákùnrin Alushkin máa pe ẹjọ́ kòtẹ́milọ́rùn lórí ìdájọ́ yìí.,menyo20k,9
Àwọn aṣojú láti orílẹ̀-èdè Ọsirélíà àti Denmark náà wà níbẹ̀.,menyo20k,10
Oṣù February ni ilé ẹjọ́ rán Arákùnrin Christensen lẹ́wọ̀n.,menyo20k,9
À ń rántí Arákùnrin Christensen àtàwọn ará wa ní Rọ́ṣíà nínú àdúrà.,menyo20k,12
Ńṣe ni iye wọn sì ń pọ̀ sí i.,menyo20k,9
Wọ́n sì rán an lẹ́wọ̀n ọdún mẹ́fà.,menyo20k,7
A dúpẹ́ lọ́wọ́ Jèhófà fún àṣeyọrí yìí!,menyo20k,7
"Ó kéré tán, mẹ́ta nínú àwọn Ẹlẹ́rìí yìí ṣì wà lẹ́wọ̀n.",menyo20k,11
À ń retí ohun táwọn aláṣẹ orílẹ̀-èdè Rọ́ṣíà máa ṣe sọ́rọ̀ yìí.,menyo20k,12
Ẹsẹ̀kẹsẹ̀ tí wọ́n dájọ́ fún un tán ni wọ́n mú un lọ sínú ẹ̀wọ̀n.,menyo20k,14
Arákùnrin Shpakovskiy máa pe ẹjọ́ kòtẹ́milọ́rùn lórí ẹjọ́ tí wọ́n dá fún un.,menyo20k,13
"Nítorí náà, a máa pe ẹjọ́ kòtẹ́milọ́rùn sí ilé gíga.",menyo20k,10
Ó tó aago mẹ́wàá alẹ́ kí ìfọ̀rọ̀wánilẹ́nuwò Arákùnrin Shpakovskiy tó parí.,menyo20k,11
A dúpẹ́ lọ́wọ́ Jèhófà pé Arákùnrin Moskalenkodúró gbọin nígbà tó wà lẹ́wọ̀n.,menyo20k,12
"Lápapọ̀, mo rántí ohùn orin tó lé ní àádọ́ta (50) àti ọ̀rọ̀ inú wọn.”",menyo20k,14
Èyí fún mi láyọ̀ gan-an.”​—Ìṣe 20:35.,menyo20k,6
"""Ohun kan ni pé, àyà mi ò já pé wọ́n lè sọ mí sẹ́wọ̀n.”""""""",menyo20k,14
"""""""Ní September 3, 2019, wọ́n dá Arákùnrin AndrzejOniszczuk sílẹ̀ lọ́gbà ẹ̀wọ̀n kan lórílẹ̀-èdè Rọ́ṣíà.""",menyo20k,14
Wọn ò sì tíì parí ẹjọ́ lórí ẹ̀sùn ìwà ọ̀daràn tí wọ́n fi kàn án.,menyo20k,15
"Arákùnrin Skrynnikov àti ìyàwó rẹ̀, Nina bí ọmọbìnrin kan.",menyo20k,9
"Torí náà, mi ò bọkàn jẹ́. . . .",menyo20k,9
A túmọ̀ rẹ̀ láti èdè Russian,menyo20k,6
Gbogbo àwọn tó bá jẹ́ ọmọlẹ́yìn tòótọ́ fún Kristi lọ̀rọ̀ yìí kàn:,menyo20k,12
Ọ̀kan lára àwọn olùṣèwádìí tó mọ ìtàn àwa Ẹlẹ́rìí Jèhófà dáadáa ní USSR sọ pé:,menyo20k,15
Bọ́rọ̀ ṣe rí fáwa Ẹlẹ́rì Jèhófà lóde òní nìyẹn.,menyo20k,9
Àwọn ìyàwó ilé àtàwọn tó ti fẹ̀yìn tì lẹ́nu iṣẹ́.,menyo20k,10
A kìí fi bẹ́ẹ̀ bá àwọn òṣìṣẹ́ nílé.,menyo20k,8
Torí náà ilẹ̀kùn tuntun ló ṣí sílẹ̀ láti ìwàásù láwọn ibi tuntun àti lọ́nà tuntun.,menyo20k,15
Àǹfààní ńlá ló jẹ́ fáwa Ẹlẹ́rìí Jèhófà láti wàásù ìhìn rere láwọn ibi tuntun yìí.,menyo20k,15
Ọ́fíìsì àwọn agbẹjọ́rò ìjọba ló sì mú kí èyí ṣeé ṣe.,menyo20k,11
Ẹ jẹ́ ká wo bọ́rọ̀ yìí ṣe máa rí lọ́jọ́ iwájú.,menyo20k,11
Ẹ wo bó ṣe máa rí tí ìjọ mẹ́rin bá wà ní ọgbà ẹ̀wọ̀n kọ̀ọ̀kan!,menyo20k,15
"Téèyàn bá fojú aláìnígbàgbọ́ wo ohun tó ń ṣẹlẹ̀ báyìí, ó máa bọkàn jẹ́.",menyo20k,14
Mi ò tiẹ̀ bá ẹnikẹ́ni fa ọ̀rọ̀.,menyo20k,7
Ẹ̀rí sì fi hàn bẹ́ẹ̀ nínú ìwé táwọn aláṣẹ agbègbè kọ.,menyo20k,11
"Síbẹ̀, àwọn tó pè mí lẹ́jọ́ ṣáà fẹ́ kí wọ́n rán mi lẹ́wọ̀n ọdún mẹ́ta.”",menyo20k,15
"Torí náà, mi ò bọkàn jẹ́.",menyo20k,6
Àwọn ilé iṣẹ́ agbéròyìnjáde ti roko gbogbo agbègbè náà dè mí.,menyo20k,11
Àsìkò ti tó láti fún irúgbìn.,menyo20k,6
Mò ń retí ọjọ́ kìíní oṣù April.,menyo20k,7
Hébérù 13:6 fi dá mi lójú pé: “Jèhófà ni olùrànlọ́wọ́ mi; mi ò ní bẹ̀rù.,menyo20k,15
Kí ni èèyàn lè fi mí ṣe?”,menyo20k,7
Jèhófà Ọlọ́run fúnra rẹ̀ máa ràn mí lọ́wọ́.,menyo20k,8
Ṣé ó tún yẹ kí n bẹ̀rù ẹnikẹ́ni?,menyo20k,8
Ohun tá a kọ síbí yìí ni ẹ̀rí tó jẹ́ níwájú ilé ẹjọ́:,menyo20k,13
Ìgbésí ayé àwọn Ẹlẹ́rìí Jèhófà àti ìjọsìn wọn.,menyo20k,8
“Ohun kan tó mú káwọn Ẹlẹ́rìí yàtọ̀ gédégbé ni pé:,menyo20k,10
Àwọn Ẹlẹ́rìí Jèhófà gbà pé àwọn gbọ́dọ̀ máa sin Ọlọ́run pa pọ̀ gẹ́gẹ́ bí ìjọ.,menyo20k,15
Iṣẹ́ ìwàásù àwọn Ẹlẹ́rìí Jèhófà.,menyo20k,5
“A tún ń fi iṣẹ́ ìwàásù àwọn Ẹlẹ́rìí Jèhófà dá wọn mọ̀.,menyo20k,12
Gbogbo wọn gbọ́dọ̀ wàásù kí wọ́n sì lo àkókò díẹ̀ lẹ́nu iṣẹ́ ìwàásù.,menyo20k,13
"“Wọ́n sábà máa ń sọ pé, ‘Ohun tí Bíbélì sọ nìyí.’",menyo20k,11
Ẹnì kan lè ṣí Bíbélì kí òun fúnra rẹ̀ sì yẹ̀ ẹ́ wò.,menyo20k,13
"Bó bá fara mọ́ ohun tí Bíbélì sọ, á dara pọ̀ mọ́ wọn.",menyo20k,13
"Bí kò bá sì fara mọ́ ọn, kò ní dara pọ̀ mọ́ wọn.",menyo20k,13
Wọ́n kì í fipá múni.”,menyo20k,5
Ẹ̀sùn tí wọ́n fi kan àwọn Ẹlẹ́rìí Jèhófà pé wọ́n jẹ́ agbawèrèmẹ́sìn.,menyo20k,12
Àwọn Ẹlẹ́rìí Jèhófà Máa Ń Lo Bíbélì.,menyo20k,7
Wọn ò dà bí àwọn ẹlẹ́sìn yòókù torí pé wọ́n pọkàn pọ̀ sórí Bíbélì.,menyo20k,14
Àwọn aláṣẹ ka ìtumọ̀ Bíbélì wọn sí ìwé àwọn agbawèrèmẹ́sìn . . .,menyo20k,13
Àwọn Ẹlẹ́rìí Jèhófà ò fọwọ́ rọ́ ìtumọ̀ Bíbélì kankan sẹ́yìn.”,menyo20k,10
Lílo àjọ tó ń bójú tó iṣẹ́ wa lábẹ́ òfin.,menyo20k,10
Wọ́n ń bá iṣẹ́ wọn lọ bí olùjọsìn tó wà láyè ara ẹ̀.,menyo20k,13
Ojú tí àwọn Ẹlẹ́rìí Jèhófà fi ń wo gbígba ẹ̀jẹ̀.,menyo20k,10
“Bíbélì sọ pé ‘inú ẹ̀jẹ̀ ni ẹ̀mí wà’; torí náà ẹ kò gbọ́dọ̀ jẹ ẹ̀jẹ̀.,menyo20k,15
"Ṣùgbọ́n, wọ́n máa ń lo àwọn ìpín kékeré látara èròjà ẹ̀jẹ̀.",menyo20k,11
Ẹnì kọ̀ọ̀kan ló máa pinnu ìyẹn . . .,menyo20k,9
Ojú tí àwọn Ẹlẹ́rìí Jèhófà fi ń wo ọrẹ.,menyo20k,9
“Ẹnì kan lè pinnu pé òun ò ní fi owó ṣètọrẹ.,menyo20k,11
Àwọn méjèèjì máa pe ẹjọ́ kòtẹ́milọ́rùn lórí ìdájọ́ yìí.,menyo20k,9
Ìjọba mú Mikhail àti Yelena ní July 2018.,menyo20k,8
"""""""Ní Friday, August 30, 2019, Arákùnrin Valeriy Moskalenko sọ ọ̀rọ̀ àsọkágbá rẹ̀ fún ilé ẹjọ́.""",menyo20k,15
Díẹ̀ rèé (tá a túmọ̀ láti èdè Rọ́ṣíà) lára ọ̀rọ̀ tó sọ níwájú ilé ẹjọ́:,menyo20k,15
Tàbí kí n kúkú sọ ní tààràtà pé ó ti lé ní ọdún kan báyìí.,menyo20k,15
Ẹlẹ́rìí Jèhófà kọ́ ni mí látilẹ̀ wá.,menyo20k,7
Inú ilé kan náà ni èmi àti màmá mi ń gbé.,menyo20k,11
"Wọ́n ti dàgbà, ó sì yẹ kí n máa tọ́jú wọn.",menyo20k,11
Ọ̀nà tí ẹni tó wá ṣèwádìí náà yàn láti gbà wọnú ilé mí nìyẹn o.,menyo20k,15
Ẹ̀rù ba màmá mi gan-an.,menyo20k,5
"Mò ń fi ìfẹ́ hùwà, bó ṣe yẹ kí Kristẹni ṣe.",menyo20k,11
"Ẹ forí jì mí, Ọ̀gá Àgbà, èmi kì í sọ̀rọ̀ nípa ara mi tó báyìí.",menyo20k,15
"Kì í ṣe ìwà mi, ọ̀rọ̀ ló bá mo-kó-mo-rò wá o.",menyo20k,11
Ó lé ní ọdún mẹ́ẹ̀ẹ́dọ́gbọ̀n (25) tí mo ti di Ẹlẹ́rìí Jèhófà.,menyo20k,12
Ẹ̀sìn tí mo fi èyí tó pọ̀ jù nínú ìgbésí ayé mi ṣe nìyẹn.,menyo20k,14
"Ṣàdédé ni wọ́n bẹ̀rẹ̀ sí í pè mí ní agbawèrèmẹ́sìn láti April 20, 2017.",menyo20k,14
Ìwà búburú wo ní wọ́n bá lọ́wọ́ mi?,menyo20k,8
Ṣé mo ti ń hùwà àìdá ni? Rárá o.,menyo20k,9
Orúkọ mi ò sí lára àwọn tí Ilé Ẹjọ́ Gíga Jù Lọ gbọ́ ẹjọ́ wọn.,menyo20k,15
Kí ló wá sọ mí di ẹni tó ń jẹ́jọ́ nílé ẹjọ́?,menyo20k,12
"Àmọ́, ẹ̀ṣẹ̀ ò sí nínú ìyẹn.",menyo20k,6
"Lọ́dún 2003, ó fẹ́ Yelena, àwọn méjèèjì sì jọ ń sin Jèhófà.",menyo20k,12
Wọ́n tú u sílẹ̀ lẹ́yìn tó ti fẹ́rẹ̀ẹ́ lo oṣù mẹ́fà lẹ́wọ̀n.,menyo20k,12
"Ní April 4, 2018, wọ́n dá a sílẹ̀ lẹ́wọ̀n.",menyo20k,9
Ẹ̀karùn-ún rèé tí wọ́n máa sún àkókò tó fi wà látìmọ́lé síwájú.,menyo20k,12
"Arákùnrin Andrzej àti ìyàwó rẹ̀ Anna, ṣáájú kí wọ́n tó mú un lọ sí àtìmọ́lé.",menyo20k,15
Wọn ò gba Anna láyè láti rí ọkọ rẹ̀ láti oṣù mẹ́wàá sẹ́yìn,menyo20k,13
Àtìmọ́lé ni Andrzej wà látìgbà tí wọ́n ti mú un.,menyo20k,10
Orí ìdúró ló máa ń wà láti aago mẹ́fà àárọ̀ títí di aago mẹ́sàn-án alẹ́.,menyo20k,15
Lẹ́tà ni wọ́n fi ń bára wọn sọ̀rọ̀.,menyo20k,8
Àtìgbà yẹn ni wọ́n ti ní wọn ò gbọdọ̀ jáde nílé.,menyo20k,11
"Títí di March 11, 2019, ìjọba Rọ́ṣíà ò ṣe nǹkan kan.",menyo20k,11
Ó ti tó oṣù kan báyìí tí Dennis tí wà lẹ́wọ̀n yìí.,menyo20k,12
Wọ́n tún ti fọwọ́ sí i pé kó máa ṣèbẹ̀wò sọ́dọ̀ Dennis ní ọgbà ẹ̀wọ̀n.,menyo20k,15
Irina ń tún àwọn lẹ́tà tó ń fúnni níṣìírí tí Dennis kọ sí i kà,menyo20k,15
"Mo mọ̀ pé ọnà wa ṣì jìn, a ò sì tíì ṣẹ́gun.",menyo20k,12
"Àmọ́, mo mọ̀ pé bó pẹ́ bóyá, à máa ṣẹ́gun.",menyo20k,10
Ìyẹn dá mi lójú hán-ún hán-ún.”,menyo20k,6
"Àmọ́, ó máa ṣeéṣe lọ́jọ́ iwájú, mo sì ń wọ̀nà fún un.”",menyo20k,12
"""""""December 21, 2018 ni Arákùnrin Arkadya Akopyan, máa fara hàn kẹ́yìn nílé ẹjọ́.""",menyo20k,13
Kò dájú pé adájọ́ máa dá ẹjọ́ rẹ̀ ní December 21.,menyo20k,11
Àwọn ẹ̀ṣọ́ aláàbọ̀ ìjọba méjì fàṣẹ ọba mú Arákùnrin Stupnikov.,menyo20k,10
"Àmọ́, kì í ṣe àwọn aláṣẹ ilé ẹjọ́ la gbẹ́kẹ̀ lé, Jèhófà la gbẹ́kẹ̀ lé.",menyo20k,15
"Àwọn ọlọ́pàá fi ṣẹkẹ́ṣẹkẹ̀ sọ́wọ́ Arákùnrin Solovyev, wọ́n sì fi í sátìmọ́lé fúngbà díẹ̀.",menyo20k,14
Agbẹjọ́rò Arákùnrin Solovyev máa pe ẹjọ́ kòtẹ́milọ́rùn lórí ẹjọ́ tí wọ́n dá fún un.,menyo20k,14
"October 9, ní Kirov, Àgbègbè Kirov​—Ó kéré tán, ilé mọ́kàndínlógún (19) ni wọ́n ya wọ̀.",menyo20k,15
"Ó hàn gbangba pé Jèhófà ń tì wọ́n lẹ́yìn, ó sì ń bù kún wọn.",menyo20k,15
"Lọ́dún yìí, ọ̀pọ̀ ilé àwọn Ẹlẹ́rìí ni àwọn aláṣẹ ti ya wọ̀ káàkiri orílẹ̀-èdè náà.",menyo20k,15
"Lásìkò yẹn, àwọn Ẹlẹ́rìí mọ́kàndínlógún (19) làwọn aláṣẹ fẹ̀sùn ìwà ọ̀daràn kàn.",menyo20k,12
"Ní March 15, wọ́n tú Artur sílẹ̀.",menyo20k,7
Wọ́n sì ti ń gbé ọ̀ràn náà yẹ̀ wò.,menyo20k,9
Agbẹjọ́rò Arákùnrin Metsger máa pe ẹjọ́ kòtẹ́milọ́rùn nítorí ìdájọ́ yìí.,menyo20k,10
Agbẹjọ́rò ìjọba fẹ́ kí wọ́n fi arákùnrin náà sẹ́wọ̀n ọdún mẹ́ta.,menyo20k,11
"Ìgbẹ́jọ́ náà bẹ̀rẹ̀ ní October 21, 2019.",menyo20k,7
"Ka ọ̀rọ̀ tí Dennis Christensen sọ ní Ilé Ẹjọ́ Agbègbè Oryol ní May 16, 2019.",menyo20k,15
"""Ka ọ̀rọ̀ tí Dennis Christensen sọ ní Ilé Ẹjọ́ Agbègbè Oryol ní May 23, 2019.""""""",menyo20k,15
Wọ́n sì tú u sílẹ̀ nínu àtìmọ́lé ní March 15.,menyo20k,10
Ọ̀pọ̀ ìjọba àtàwọn oníròyìn kárí ayé ló ti gbọ́ nípa ọ̀rọ̀ yìí.,menyo20k,12
A dúpẹ́ pé wọ́n tú Arákùnrin Severinchik sílẹ̀.,menyo20k,8
Àwọn ọlọ́pàá orílẹ̀-èdè Rọ́ṣíà ń fipá wọ ilé kan ní Nizhniy Novgorod,menyo20k,12
Abájọ tí ọ̀pọ̀ àwọn ọ̀jọ̀gbọ́n fi gbà pẹ̀lú ohun tí Dókítà Derek H. Davis sọ.,menyo20k,15
"""""""Ọ̀kan lára àwọn mọ́kàndínlógún (19) tó ṣèrìbọmi""",menyo20k,7
"Peter Tirpak, alábòójútó pápá ìṣeré náà sọ pé:",menyo20k,8
“Bí àwọn Ẹlẹ́rìí Jèhófà ṣe fọwọ́ sowọ́ pọ̀ pẹ̀lú wa wú wa lórí gan-an.,menyo20k,14
Ẹ máa ń dúró lórí ọ̀rọ̀ yín.,menyo20k,7
Inú wa máa dùn tẹ́ ẹ bá tún pa dà wá.”,menyo20k,11
Mánigbàgbé ni àpéjọ yìí jẹ́ fún àwọn ará wa tó ń sọ èdè Rómánì.,menyo20k,14
Ọ̀pọ̀ ló ń da omijé ayọ̀ lójú.”,menyo20k,7
Àwọn tó ń sọ èdè yìí ló pọ̀ jù lọ nínú àwọn Ẹlẹ́rìí Jèhófà. *,menyo20k,15
A ṣe àtagbà fídíò yìí sí ibi mọ́kànlá (11) míì ní orílẹ̀-èdè Spain.,menyo20k,13
"Kété lẹ́yìn náà, a gbé fídíò náà sórí ètò JW Broadcasting®.",menyo20k,11
Gbogbo ẹ̀ gba nǹkan bí ọdún mẹ́rin àtààbọ̀ kó tó parí.,menyo20k,11
"Nípa bẹ́ẹ̀, á rọrùn fún àwọn akéde láti lò lóde ẹ̀rí àti ní ìpàdé.",menyo20k,14
A dúpẹ́ lọ́wọ́ Jèhófà fún ìtumọ̀ tuntun tó ń mú ìyìn bá orúkọ rẹ̀.,menyo20k,14
"""A máa gbé e sí orí JW Library® lẹ́yìn ọjọ́ Monday, July 22.""""""",menyo20k,13
"""""""Ọjọ́ Àpéjọ: July 19-21, 2019""",menyo20k,5
Ibi Àpéjọ: Pápá Ìṣeré Wanda Metropolitano nílùú Madrid lórílẹ̀ èdè Spain,menyo20k,11
"Àwọn Èdè Tí A Lò Fún Ìtòlẹ́sẹẹsẹ: Gẹ̀ẹ́sì, Sípáníìṣì, Èdè Adití Lọ́nà Ti Sípáníìṣì",menyo20k,14
"Iye Àwọn Tó Wá: Ẹgbẹ̀rún méjìléláàdọ́ta, ọgọ́rùn-ún márùn-un àti mẹ́rìndínlógún (52,516)",menyo20k,11
Iye Àwọn Tó Ṣe Ìrìbọmi: Ọgọ́rùn-ún mẹ́rin àti mẹ́rìnlélọ́gbọ̀n (434),menyo20k,10
"Iye Àwọn Tó Wá Láti Orílẹ̀-Èdè Míì: Ẹgbẹ̀rún mẹ́fà àti ọgọ́rùn-ún mẹ́ta (6,300)",menyo20k,13
Gbogbo àwọn tó dé sí òtẹ́ẹ̀lì wa ni wọ́n fìfẹ́ hàn sí wa.,menyo20k,13
"""Inú wa máa dùn láti rí àwọn àlejò yín nígbà míì.”""""""",menyo20k,11
"Lẹ́yìn ọ̀pọ̀ ìsapá, àwọn ará gbé ìjọba orílẹ̀-èdè Sweden lọ sílé ẹjọ́ nígbà mẹ́ta ọ̀tọ̀ọ̀tọ̀.",menyo20k,15
"""Ju gbogbo rẹ̀ lọ, a fi ọpẹ́ fún Jèhófà, Afúnnilófin wa Gíga Jù Lọ.—Àìsáyà 33:22.""""""",menyo20k,15
Àwọn ará ní Ukraine sì ṣaájò wọn gan-an.,menyo20k,8
Kì í ṣe pé ilẹ̀ tó tẹ́jú yìí kàn dùn ún wò nìkan ni.,menyo20k,14
"Arákùnrin Stephen Morris, tó jẹ́ ọkàn lára àwọn ìgbìmọ̀ ìkọ́lé náà sọ pé:",menyo20k,13
A di gàárì sílẹ̀ ewúrẹ́ ń yọjú; ẹrù ìran rẹ̀ ni?,menyo20k,11
A fi ọ́ jọba ò ń ṣàwúre o fẹ́ jẹ Ọlọ́run ni?,menyo20k,12
A gbé gàárì ọmọ ewúrẹ́ ń rojú; kì í ṣe ẹrù àgùntàn.,menyo20k,12
A kì í bá ọba pàlà kí ọkọ́ ọba má ṣánni lẹ́sẹ̀.,menyo20k,12
A kì í bínú ààtàn ká dalẹ̀ sígbẹ̀ẹ́.,menyo20k,8
A kì í bínú orí ká fi fìlà dé ìbàdí.,menyo20k,10
A kì í bẹ̀rù ikú bẹ̀rù àrùn ká ní kí ọmọ ó kú sinni.,menyo20k,14
A kì í bọ òrìṣà lójú ọ̀fọ́n-ọ̀n; bó bá dalẹ́ a máa tú pẹpẹ.,menyo20k,14
A kì í dàgbà má làáyà; ibi ayé bá báni là ń jẹ ẹ́.,menyo20k,14
A kì í dá ọwọ́ lé ohun tí a ò lè gbé.,menyo20k,12
A kì í dájọ́ orò ká yẹ̀ ẹ́.,menyo20k,8
A kì í dákẹ́ ká ṣìwí; a kì í wò sùn-ùn ká dáràn.,menyo20k,13
A kì í dé Màrọ́kọ́ sin ẹlẹ́jọ́.,menyo20k,7
A kì í fi gbèsè sọ́rùn ṣọ̀ṣọ́.,menyo20k,7
A kì í fi orí wé oríi Mokúṣiré; bí Mokú kú láàárọ̀ á jí lálẹ́.,menyo20k,15
A kì í fi pàtàkì bẹ́ èlùbọ́; ẹní bá níṣu ló ń bẹ́ ẹ.,menyo20k,14
A kì í fini joyè àwòdì ká má lè gbádìyẹ.,menyo20k,10
A kì í gbé sàráà kọjáa mọ́ṣáláṣí.,menyo20k,7
"""A kì í gbọ́ """"Lù ú"""" lẹ́nu àgbà.""",menyo20k,8
A kì í gbọ́n ju ẹni tí a máa dÍfá fún.,menyo20k,11
"""A kì í gbọ́n tó """"Èmi-lóni-í.""""""",menyo20k,6
A kì í gbọ́n tó ẹni tí ń tannijẹ.,menyo20k,9
A kì í gbọ́n tó Báyìí-ni-n-ó-ṣe-nǹkan-mi.,menyo20k,6
A kì í jayé ọba ká ṣu sára.,menyo20k,8
A kì í jẹ oyè ẹnu ọ̀nà kalẹ́.,menyo20k,8
A kì í kó èlé ṣẹ̀ṣọ́.,menyo20k,6
A kì í kórìíra ọ̀fọ́n-ọ̀n ká finá bọ ahéré.,menyo20k,9
A kì í kọ́ àgbàlagbà pé bó bá rún kó rún.,menyo20k,11
A kì í kọ ẹlẹ́ṣin ká tún lọ fẹ́ ẹlẹ́sẹ̀.,menyo20k,10
A kì í lé èkúté ilé ẹni ká fọwọ́ ṣẹ́.,menyo20k,10
A kì í mọ́ egbò fúnra ẹni ká sunkún.,menyo20k,9
A kì í mọ ìyá Òjó ju Òjó lọ.,menyo20k,9
A kì í mọ ọ̀nà ọgbà ju ọlọ́gbà lọ; ẹní múni wá là ń tẹ̀lé.,menyo20k,15
A kì í mọ̀ ọ́n rò bí ẹlẹ́jọ́.,menyo20k,8
A kì í mú oko lọ́nà ká ṣèmẹ́lẹ́; tajá tẹran ní ń búni.,menyo20k,13
A kì í ní agbára kékeré ṣe èkejì.,menyo20k,8
A kì í ní ọ̀kánjúwà ká mọ̀; ará ilé ẹni ní ń sọ fúnni.,menyo20k,14
A kì í pe ìyàwó kó kan alárenà.,menyo20k,8
A kì í peni lákọ ẹran ká ṣorí bòró.,menyo20k,9
A kì í pẹ̀lú ọ̀bọ jáko.,menyo20k,6
A kì í ṣíwájú ẹlẹ́èẹ́dẹ́.,menyo20k,5
"""A kì í yàgò fún """"Mo gun ẹṣin rí o!""""""",menyo20k,10
A kì í yàgò fún ẹlẹ́ṣin àná.,menyo20k,7
A léṣu sílẹ̀ páńdọ̀rọ̀ọ́ já lù ú; èlé mbénì?,menyo20k,9
"À ń bẹ̀rù alájá, ajá ṣebí òun là ń bẹ̀rù.",menyo20k,10
"À ń gé e lọ́wọ́, ó ń bọ́ òrùka.",menyo20k,9
"A ní Tanlúkú ò mọ̀ ọ́n jó, Tàǹlukú wá gbè é lẹ́sẹ̀.",menyo20k,12
"À ń já ìbàǹtẹ́ ẹ̀ lẹ́yìn, ó ń já tará iwájú.",menyo20k,11
"À ń sọ̀rọ̀ olè, aboyún ń dáhùn; odiidi èèyàn ló gbé pamọ́.",menyo20k,12
"À ń sunkún Awúgbó, Awúgbó ò sunkún araa ẹ̀.",menyo20k,9
"À ń wá ẹni tí a ó fọmọ fún, olòṣì ń yọjú.",menyo20k,12
A ò mọ ohun tí Dáròó ní kó tó wí pé olèé kó òun.,menyo20k,14
A pè ọ́ lọ́mọ erín-màgbọn ò ń yọ̀; ìwọ pàápàá ló mì í?,menyo20k,13
A rígi lóko ká tó fi ọ̀mọ̀ gbẹ́ ìlù.,menyo20k,9
"A sìnkú tán, alugbá ò lọ́ ó fẹ́ ṣúpó ni?",menyo20k,10
Àbá ni ikán ń dá; ikán ò lè mu òkúta.,menyo20k,10
"A-báni-jẹun-bí-aláìmọra, ó bu òkèlè bí ẹ̀gbọ́n ìyá ẹ̀.",menyo20k,8
Abèèrè ò̩nà kì í ṣìnà.,menyo20k,5
À-bí-ì-kọ́; à-kọ́-ì-gbà; òde ló ti ń kọ́gbọ́n wálé.,menyo20k,8
A-binú-fùfù ní ń wá oúnjẹ fún a-binú-wẹ́rẹ́-wẹ́rẹ́.,menyo20k,7
Aboyún kì í jó bẹ̀m̀bẹ́; a-bodò-ikùn-kẹ̀rẹ̀bẹ̀tẹ̀.,menyo20k,6
Àbọ̀ ejò kì í gbé isà.,menyo20k,6
"Abùlàǹgà kì í ṣasán; bíyàá ò lọ́rọ̀, baba a lówó lọ́wọ́.",menyo20k,11
Àbúrò kì í pa ẹ̀gbọ́n nítàn.,menyo20k,6
A-dá-má-lè-ṣe àdàbà tí ń dún bẹ̀m̀bẹ̀.,menyo20k,6
Adìyẹ funfun ò mọ ara ẹ̀ lágbà.,menyo20k,7
Adìyẹ ò bí yọyọ kú yọ̀.,menyo20k,6
"Adìyẹ́ tó ṣu tí kò tọ̀, araa rẹ̀ ló kù sí.",menyo20k,11
A-dìtan-mọ́ èsúó; ó ní èkùlù ló bí ìyá òun.,menyo20k,9
"Adẹ́tẹ̀ẹ́ ní òun ò lè fún wàrà, ṣùgbọ́n òún lè yí i dànù.",menyo20k,13
"Adẹ́tẹ̀ẹ́ rí wèrè, ó kán lùgbẹ́.",menyo20k,6
Àfi ohun tí a kì í tà lọ́jà lẹrú kì í jẹ.,menyo20k,12
Afínjúu Ààré; ó fi àkísà dí orùbà; ó ń wá ẹniire-é bá sú epo.,menyo20k,14
Afínjú ní ń jẹ iwọ; ọ̀mọ̀ràn ní ń jẹ obì; màrí-màjẹ ní ń jẹ awùsá.,menyo20k,15
"Afínjúu póńpólà, ogé kun osùn láìwẹ.",menyo20k,6
Àfòpiná tó fẹ́ panáa súyà: ẹrán pọ̀ sí i.,menyo20k,9
"Àfòpiná tó ní òun ó pa fìtílà, ara ẹ̀ ni yó pa.",menyo20k,12
"Afọ́jú tó dijú, tó ní òún sùn, ìgbàtí kò sùn ta ló rí?",menyo20k,13
A-fọ́nú-fọ́ra ní ńfi òṣì jó bàtá.,menyo20k,6
"Àgó tó gbó ṣáṣá, ẹ̀bìtí pa á, áḿbọ̀sì olóósè a-bara-kùọ̀kùọ̀.",menyo20k,10
Àgùnbánirọ̀ ní ń fojúdi ni.,menyo20k,5
Àgbà ajá kì í bàwọ̀jẹ́.,menyo20k,5
Àgbà ìmàle kì í káṣọ kọ́rùn.,menyo20k,6
Àgbà kán ṣe bẹ́ẹ̀ lÓgùn; Yemo̩ja ló gbé e lọ.,menyo20k,10
Àgbà kì í fàárọ̀ họ ìdí kó má kan funfun.,menyo20k,10
Àgbà kì í ṣerée kí-ló-bá-yìí-wá?,menyo20k,5
Àgbà kì í ṣorò bí èwe.,menyo20k,6
Àgbà kì í wà lọ́jà kórí ọmọ titun wọ́.,menyo20k,9
Àgbá òfìfo ní ń pariwo; àpò tó kún fówó kì í dún.,menyo20k,12
Àgbà tí kò lẹ́sẹ̀ nílẹ̀ a lọ́gbọ́n nínú.,menyo20k,8
Àgbà tí kò mọ ìwọ̀n araa rẹ̀ lodò ń gbé lọ́.,menyo20k,11
"Àgbà tí yó tẹ̀ẹ́, bó fárí tán, a ní ó ku járá ẹnu.",menyo20k,13
Àgbà tó bú ọmọdé fi èébúu rẹ̀ tọrọ.,menyo20k,8
Àgbà tó fi araa rẹ̀ féwe lèwe ń bú.,menyo20k,9
Àgbà tó mọ ìtìjú kì í folè ṣeré.,menyo20k,8
Àgbà tó torí ogójì wọ ìyẹ̀wù; igbawó ò tó ohun à-mú-ṣèyẹ.,menyo20k,11
"À-gbàbọ̀-ọ ṣòkòtò, bí kò fúnni lẹ́sẹ̀ a ṣoni; rẹ́múrẹ́mú ni ohun ẹni ń bani mu.",menyo20k,15
"Àgbààgbà ìlú ò lè péjọ kí wọn ó jẹ ìfun òkété, àfi iyán àná.",menyo20k,14
"Àgbà-ìyà tí ń mùkọ ọ̀níní, ó ní nítorí omi gbígbóná oríi rẹ̀ ni.",menyo20k,13
"Àgbàlagbà akàn tó kó sí garawa yègèdè, ojú tì í.",menyo20k,10
Àgbàlagbà kì í ṣe lágbalàgba.,menyo20k,5
Àgbàlagbà kì í wẹwọ́ tán kó ní òun ó jẹ si.,menyo20k,11
Àgbàlagbà kì í yọ ayọ̀ọ kí-ló-báyìí-wá?,menyo20k,6
Àgbàlagbà tí ò kí Ààrẹ ń fi okùn sin araa rẹ̀.,menyo20k,11
"Àgbàlagbà tó ń gun ọ̀pẹ, bó bá já lulẹ̀ ó dọ̀run.",menyo20k,11
Compare: Bí a bá dàgbà à yé ogunún jà.,menyo20k,9
"Àgbàrá ba ọ̀nà jẹ́, ó rò pé òún tún ọ̀nà ṣe.",menyo20k,11
Agbára wo ló wà lọ́wọ́ igbá tó fẹ́ fi gbọ́n omi òkun?,menyo20k,12
Àgbéré àwòdì ní ń ní òun ó jẹ ìgbín.,menyo20k,9
Àgbéré laáyán gbé tó ní òun ó jòó láàárín adìẹ.,menyo20k,10
Àgbéré lẹyẹ ńgbé; kò lè mu omi inú àgbọn,menyo20k,9
Àìjọnilójú lọ́sàn-án ní ń múni jarunpá luni lóru.,menyo20k,8
"""Àì-kúkú-joye, ó sàn ju, """"Ẹnuù mi ò ká ìlú"""" lọ.""",menyo20k,10
"Àì-lápá làdá ò mú; bí a bá lápá, ọmọ owú too gégi.",menyo20k,12
"""Àìlèjà ni à ń sọ pé """"Ojúde bàbáà mi ò dé ìhín.""""""",menyo20k,12
"Àì-mọ̀-kan, àì-mọ̀-kàn ní ń mú èkúté-ilé pe ológbò níjà.",menyo20k,9
Àìsí èèyàn lóko là ń bá ajá sọ̀rọ̀.,menyo20k,8
"Àìsí-ńlé ẹkùn, ajá ń gbó.",menyo20k,5
"Àìsí-ńlé ológbò, ilé dilé èkúté.",menyo20k,5
Àìso àbà ló mẹ́yẹ wá jẹ̀gbá; ẹyẹ kì í jẹ̀gbá.,menyo20k,10
Ajá kì í gbó níbojì ẹkùn.,menyo20k,6
Ajá kì í lọ ságinjù lọ ṣọdẹ ẹkùn.,menyo20k,8
Ajá kì í rorò kó ṣọ́ ojúlé méjì.,menyo20k,8
Ajá mọ ìgbẹ́; ẹlẹ́dẹ̀ẹ́ mọ àfọ̀; tòlótòló mọ ẹni tí yó yìnbọn ìdí sí.,menyo20k,14
Ajá ò gbọdọ̀ dé mọ́ṣáláṣí ìkókò ṣàlùwàlá.,menyo20k,7
Ajá rí epo kò lá; ìyáa rẹ̀ẹ́ ṣu ihá bí?,menyo20k,10
"Ajá tó ń lépa ẹkùn, ìyọnu ló ń wá.",menyo20k,9
Ajá tún padà sí èébìi rẹ̀.,menyo20k,6
"Àjàjà ṣoge àparò, abàyà kelú.",menyo20k,5
Àjànàkú ò tu lójú alájá; o-nígba-ajá ò gbọdọ̀ tọ́pa erin.,menyo20k,10
Àjátì àwọ̀n ní ń kọ́ òrofó lọ́gbọ́n.,menyo20k,7
À-jẹ-ì-kúrò ní ń pa ẹmọ́n; à-jẹ-ì-kúrò ní ń pa àfè; à-jẹ-ì-kúrò ní ń pa máláàjú.,menyo20k,15
"À-jẹ-tán, à-jẹ-ì-mọra, ká fi ọwọ́ mẹ́wẹ̀ẹ̀wá jẹun ò yẹ ọmọ èèyàn.",menyo20k,11
"À-jókòó-àì-dìde, à-sọ̀rọ̀-àì-gbèsì, ká sinni títí ká má padà sílé, àì-sunwọ̀n ní ń gbẹ̀yìn-in rẹ̀.",menyo20k,14
Àkàtàm̀pò ò tó ìjàá jà; ta ní tó mú igi wá kò ó lójú?,menyo20k,14
"Àkísàá mọ ìwọ̀n araa rẹ̀, ó gbé párá jẹ́.",menyo20k,9
Akórira ò ní nǹkan; ọ̀dùn ò sunwọ̀ fún ṣòkòtò.,menyo20k,9
Àkùkọ̀ adìyẹ́ fi dídájí ṣàgbà; ó fi ṣíṣu-sílẹ̀ ṣèwe.,menyo20k,9
Aláìnítìjú lọ kú sílé ànaa rẹ̀.,menyo20k,6
Alákòró kì í sá fógun.,menyo20k,5
Aláǹgbá kì í lérí àti pa ejò.,menyo20k,7
Aláàńtètè: ó jí ní kùtùkùtù ó ní òun ó dàá yànpọ̀n-yànpọ̀n sílẹ̀.,menyo20k,12
Aláṣejù ajá ní ń lépa ẹkùn.,menyo20k,6
Aláṣejù ní ń gbẹ́bọ kọjá ìdí èṣù; a-gbé-sàráà-kọjá-a-mọ́ṣáláṣí.,menyo20k,8
"Aláṣejù, pẹ̀rẹ̀ ní ńtẹ́; àṣéjù, baba àṣetẹ́.",menyo20k,7
Aláṣejù tí ń pọkọ ní baba.,menyo20k,6
Aláṣọ àlà kì í jókòó sísọ̀ elépo.,menyo20k,7
Aláṣọ kan kì í ná ànárẹ.,menyo20k,6
Aláṣọ kan kì í ṣeré òjò.,menyo20k,6
Alátiṣe ní ń mọ àtiṣe araa rẹ̀.,menyo20k,7
Àlejò kì í lọ kó mú onílé dání.,menyo20k,8
Àlejò kì í pìtàn ìlú fónílé.,menyo20k,6
Àlémú ò yẹ àgbà; àgbà kì í ṣe ohun àlémú.,menyo20k,10
"Àmọ̀tẹ́kùn fara jọ ẹkùn, kò lè ṣe bí ẹkùn.",menyo20k,9
"Amùrín ò sunwọ̀n, ó yí sáró.",menyo20k,6
Ànámánàá ẹtù jìnfìn; ònímónìí ẹtù jìnfìn; ẹran mìíràn ò sí nígbó lẹ́yìn ẹtù?,menyo20k,13
Apá èkúté-ilé ò ká awùsá; kìkìi yíyíkiri ló mọ.,menyo20k,9
"Àpárá ńlá, ìjà ní ń dà.",menyo20k,6
Àpárá ńlá ni iná ń dá; iná ò lè rí omi gbéṣe.,menyo20k,12
Àpárá ńlá nikán ń dá; ikán ò lè mu òkúta.,menyo20k,10
"""Àpọ́nlé ni """"İyáa Káà""""; ìyá kan ò sí ní káà tí kò lórúkọ.""",menyo20k,13
"""Àpọ́nlé ni """"Fọ́maàn""""; ẹnìkan ò lè ṣe èèyàn mẹ́rin.""",menyo20k,9
"À-rí-ì-gbọdọ̀-wí, baálé ilé ṣu sápẹ.",menyo20k,5
"Àrí-ì-gbọdọ̀-wí, baálé ilé yọkun lémú.",menyo20k,5
Àrífín ilé ò jẹ́ ká jẹ òròmọ adìyẹ.,menyo20k,8
Arọ̀lẹ̀kẹ̀ ò rọ bàtà; gbẹ́dó-gbẹ́dó ò rọ ojúgun.,menyo20k,8
Àṣá kì í rà kádìẹ gbé kòkòrò dání.,menyo20k,8
À-sẹ́-kú làgbàlagbà ń sẹ́ ọ̀ràn.,menyo20k,5
"Àṣẹ̀ṣẹ̀yọ màrìwò, ó ní òun ó kan ọ̀run; àwọn aṣáájúu rẹ̀ ṣe bẹ́ẹ̀ rí?",menyo20k,14
Àṣẹ̀ṣẹ̀yọ ọ̀gọmọ̀ ó ní òun ó kan ọ̀run; àwọn aṣáájúu rẹ̀ ṣe bẹ́ẹ̀ rí?,menyo20k,14
Aṣọ à-fọ̀-fún ò jẹ́ ká mọ olówó.,menyo20k,7
Aṣọ tó kuni kù ní ń jẹ́ gọgọwú.,menyo20k,8
Àwòrò tí a ò bá lù kì í luni.,menyo20k,9
"A-wọ̀lú-má-tẹ̀ẹ́, ìwọ̀n araa rẹ̀ ló mọ̀.",menyo20k,6
Àwúrèbeé ní òún lè yẹ̀nà; ta ní jẹ́ tọ ọ̀nà àwúrèbe?,menyo20k,11
"Àáyá yó níjọ́ kan, ó ní ká ká òun léhín ọ̀kánkán.",menyo20k,11
Aáyán fẹ gẹṣin; adìẹ ni ò gbà fún un.,menyo20k,9
Aáyán fẹ́ jó; adìẹ ni ò jẹ́.,menyo20k,7
Aáyán kì í yán ẹsẹ̀ erin; èèyàn kì í yán ẹsẹ̀ irò.,menyo20k,12
Ayọ̀ àyọ̀jù làkèré fi ń ṣẹ́ nítan.,menyo20k,7
Babaláwo kì í bèèrè ẹbọ àná.,menyo20k,6
Bẹbẹlúbẹ ò ì tíì débẹ̀; ibẹ̀ ló ń bọ̀.,menyo20k,9
Bí a bá dàgbà à yé ogun-ún jà.,menyo20k,8
Bí a bá fi inú wénú; iwọ là ń jẹ.,menyo20k,10
"Bí a bá ń bá ọmọdé jẹun lóko, gànmùganmu imú ẹni ní ń wò.",menyo20k,14
"Bí a bá ń gúnyán, kòmẹsẹ̀ á yọ.",menyo20k,8
Bí a bá ti mọ là ń dé; a-láì-lẹ́ṣin kì í dé wọ̀nwọ̀n.,menyo20k,13
Bí a bá ti mọ là ń kú; olongo kì í kú tìyàntìyàn.,menyo20k,13
"Bí a bá tọ̀ sílé, onípò a mọ ipò.",menyo20k,9
"Bí a kò bá dáṣọ lé aṣọ, a kì í pe ọ̀kan lákìísà.",menyo20k,13
"Bí a kò bá lè dá Tápà, Tápà kì í dáni.",menyo20k,11
"Bí a kò bá lọ sóko irọ́, a kì í pa á mọ́ni.",menyo20k,13
"Bí a kò bá ṣèké, a kì í fi ẹ̀tẹ́ kú.",menyo20k,11
"Bí a kò bá tíì jókòó, a kì í nasẹ̀.",menyo20k,10
"Bí a kò bá tíì lè kọ́lé, àgọ́ là ń pa.",menyo20k,11
"Bí a kò bá tó baba ọmọọ́ ṣe, a kì í pe alákàrà.",menyo20k,13
"Bí àgbà kò bá ṣe ohun ẹ̀rù, ọmọdé kì í sá.",menyo20k,11
"Bí àjànàkú ò bá rí ohun gbémì, kì í ṣe inú gbẹndu sọ́dẹ.",menyo20k,13
"Bí ajá rójú ẹkùn, a pa rọ́rọ́.",menyo20k,7
"Bí ayá bá mojú ọkọ, alárenà a yẹ̀bá.",menyo20k,8
"Bí ayé bá ń yẹni, ìwà ìbàjẹ́ là ń hù.",menyo20k,10
"Bí baálẹ̀ bá ń tàkìtì, òrógi là ń bá ẹmẹsẹ̀.",menyo20k,10
"Bí èèyán bá ní kò sí irú òun, àwọn ọlọgbọ́n a máa wòye.",menyo20k,13
"Bí eégbọn bá so mọ́ ajá lẹ́nu, akátá là ń ní kó já a?",menyo20k,14
"Bí eégbọn bá ṣo ayínrín nímú, adìẹ kọ́ ni yó ja.",menyo20k,11
"Bí ẹkùn ò bá fẹ̀, èse là ń pè é.",menyo20k,10
"Bí ẹlẹ́bọ ò bá pe ẹni, àṣefín ò yẹni.",menyo20k,9
Mímú àdínkù bá iwà-ìbàjẹ́ gba irúfẹ́ ìdókówò kan tó yátò.,menyo20k,10
"Ní báyìí, ní ákọ̀kọ́ wọ́n rò wí pé lára àwàdà lásán ni.",menyo20k,12
Ṣùgbọ́n nígbà náà wọ́n rí i wí pé wọ́n mú u lọ́kùkúdùn.,menyo20k,12
Ni inú bá bí wọn.,menyo20k,5
Ìròyìn nípa àwọn olóṣèlú tí wọ́n kó mílíọ́nu dọ́là jẹ wọ́pọ̀.,menyo20k,11
Wọ́n mú àdínkù bá ìwà-ìbàjẹ́ nítorí wọ́n ti dàgbà sókè ni.,menyo20k,11
Àwùjọ sì máa ń dàgbàsókè nípasẹ̀ ìdókówò nínu ìṣẹ̀dá.,menyo20k,9
"Ní báyìí, ní àkọ́kọ́, mo rò wí pé èyí ò ṣe é ṣe ni.",menyo20k,14
"Ní báyìí, ọ̀wọ́n yìí jẹ́ kí ìwà-ìbàjẹ́ tàn kálẹ̀ ní ẹ̀ka náà.",menyo20k,12
Ṣùgbọ́n Mo Ibrahim kò jákàn.,menyo20k,5
"Nítorí náà ní ọdún 1998, ó dá Celtel sílẹ̀.",menyo20k,9
Èyí sì yọrí sí ìdàgbàsókè tó ṣe pàtàkì ní ẹ̀ka náà.,menyo20k,11
"Ẹ mọ̀, ọ̀pọ̀lọpọ̀ àwọn ènìyàn tí wọ́n ń hu ìwà ìbàjẹ́ mọ̀ pé kò yẹ.",menyo20k,15
Ṣùgbọ́n wọ́n ṣà ṣe é ṣá.,menyo20k,6
"Ìbéérè náà ni, torí kíni?",menyo20k,5
"Nítorí náà fún wọn, ìlọ́ni-lọ́wọ́-gbà tàbí ìwà-ìbàjẹ́ jẹ́ ọ̀na kan tó dára láti rí owó.",menyo20k,15
Nigbà tí àwọn òbí tó lówó bá ń fún àwọn aṣojú fásitì ní owó-ìbọ̀bẹ́.,menyo20k,14
Ǹkan tí mò ń gbìyànjú láti ṣàlàyé ni àjọṣepọ̀ yìí láàrín ìwà-ìbàjẹ́ àti ọ̀wọ́n.,menyo20k,14
"Ní ọ̀pọ̀ àwọn orílẹ̀-èdè tí wọ́n kúṣẹ̀, ọ̀pọ̀ àwọn ǹkan kòṣeé-má-nì ni wọ́n ṣọ̀wọ́n.",menyo20k,14
Èyí pèse ilẹ̀ ọlọ́ràá fún ìwà-ìbàjẹ́ láti tayọ.,menyo20k,8
"Ní báyìí, kò sí ọ̀nà tí èyí fi jẹ́ àwíjàre fún ìwà-ìbàjẹ́.",menyo20k,12
Ó kọ̀ ràn wá lọ́wọ́ láti ní òye nípa rẹ̀ si.,menyo20k,11
Ẹ ro ipa rẹ̀ ní orílẹ̀-ède South Korea.,menyo20k,8
Èyí dẹ̀ ti mú èrè tó pọ̀ wá.,menyo20k,8
Níbo wá ni ìyẹ́n fi wá sí?,menyo20k,7
Kìí ṣe ǹkan tí mò ń sọ nìyẹn rárá.,menyo20k,9
"Ní àwọn ọ̀nà kànkan, orílẹ̀-èdè náà ti bàlùmọ̀ lóòtọ́.",menyo20k,9
"Mo lérò pé ìwọ náà yóò ní, bákan náà.",menyo20k,9
Bí àwọn ọ̀dọ́ ní ilẹ̀ Adúláwọ̀ ṣe ń ṣe àwárí ohùn wọn lóri ìkàni Twitter.,menyo20k,15
"Ṣùgbọ́n oríire mi, mi ò ní láti ṣe èyí fún ìgbà pípẹ́.",menyo20k,12
"Láìpẹ́, àwọn ènìyàn ti ń kópa.",menyo20k,6
Àwọn ènìyàn ń lo ìkànì náà láti ṣe oríṣiríṣi ǹkan.,menyo20k,10
"Ṣùgbọ́n ní pátàkì jùlọ, àwọn ènìyàn ń lo ìkànì náà láti sopọ̀.",menyo20k,12
Àwọn ènìyàn ń sopọ̀ nípa ìjẹ́ ọmọ ilẹ̀ Adúláwọ̀.,menyo20k,9
"Fún òsẹ̀ kan nínu oṣù Agẹmọ, ìkàni Twitter di ilé-ọtí ilẹ̀ Adúláwọ̀ lóòtọ́.",menyo20k,13
Bàbá mi jẹ́ ọmọ orílẹ̀-èdè tí wọ́n ń pè ní Botswana ní gúúsù ilẹ̀ Adúláwọ̀.,menyo20k,15
Díẹ̀ ló fi tóbi ju orílẹ̀-ède Germany lọ.,menyo20k,8
Ní ọdún yìí a ṣe ayẹyẹ àdọ́ta ọdún ìdúró ṣinṣin ọmìnira wa.,menyo20k,12
Ó sì ní àwọn ìpinnu ìtẹ̀síẃjú àwùjọ gidi.,menyo20k,8
Orílẹ̀-èdè ìyá mi ni ìlu-ọba Swaziland.,menyo20k,6
"Ó jẹ́ orílẹ̀-èdè tó kéré púpọ̀, tí ohun náà wà ní gúúsù ilẹ̀ Adúláwọ̀.",menyo20k,14
Ó jẹ́ ilú tó gbẹ́yìn nílẹ̀ Adúláwọ̀ tí ìṣèlú lábẹ́ ọba rẹ̀ ṣì pé.,menyo20k,14
"Lórí ìwé, àwọn orílẹ̀-èdè wọ̀nyí lè dàbi ẹní yátọ̀ gidi gan.",menyo20k,11
"Nígbà tí mo wà lọ́mọdé, mo máa ń rí ìyàtọ̀ náà.",menyo20k,11
"Òjó máa ń rọ̀ púpọ̀ ní orílẹ̀-èdè kan, kìí rọ̀ tó bẹ́ẹ̀ ní ìkejì.",menyo20k,14
Sùgbọ́n yóò padà nípa ọ̀tọ̀ lára mi.,menyo20k,7
"Ṣé ẹ ríi, wọ́n bími ní orílẹ̀-èdè kan wọ́n sì rè mí ní ìkejì.",menyo20k,14
"Ṣùgbọ́n láìpẹ́, màá sọ SiSwati nù.",menyo20k,6
Mo di ẹni tó ń nífẹ̀ẹ́ sí èrò ìdánimò ilẹ̀ Adúláwọ̀ àjọni.,menyo20k,12
Mo tún ti ni òye tó jinlẹ̀ nípa ìmọ̀ ìjìnlẹ̀-èrò ilẹ̀ Adúláwọ̀.,menyo20k,12
Mo ka gbogbo ìtàn-àròsọ ilẹ̀ Adúláwọ̀ tí mo lè fi ọwọ́ bà.,menyo20k,12
"Ṣùgbọ́n bẹ́ẹ̀ ni, ọrọ̀ yìí ò sí fún gbogbo ènìyàn.",menyo20k,10
"O ní láti tẹ̀lé àwọn ọmọ orílẹ̀-ède South Africa, Zimbabawe, Ghana, Nigeria.",menyo20k,12
"Lójijì, gbogbo ìgbésíayé rẹ yóò ṣí sílẹ̀.",menyo20k,7
Gbogbo ìgbésíayé mi dẹ̀ ṣí sílẹ̀ lóòtọ́.,menyo20k,7
Àwọn ọmọ ilẹ̀ Adúláwọ̀ ni wọ́n ń ya àwòrán ní etí òkun orílẹ̀-ède Nàìjíríà .,menyo20k,15
Àwọn ọmọ ilẹ̀ Adúláwọ̀ ni wọ́n wà ní àwọn ilé-ọtí ni orílẹ̀-ède Nairobi.,menyo20k,13
"A máa ń jírórò nípa lítiréṣọ̀ ilè Adúláwọ̀, òṣèlú, ìpinnu ọrọ̀-ajé",menyo20k,11
"Ṣùgbọ́n láìní yípada, ní àsìkò kànkan, a máa ń padà sọ nípa Twitter.",menyo20k,13
Nígbà náà ni mo mọ ohun tí èyí jẹ́.,menyo20k,9
"Èyí jẹ́ àṣìṣe, ṣùgbọ́n nígbà míràn, ó lè jẹ́ nípa àtò.",menyo20k,11
Ilè Adúláwọ̀ ní mẹ́fà nínú àwọn ààyè àwọn atìpó tó tóbi jù lágbàyé.,menyo20k,13
Ǹkan tó jẹ́ ìṣòro ọmọ orílẹ̀-ède Burundi nígbà kan ti di ìṣòro ilẹ̀ Adúláwọ̀.,menyo20k,14
Báwo la ṣe lè ṣe ìyẹn?,menyo20k,6
Ṣùgbọ́n òṣèlú ìṣọ̀kan ilẹ̀ Adúláwọ̀ máa ń sábà jẹ́ ìṣọ̀kan àwọn alẹ́nulọ́rọ̀ nínú òṣèlú.,menyo20k,14
Ta ni ìyẹn wá ń se ànfàní fún?,menyo20k,8
"Ó dáa, àwọn adarí nílẹ̀ Adúláwọ̀, ó fẹ́rẹ̀ jẹ́ ní àdáyanrí.",menyo20k,11
Mo dẹ̀ rò ó wí pé ǹkan náà ni ìṣọ̀kan àwùjọ ilẹ̀ Adúláwọ̀.,menyo20k,13
Èyí dẹ̀ ti ń ṣẹlẹ̀.,menyo20k,5
A ti ní ìkànì kan.,menyo20k,5
Mo fẹ́ kí ẹ rin ìrìnàjò kan pèlú mi.,menyo20k,9
"Ẹ wá dúró, o bọ́síta nínú ọkọ̀ yín ẹ dẹ̀ ya àwòrán kan.",menyo20k,13
""""""" Kòkòro apa sójà ara ò dàbí àwọn aìsàn tókù; ó máa ń fa ìdẹ́yẹsí.""",menyo20k,15
Àwọn ènìyán máa ń lọ́ra láti sọ̀rọ̀ nípa rẹ̀ -- ìbẹ̀rù kan rọ̀ mọ.,menyo20k,14
"Màá sọ nípa kòkòro apa sójà ara lónì, nípa ikú, nípa ìdẹ́yẹsí.",menyo20k,12
"Ìtan ìmọ̀-ìṣègùn ni, ṣùgbọ́n jù bẹ́ẹ̀ lọ, ìtàn àwùjọ ni.",menyo20k,10
Àwòrán orílẹ̀-èdè yìí fi ìpín kòkòro apa sójà ara ní ilẹ̀ àgbáyé hàn.,menyo20k,13
"Bí ẹ ṣe rí i, Ilẹ̀ Adúláwọ̀ ló ní ìpín àkóràn tó pọ̀jù.",menyo20k,13
A máa ń sọ́rọ̀ nípa ǹkan pẹ̀lú ọ̀rọ̀-ìperí tó jọra wọn.,menyo20k,11
Òtítọ́ náà yátọ̀ gidi gan.,menyo20k,5
Àyẹ̀wò náà ni ìyá ń gbà nígbà tó bá wọlé wá.,menyo20k,11
Àwọn ìtọ́sọ́nà tó ń gbà nípa ìfọ́mọlọ́mú àti ìbálópọ̀ aláìléwu.,menyo20k,10
"Àkójọpọ̀ gbogbo iṣẹ́ ni, ó sì ń ṣiṣẹ́.",menyo20k,8
Níbo ni wọ́n ti ń wá?,menyo20k,6
"Ó dáa, ó dín ní ẹyọ̀kan ni ó ń wá láti orílẹ̀-ède Amẹ́ríkà.",menyo20k,13
"Ẹyọ̀kan, ní àròpin, ni ó ń wá láti ilẹ̀ Yúróòpù.",menyo20k,10
Ọgọ́rùún wá láti agbọn Asia àti Pacific.,menyo20k,7
Ẹ jẹ́ kí á wo àwòrán orílẹ̀-èdè mìíràn.,menyo20k,8
"Ilà fàdákà tírín tí ẹ rí níbí yìí, ilẹ̀ Adúláwọ̀ nìyẹn.",menyo20k,11
Bákan náà ni pẹ̀lú àwọn nọ́ọ́sì.,menyo20k,6
"Tí a bá wá wo àwọn èto PMTCT wọ̀nyí, kí ló túmọ̀ sí?",menyo20k,13
Àwọn àyẹ̀wò wọ̀nyí ní nọ́ọ́sì kan ní láti ṣe láàrín ìṣẹ́jú péréte kan náà.,menyo20k,14
Kò ṣe é ṣe -- kò kí ń ṣiṣẹ́.,menyo20k,9
Nítorí náà a ní láti wá àwọn ọ̀nà tó dára láti pèsè ìtọ́jú.,menyo20k,13
Òògùn ò dọ́gba pẹ̀lú ìtọ́jú.,menyo20k,5
"""Gbogbo ǹkan tí ẹ̀ ń gbọ́ ni, """"Màá kú, ọmọọ̀ mi náà máa kú.""",menyo20k,14
"O bá bọ́ sí ìgboro, o kò sì mọ ibi à á yà sí.",menyo20k,14
Èyí -- eyí ni ojú àti ìtan kòkòro apa sójà ara ní ilẹ̀ Adúláwọ̀ lónì.,menyo20k,15
Ṣùgbọ́n a wá síbí láti wá sọ nípa àwọn ọ̀nà-àbáyọ àti àwọn ìròyin ayọ̀.,menyo20k,14
Mo dè fẹ́ ṣe àyípadà ìtàn yìí díẹ̀ si.,menyo20k,9
"Wọ́n ń mu tíì, wọ́n ń jẹ búrẹ́dì.",menyo20k,8
Ààbó wà fún ọ níbí.,menyo20k,5
Gbogbo wa la ní kòkòro apa sójà ara.,menyo20k,8
Ọmọọ̀ rẹ ò ní ní kòkòro apa sójà ara.,menyo20k,9
A rí àwọn ìyá gẹ́gẹ́ bí èròjà kan ṣoṣo tó tóbi jù láwùjọ.,menyo20k,13
"Àwọn ìyá máa ń ṣe ìtọ́jú àwọn ọmọ, ṣe ìtọ́jú ilé.",menyo20k,11
Lọ́pọ̀ ìgbà àwọn ọkùnrin ti lọ.,menyo20k,6
"Wọ́n ń ṣiṣẹ́, tàbí wọ̀n ò sí lára ìdílé náà.",menyo20k,10
"Àgbà-ọ̀jẹ̀ ni àwọn aláìsàn nípa ìrírí wọn, wọ́n lè sọ ìrírí yẹn fún àwọn tókù.",menyo20k,15
Èyí ni ìtọ́jú ajẹmọ́ ìṣègùn tó kọjá òògùn lásán.,menyo20k,9
"Wọ́n máa ń la ètò-ẹ̀kọ́ oní kọ̀ríkúlọ́ọ̀mù alágbára olósẹ̀ méjì tàbí mẹ́ta kọjá, ìdánilẹ́kọ̀ọ́.",menyo20k,14
"Ní báyìí, àwọn oníṣégùn-òyìnbó àti àwọn nọ́ọ́sì -- àwọn náà ń gba ìdánilẹ́kọ̀ọ́.",menyo20k,13
Àwọn ìya olùbánidámọ̀ran wa máa ń gba ìkọ́ni lọ́dún kànkan àti àtúnkọ́.,menyo20k,12
Ilé-iṣẹ́ wa ní àfojúsùn mẹ́ta.,menyo20k,5
"Àkọ́kọ́, láti dèna àkóràn ìyá-sí-ọmọ.",menyo20k,5
Báwo la ó ṣe ṣe é?,menyo20k,6
"Ní ilẹ̀ Adúláwọ̀, ó le gidi gan láti jírórò pẹ̀lú àwọn ọkùnrin.",menyo20k,12
Àwọn ọkùnrin kìí fi bẹ́ẹ̀ sí lára ìtọ́jú oyún.,menyo20k,9
"Nítorí náà bàbá àti ìyá, lápapọ̀, jọ máa ń la ìdánilẹ́kọ̀ọ́ àti àyẹ̀wò kọjá ni.",menyo20k,15
"Bàbá àti ìyá, lápapọ̀, jọ máa ń gba èsì ni.",menyo20k,10
Èyí sì ṣe pàtàkì láti rí ọ̀nà àbáyọ kúrò nínu ìdẹ́yẹsí.,menyo20k,11
Sísọ ọ́ jáde ṣe pàtàkì púpọ̀ fún ìdènà.,menyo20k,8
A tún máa ń ṣiṣẹ́ ní ìsòrí-sòrí.,menyo20k,7
Ìdíwọ́ tó lágbára jù lóòtọ́ sopọ̀ mọ́ àdínkù ìdẹ́yẹsí.,menyo20k,9
Ó sì ṣe pàtàkì sí sísọ ọ́ jáde.,menyo20k,8
Ni ìyá olùbánidámọ́ràn náà bá tẹ̀le lọ.,menyo20k,7
Mo ti ní kòkòro apa sójà ara.,menyo20k,7
Mo ní kòkòro apa sójà ara.,menyo20k,6
Ẹ̀rù ló ń bàmí láti sọ fún gbogbo yín.,menyo20k,9
"""Ni àbúro rẹ̀ lọ́kùnrin náà bá dìde ó ní, """"Èmi náà ní i.""",menyo20k,13
Mo lérò wí pé ẹ máa lémi kúrò nínú ẹbí ni.,menyo20k,11
Ẹ rí ibi tí èyí ń lọ.,menyo20k,7
"""Obìnrin tó gbẹ́yìn dìde ó ní, """"èmi náà ní i.""",menyo20k,10
Mo lérò wí pé ẹ máa kórìra mi ni.,menyo20k,9
""""""" Èrí ni mo jẹ́ pé ìrètí ń bẹ.""",menyo20k,9
Wàhálà ló sì jẹ́ sí ètò ìlera.,menyo20k,7
À máa ń sọ̀rọ̀ nípa ǹkan tí à ń pè ní ìgbaṣẹ́ lọ́wọ́ ara ẹni.,menyo20k,15
"Bó ṣe rí, oníṣégùn-òyìnbó lo ń gbé iṣẹ́ fún nọ́ọ́sì.",menyo20k,10
Báwo ni ẹ ṣe lè pèse ètò ìlera gidi?,menyo20k,9
"A ti pinnu láti ṣe àtúnṣe ètò ìlera gẹ́gẹ́ bi oníṣégùn-òyìnbó, nọ́ọ́sì àti ìya olùbánidámọ́ràn.",menyo20k,15
A padà síbi ìdèna àkóràn ìyá sí ọmọ.,menyo20k,8
Ilé-iṣẹ́ wa ń ran àwọn obìnrin lọ́wọ́ láti gun afárá yẹn.,menyo20k,11
Ilé-iṣẹ́ wa ń ṣiṣẹ́ ní ìpele mẹ́ta.,menyo20k,7
"Ìkejì, àwọn àwùjọ -- ríró àwọn obìnrin lágbára.",menyo20k,8
Wọ́n di adarí láàrín àwùjọ wọn.,menyo20k,6
A nílò láti mú àyípadà bá ìhà kíkọ sí àwọn obìnrin ní ilẹ̀ Adúláwọ̀.,menyo20k,14
A ní láti ṣe ìyẹn.,menyo20k,5
"Ká wá ṣe àtúnṣe ìpele ètò ìlera, ìṣẹ̀dá ètò ìlera tó lágbára.",menyo20k,12
Ètò ìlera wá ti túká.,menyo20k,5
Wọn ò ní ṣiṣẹ́ bí wọ́n ṣe ṣe àto wọn lọ́wọ́lọ́wọ́ yìí.,menyo20k,12
"Mo bẹ̀rẹ ètò náà ní Capetown, orílẹ̀-ède South Africa ní ọdún 2001.",menyo20k,12
"Ní àyè yẹn ni, ògúná èrò kan lásán.",menyo20k,8
Ǹkan tó kọjá òye ni bí ọ̀rọ̀ yìí ṣe rọrùn tó.,menyo20k,11
Àwọn aláìsàn nígbà kan rí tí wọ́n ń ṣe ìtọ́jú àwọn tó ń ṣáìsàn lọ́wọ́.,menyo20k,15
Àti ìrónilágbára nípasẹ ìgbanisíṣẹ́ -- mímú àdínkù bá ìdẹ́yẹsí.,menyo20k,9
Èyàn kànkan gbọ́dọ̀ mọ ipo kòkòro apa sójà ara wọn.,menyo20k,10
"Gbogbo èyí ṣe é ṣe, tí ẹnìkànkan wa bá dásí ìjà yìí.",menyo20k,12
MB: Àwọn ọ̀nà àbáyọ tó rọrùn sí àwọn ìṣòro àmúdijú.,menyo20k,10
Àwọn ìyá tí wọ́n ń ṣe ìtọ́jú fún àwọn ìyá.,menyo20k,10
Bí àwọn obìnrin ṣe ń mú àyípadà bá orílẹ̀-ède Rwanda.,menyo20k,10
Èyí fẹ́ mú mi kó àpamọ́ mi kí n sì sálọ.,menyo20k,11
Ṣùgbọ́n mo ṣe àríyànjiyàn pẹ̀lú ara mi.,menyo20k,7
Wọ́n ní láti borí ìnira aláìgbàgbọ́ àti ìyà.,menyo20k,8
Àwọn kan nínú wọn ń tọ́mọ tí wọ́n lóyún wọn látara ìfipábánilòpọ̀.,menyo20k,12
"Nítorí áà, wọ́n ṣe ìwúrí fún mi.",menyo20k,7
Àwọn obìnrin wọ̀nyẹn jẹ́ ajà-fẹ́tọ̀ àlááfíà àti ìparí ìjà.,menyo20k,9
"Ní orílẹ̀-ède Rwanda lónì, àwa la ní ìdá àwọn obìnrin tó pọ́jù ní ilé-aṣòfin.",menyo20k,14
Ẹ dúró dìgbà tí màá sọ ìda rẹ̀ fún yín -- ìdá mọ́kàn-lé-láàdọ́ta (61%).,menyo20k,14
"Ní orílẹ̀-èdè yìí, mẹ́rìn-lè-láàdọ́ta (54) ni.",menyo20k,6
"Lónì, ó wà láàrín méjì.",menyo20k,5
Iṣẹ́-àgbéṣe tí ò tíì parí ni.,menyo20k,6
Àdínkù tó ń lọ bí ìdá mẹ́tà-dín-láàdọ́ta (47%) nínu ikú ọmọdé.,menyo20k,11
"Kódà ní orílẹ̀-èdè yìí níbi tí a wà báyìí, òótọ́ ni.",menyo20k,11
Ànfàní ńlá wo ni à bá máa retí?,menyo20k,8
Èyí sì fa ìyàtọ̀ náà.,menyo20k,5
"Aìsí dédé láàrín okùnrin àti obìnrin ni àṣa nínú ọ̀pọ̀lọpọ̀ isẹ́, kóda nínú ètò ìlera-àgbáyé.",menyo20k,15
Ẹ̀rín ńlá fún ìṣòro ńlá! Bí ó ti jẹ́ ìjọlójú.,menyo20k,10
Àsìkò dé fún ètè rẹ̀ láti máa gbọ̀n rìrì pẹ̀lú ìṣọ̀rọ̀ kẹ́lẹ́kẹ́lẹ́.,menyo20k,12
"""""""Màá yèé, èmi nìkan kọ́kọ́ ni ọkùnrin ní ìlú yìíyìí, dájú dájú èmi nìkan kọ́.""",menyo20k,15
"Fún ìdí èyí, màá - màá yè é.",menyo20k,8
Ohun gbogbo á - ádára ní ìkẹyìn - ní ìkẹyìn - fún mi.,menyo20k,13
Àsìkò ti tó fún ẹnu rẹ̀ láti bẹ̀rẹ̀ ẹ̀rín aláruwo abàmì rẹ̀:,menyo20k,12
"""""""Yóò la ẹnu rẹ̀ fẹ̀ bí i ti ajá ọde tí ó ti rẹ̀""",menyo20k,14
"Atẹ́gùn tí Àlàmú ń mí wọra wúwo, ó ti pò pọ̀, atẹ́gùn náà ti bàjẹ́.",menyo20k,15
Ariwo à-fọn-ọ̀n-fọn-tán àwọn ọkọ̀ ń dún létí rẹ̀ díẹ̀ díẹ̀.,menyo20k,10
"Láti ọ̀nà jíjin, ọgọọgọ́rùn-ún ọkọ̀ tò lọ rẹrẹ láìlópin ní títì ọlọ́dà tóóró.",menyo20k,13
Kò sí ìjọba tó ti ṣàṣeyọrí nínú wíwá ojútùú sí ìṣòro ògbólógbòó sún-kẹrẹ-fà-kẹrẹ ọkọ̀.,menyo20k,14
Ó sì ń kọrin sí etí àwọn olùgbé ìlú pé:,menyo20k,10
"Ẹnikẹ́ni tó o bá jẹ́, Nǹkan kí nǹkan tó ò bá à jẹ́",menyo20k,13
Jáde síta kó o wá ṣe ìmọ́tótó agbèègbè rẹ,menyo20k,9
Ìpè orílẹ̀-èdè ni sí ojúṣe rẹ,menyo20k,6
Kí gbogbo ọwọ́ má dilẹ̀,menyo20k,5
"Láti sọ ìlú Ìbàdàn, di ìlú tí ó mọ́ jùlọ",menyo20k,10
Ẹ jáde ní ẹgbẹẹgbẹ̀rún yín,menyo20k,5
"Pèlú jígà, ṣọ́bìrì, ìgbálẹ̀ àti apẹ̀rẹ̀",menyo20k,6
Ẹ sí búùtù ọkọ̀ yín,menyo20k,5
Jẹ àmì ẹ̀yẹ fún ìlú Ìbàdàn,menyo20k,6
"Mílíọ́ọ̀nù náírà kan, Àmì ẹ̀yẹ orílè-èdè.",menyo20k,6
"Àlàmú yípo, ó ń wòye ìgbòkègbodò inú ìlú náà.",menyo20k,9
Kò ṣeéṣe fún ẹnikẹ́ni láti ṣẹ́gun ìwòye ìlú tó tóbi jù níilẹ̀ aláwọ̀dúdú pẹ̀lú àìfọkànsí.,menyo20k,15
Wọ́n ń di olùdarí láìsí àdírẹ́sì ọ́fíìsì kan pàtó. Olùṣàkóso láìní ibí-iṣẹ́ kan ní pàtó.,menyo20k,15
"Ìwọ̀n ńlá ni Àlàmú jogún nínú ìṣòro ìlú yìí, ládúrú ẹ̀kọ́ àti ipò rẹ̀.",menyo20k,14
"Bí ìṣòro ayé bá ń wà ní díẹ̀díẹ̀, ó lè pa ènìyàn lẹ́kún.",menyo20k,13
"Wọ́n ń fọ́wọ-lẹ́rán wo ògángán ilé Àlàmú, wọ́n sì ń mirí wọn tìkáàánú-tìkáàánú.",menyo20k,13
"""""""Èéṣe? Èéṣe? wọ́n ronú.......Èéṣe tí irú èyí fi ń ṣẹlẹ̀ sí arákùnrin yìí.""""""",menyo20k,13
"""""""Ta ló kó irú èyí bá a?""""""",menyo20k,7
Ṣùgbọ́n òkèèrè ni àwọn ènìyàn yìí ti ń wo bí nǹkan ṣe rí.,menyo20k,13
Wọn kò ní àǹfààní tààrà sí ilé Àlàmú.,menyo20k,8
Kìí ṣe sàwáwù pẹ̀lú àwọn ènìyàn wọ̀nyí rárá.,menyo20k,8
Kò sí ìdí fún ìbáṣepọ̀ tímọ́-tímọ́ kankan láàárín wọn.,menyo20k,9
Ẹ̀̀rí dídé sí ìgbé ayé ọlọ́rọ̀.,menyo20k,6
Owó kò dúró níbẹ̀ mọ́! Àpò rẹ̀ ti ń jò!,menyo20k,10
"Ó ṣépè fún mi, ó pè mí ní orúkọ oríṣìíríṣìí.",menyo20k,10
Lẹ́yìn náà ni ó tún ṣí ojú ìwé mìíràn nínú ìwé ìjẹ́rìí-ẹni náà.,menyo20k,13
"""Àpò náírà kan-àbọ̀ ni n ó tún máa yà sọ́tọ̀ láti oṣù kéje yìínáà lọ""""""",menyo20k,15
Ìrísí ìṣòro apanirun túntún yìí wá jẹ́ kí àwọn ìṣòro àtijọ́ dàbíi erémọdé lójú rẹ̀.,menyo20k,15
"Eléyìí sún un kan ògiri, kò sí ibi tí ó fẹ́ sá sí mọ́.",menyo20k,14
"Gẹ́gẹ́ bí obìnrin, kò ní ọkàn láti kojú ìgbáyàsókè ayé àti ìṣòro.",menyo20k,12
Ohun kan tí ó yẹra fún ni ẹ̀rín aláriwo abàmì rẹ̀.,menyo20k,11
"Láìpẹ́, Àlàmú ń gbọ́ igbe àṣẹ tí ó ń pa fún Sènábù.",menyo20k,12
"Kò sí àwáwí, ká ṣá ti rí nǹkan láti so ọkàn àti ara pọ̀.",menyo20k,14
Iṣẹ́ tó wà níwájú Àlàmú báyìí ni wíwá ojútùú kíákíá sí ìṣòro wọn.,menyo20k,13
Yóò sì tẹ̀síwájú láti máa ṣe bí ọkùnrin.,menyo20k,8
Ìgbà wo ni yóò ṣe gbogbo èyí dà?,menyo20k,8
Èyí ni àwọn ìbéèrè tí Àlàmú ń bí ara rẹ̀ ní àbítúnbí.,menyo20k,12
"Síbẹ̀ síbẹ̀, ó tẹ̀síwájú láti gbìyànjú, kò sí ẹ̀ṣẹ̀ nínú ìgbìyànjú rárá.",menyo20k,12
"""""""Àlàmú, ṣé o rí onílé wa lanáà ?""""""",menyo20k,8
Ẹsẹ̀ rẹ ń hàn lábẹ́ ilẹ̀kùn ilé-ìtọ̀ níbití o ti ń sá pamọ́.,menyo20k,13
"Ṣùgbọ́n Ọlọ́run yọ ẹ́, onílé kò wolẹ̀.",menyo20k,7
"""""""Ó ní kí o wá rí òun lẹ́sẹ̀kẹsẹ̀. Mo gbàgbé láti sọfún ẹ""""""",menyo20k,13
"""""""Hùn, hùn ún, lẹ́sẹ̀kẹsẹ̀? Hùn hùn, mo rí i bẹ́ẹ̀.""""""",menyo20k,10
"""""""Báwo ni o ṣe sanwófún un, ṣé kìṣì?""""""",menyo20k,8
"""""""Wo èyí. Sọ̀wédowó tí o fún mi fún owó ìtọ́jú ilé.""""""",menyo20k,11
"""""""Kílódé tí ò ń mú un fún mi Làbákẹ́, mú un lọ........lọ sí ilé ifowópamọ́sí.""""""",menyo20k,15
"""""""Mo ti mú un lọ... ṣùgbọ́n ó ta padà. Kò sówó níbẹ̀""""""",menyo20k,12
Sọ̀wédowó tí Àlàmú fún onílé ti ta padà lẹ́èmẹ́ta!,menyo20k,9
Làbákẹ́ kò mọ̀. Kò sọfún un. Ó tẹ̀síwájú pẹ̀lú ẹ̀rín rẹ̀.,menyo20k,11
"Láàárín ìbára-ẹni-sọ̀rọ̀ rẹ̀ pẹ̀lú Làbákẹ́, Àlàmú ti rín ẹ̀rín àjèjì rẹ̀ ju ìgbà márùn-ún lọ.",menyo20k,15
Ó sì ti ń ṣàkíyèsí bí Làbákẹ́ ṣe ń wò ó pẹ̀lú àìbalẹ̀ ọkàn.,menyo20k,14
"Lóòótọ́, títí ìgbà wo ni yóò fi nǹkan pamọ́ fún Làbákẹ́ dà?",menyo20k,12
Àwọn gáàsì yìí jọ ìjìinú òkun lójú rẹ̀! Ìjìinú ife!,menyo20k,10
Òógùn ṣarajọ sí ìpọ̀nrí rẹ̀. Ojúrẹ̀ bẹ̀rẹ̀ si í wò bàìbàì.,menyo20k,11
"Ójẹ́ kí orí rẹ̀ wú, óbẹ̀rẹ̀ si í pòòyì.",menyo20k,9
Bí ó ṣe fẹ́ kí ó rí rè é.,menyo20k,9
Ófẹ́ kí ọtí pa òun dáadáa.,menyo20k,6
Ó fi ọwọ́ bọ́ ojú rè láìmọye ìgbà.,menyo20k,8
Làbákẹ́ já wọ yàrá náà:,menyo20k,5
"""""""Àlàmú.......... Àlàmú,"""" óbẹ̀rẹ̀ ọ̀rọ̀, """"Kíni èyí tí mò ń rí ní wájú rẹyìí?""""""",menyo20k,13
Ó mí èémí líle. Èsì àìbìkítà Àlàmú ti mú ọ̀rọ̀ náà sú Làbákẹ́ pátápátá.,menyo20k,14
"""""""Ṣùgbọ́n, o ò fẹnu kan ọtí rí láyé rẹ Àlàmú?""",menyo20k,10
"Ó ju kòròfo ife kọjá sí orí àpótí iwájú rẹ, ó sì bú sẹ́rìn-ín.",menyo20k,14
"""""""O ti ń fa sìgá náà""""""",menyo20k,6
"""""""Àlàmú!...... Àlàmú! Ṣé ìwọ rè é Àlàmú? ọtí àti sìgá?,"""" Làbákẹ́ béèrè pẹ̀lú àìgbàgbọ́.""",menyo20k,14
"""""""Forí... foríjìmí Làbákẹ́... hùn... ṣo rí i... ṣo rí i... ẹ̀... ǹ...""""""",menyo20k,12
"""""""Kíni kí ó yé mi, Àlàmú kò lè yé mi! Kò lè yé mi láéláé""""""",menyo20k,15
"""""""Má...má ṣe da ara rẹ láàmú...mo ní!Má ṣe.........da........ara...........rẹ láàmú......Arúgb....obìnrin,"""" Àlàmú ká lòlò.""",menyo20k,12
"""""""Ṣé o fẹ́ mọ̀.........mọ̀ mí? Èmi..........èmi? Àlàmú...............Èmi ni Àlàmú Ọláoyè. Bẹ́ẹ̀ ni. Ìwọ.....ta.......ta....... ni ọ́?""",menyo20k,15
Obìnrin arúgbó lásán làsàn. Obìnrin arúgbó ráda.......rádaràda. Níbo?,menyo20k,8
"Nísinsìnyí, ọ̀rọ̀ Àlàmú ti di igbó igbó fí fààti ọtí mímu.........ọtí mímu àti igbó fífà.",menyo20k,15
"Àlàmú á bẹ̀rẹ̀ gbólóhùn kan dáadáa, á sì dánudúró lójijì, pẹ̀lú òṣé, kíkùn tàbí ẹ̀rín.",menyo20k,15
"""Èyí jẹ́ nǹkankan láti sọfúnwọn.....ẹm ẹm......ó dáa.....jẹ́ kí ó wá.....wá.....títí dalẹ́ nígbà tí n......ẹm.....ẹm.""""""",menyo20k,14
Àlàmú ti tú ara rẹ̀ fó! Ó ní ìbéèrè láti dáhùn.,menyo20k,11
"Lákọ̀ọ́kọ́, nítorí Josephine ọmọ ìlú Jàmáíkà, tí ó jẹ́ ògbólógbòó afikùnjó nílùú Lọ́ńdọ́ọ̀nù.",menyo20k,13
"Aáwọ̀ mìíràn tó tún wáyé láàárín wọn wáyé nítorí Caroline, akẹ́kọ̀ọ́ ìmọ̀-òfin láti ìlú Kẹ́ńyà.",menyo20k,15
Làbákẹ́ tún sọjí pé ìlú Englandì nìyẹn.........................,menyo20k,7
"""""""Jẹ́ kí ó mọ̀ pé Làbákẹ́ ni ó fẹ́ rí i!.""""""",menyo20k,11
"""""""Mọ̀mọ́, ọ̀gá ní kí ẹ .........kí ẹ ẹ̀m...ẹ̀m.......wọlé.""""""",menyo20k,8
Làbákẹ́ jọ̀wọ́ ara rẹ̀ fún ìpòruru ọpọlọ.,menyo20k,7
"Iṣẹ́ náà ti ń sú u, ó sì fẹ́ sùn.",menyo20k,10
Àlàmú sùn falala nígbà tí ó fi tiẹ̀ dí gbogbo ayé lọ́wọ́!,menyo20k,12
"""""""Ẹ̀yin ọmọ Ànọ́bì ẹ dìde ń lẹ̀ kẹ́ẹ ké pe Allah""",menyo20k,11
Kí ẹ sì wọ Al-jọ́n-ń-nà,menyo20k,5
Ibi àlàáfíà àti ìbùkùn ayérayé,menyo20k,5
"Ṣùgbọ́n ẹ̀yin ọmọ àṣètán-ń-nì, ẹ sùn lọbí igi",menyo20k,8
Kí a sì tì yín sí Jáà-nọ́n-mọ̀,menyo20k,7
"""Ilé ẹkún àti ìbànújẹ́ ayérayé.""""""",menyo20k,5
"Irú àwọn ọkùnrin yìí ni ó wọlé wá pẹ̀lú Àlàmú , méjì irúwọn.",menyo20k,13
Làbákẹ́ wo àwọn àlejò ọkọ rẹ̀ yìí tìfura tìfura.,menyo20k,9
Kí ni ìbáṣepò Àlàmú pẹ̀lú irú àwọn ènìyàn yìí?,menyo20k,9
Àwọn ọlọ́ṣà àti àwọn afipábánilòpọ̀ pọ̀ káàkiri ìgboro ní àsìkò yìí.,menyo20k,11
"""""""Ẹ káàárò ìyá"""" - àwọn méjèèjì ńkí Làbákẹ́.""",menyo20k,8
Rírí ni gbígbàgbọ́ - Làbákẹ́ sì tẹ̀lé ọkọ rè wọ yàrá.,menyo20k,11
"Nígbẹ̀yìn gbẹ́yín, wọ́n bẹ̀rẹ̀ si í gbé awọn nǹkan wọ̀nyí kúrò nínú yàrá ìgbàlejò.",menyo20k,14
"""""""Kí ló ṣe ẹ̀rọ amómitutù?,"""" Làbákẹ́ béèrè""",menyo20k,7
"""""""Nǹkan ńlá,""""Àlàmú dá a lóhùn""""""",menyo20k,5
"""""""Kí ni wàhálà náà Àlàmú, tí n kò mọ̀ nípa rẹ̀?""""""",menyo20k,11
"""""""Nǹkan tún ń ṣe ẹ̀rọ amóhùn-máwòrán náà, Àlàmú ?""",menyo20k,9
"""""""Bẹ́ẹ̀ ni Làbákẹ́. Àwòrán bàìbàì nígbà gbogbo...""",menyo20k,7
ṣe o ò rí i tẹ́lẹ̀ ni? Dídún ẹ̀ náà kò dáa tó...,menyo20k,13
ṣe bẹ́ lo ṣe buru to,menyo20k,6
"Ní alẹ́ àkọ́kọ́ lẹ́yìn ayẹyẹ ìgbéyàwó olówó iyebíye tíwọ́n ṣe, Àlàmú pariwo síi pẹ̀lú ayọ̀.",menyo20k,15
"""Ẹ̀sùn pé Làbákẹ́ ti ka """"ìwé tó pòjù"""" ló yà á lẹ́nu jù.""",menyo20k,13
Àlàmú fi gbogbo èyí sí inú ara rẹ̀. Kò bá àwọn ènìyàn rẹ̀ jiyàn.,menyo20k,14
Ó kàn tẹ̀síwájú pẹ̀lú ohun tó ní lọ́kàn.,menyo20k,8
"Hùn hùn, ṣé ìyàwó rẹ rè é Àlàmú?",menyo20k,8
Àwòrán Làbákẹ́ tí ó gba àmì ẹ̀yẹ ipò kìn-ín-ní nínú ìfigagbága magasíìnì Lọ́ńdọ́ọ̀nù nìyẹn.,menyo20k,14
"""Àwòrán tí wọ́n gbé sí ojú magasíìnì """"Man""""s world.""""""",menyo20k,9
Màmá tún ṣí ojú ìwé mìíràn nínú ìwé àwòrán náà:,menyo20k,10
Ìbáṣepò rẹ̀ pẹ̀lú Làbákẹ́ kò dán mọ́rán rárá.,menyo20k,8
"Àlàmú ń ṣe gbogbo ohun tó ṣeéṣe láti bíi nínú, láti dà á láàmú.",menyo20k,14
"Ó ń mọ̀ọ́mọ̀. Ó ti bẹ̀rẹ̀ si ímu ọtí, ó sì ń fa sìgá.",menyo20k,14
Ẹ̀rín ìkoòkò afiniṣẹ̀sín ni Àlàmú máa ń fi dojú kọ ọ́ ní gbogbo ìgbà.,menyo20k,14
"Làbákẹ́ náà kìí pẹ́ bínú. Kò níì gbàsára, òun náà sì le.",menyo20k,12
Kí ni ẹ̀ṣẹ̀ rẹ̀ gan-an tí Àlàmú fi wá fẹ́ figi gún àjọṣepọ̀ wọn.,menyo20k,14
Òun gan an ni óyẹkí ó pé Àlàmú lẹ́jọ́fún ìkọ̀sílẹ̀ ìtànjẹ.,menyo20k,11
"Láìsí àní-àní, irú ẹjọ́ bẹ́ẹ̀ rọrùn láti borí.",menyo20k,8
Kò níí nílò agbẹjọ́rò kankan láti ro irú ẹjọ́ bẹ́ẹ̀.,menyo20k,10
Ṣé Àlàmú ń kó kúrọ̀ nílé lóòótọ́ ni?,menyo20k,8
Nǹkan abàmì bí i Ìtàn-Àròsọ.,menyo20k,5
Ṣùgbọ́n ṣé kò lè ṣe é ni?,menyo20k,7
Ṣé ìwọ gbẹ̀rí ọkùnrin jẹ́ ni? O mà ń tan ara rẹ̀!,menyo20k,12
Ọ̀dájú ọkùnrin lẹ̀ kọ̀ láti yọjú sí ibi kóòtù ìgbéyàwó lọ́jọ́ ìgbéyàwó rẹ̀!,menyo20k,13
Kò sí bí ènìyàn ṣe lè dá ọkùnrin tí ò bá náá ní dúró.,menyo20k,14
Làbákẹ́ sì ń ṣe jẹ́jẹ́.,menyo20k,5
"Tinú rẹ́rìn-ín músẹ́, ó ń ṣe àfihàn eyín iwáju rẹ̀ túntún.",menyo20k,11
"""""""Bàbá-ba-ba-ba,"""" ó ń sọ̀rọ̀ wẹ́rẹ́wẹ́rẹ́.""",menyo20k,5
"""""""Bà-bá-bà-bá..........bàbá.......bà-bá-bá,"""" ọmọbìnrin kékeré náà pariwo sí ìpayà Làbákẹ́.""",menyo20k,8
Tí ó ń fi wá sílẹ̀. Ìyẹn ńkọ́? O fẹ́ẹbẹ́ẹ̀?,menyo20k,10
Làbákẹ́ rí nǹkan tó jọ àyípadà nínú ìwòojú ọmọ rè tí ò mọ̀kan yìí.,menyo20k,14
Mo ní ọmọ onílàákáàyè lọ́mọbìnrin. Mo ní ọmọ tó gbọ́n lọ́mọbìnrin.,menyo20k,11
Nísinsìnyìí tí inú rẹ kò dùn sí ibí i tèmi yìí.,menyo20k,11
"A fẹ́ mọ orúko rẹ̀, kí a sì pariwo rẹ̀ fáráyé gbọ́.",menyo20k,12
Sọfún bàbá rẹ kí ó má jẹ́ kí obìnrin yẹn tàn-án.,menyo20k,11
Owó rẹ̀ nìkan ló ń tẹ̀lé.,menyo20k,6
Ṣé wà á sọfún -un?,menyo20k,5
"""Wàá jíṣẹ́ mi Tinú? Ọmọ tó gbọ́n. Ọmọ tó gbọ́n dáadáa. Ó dáa bẹ́ẹ̀.""""""",menyo20k,14
"Tinú fẹ̀rín dún, ó sì bẹ̀rẹ̀ si írá lọ.",menyo20k,9
"""""""Bóyá á dé ní ọ̀gànjọ́ òru nígbà tí gbogbo wa bá ti sùn.""""""",menyo20k,13
"Ó gbé ìgbésẹ̀ díẹ̀ tí kò dájú síwájú, ó sì dúró.",menyo20k,11
"""""""Máa bọ̀, Làbákẹ́ èmi ni""""""",menyo20k,5
"""""""Bẹ́ẹ̀ ni.......bẹ́ẹ̀ ni. Mo mọ̀ pé ìwọ ni Àlàmú ........ṣùgbọ́n.......ṣùgbọ́n.""""""",menyo20k,10
"""""""Dákun Làbákẹ́. Bá mi ti ọkọ̀ yìí. Tí díẹ̀ ni.""",menyo20k,10
"Ó nílò títì, bíbẹ́ẹ̀ kò ní dáhùn.",menyo20k,7
Ó ṣè è dákú nísinsìnyìí ni.,menyo20k,6
Bóyá nǹkankan ti ń ṣe kọ́ńtáàti rẹ̀.,menyo20k,7
"Ó sì lè jẹ́ bátììrì. Àlàmú fẹyín, ló bá bú sí ẹ̀rín.",menyo20k,12
Làbákẹ́ dúró fẹsẹ̀ múlẹ̀ láì mọ̀ nǹkantí yóò ṣe. Ẹnu rè si yà á.,menyo20k,14
"""""""Màá gbé e sí jíà kejì, kí n sì ṣí ilé epo rẹ̀.""",menyo20k,13
Ìwọ á kàn tì í.,menyo20k,5
"""""""Ọkọ̀ ta lèyí Àlàmú?,"""" óbéèrè pẹ̀lú ìrújú pátápátá.""",menyo20k,8
"Làbákẹ́ tẹ́tí, láì gbàgbọ́, láì gbọ́kàn lé e.",menyo20k,8
"""""""Nísinsìnyí Àlàmú,"""" Làbákẹ́ tẹ̀síwájú, """"Níbo ni ọkọ̀ náà wà, ṣé lọ́dọ̀ mẹkáníìkì?""""""",menyo20k,12
"""Fún ìdí èyí, mo........mo......tà áláti ra.....ra eléyìí.""""""",menyo20k,7
Pé o ta ọkọ̀ pijó 504 láti ra ọkọ̀ ìjàpá bítù tó ti relé yìí?,menyo20k,15
Kò sí nǹkankan Làbákẹ́. Kò sí. Gbà mí gbọ́. Kò sí.,menyo20k,11
Ṣé mo yà ẹ́ lẹ́nu lọ́nàkọnà? Pẹ̀lẹ́ pẹ̀lẹ́.,menyo20k,8
"""""""Ṣé o ní kò sí nǹkan Àlàmú?""""""",menyo20k,7
"""Àlàmú ,siriyó dà? """"Olúwa mi ò! Rédíò dà?""",menyo20k,8
Làbákẹ́ nìkan kọ́ ló dájọ́ rẹ̀ báyìí.,menyo20k,7
Wọ́n kò wò ó lójú tààrà láti sọ ọ́.,menyo20k,9
Ṣùgbọ́n á já geere fún àwọn tó létí láti gbọ́ ọ.,menyo20k,11
"Làbákẹ́ létí, ó sì tẹ́tí sí àwọn ará àdúgbò wọn yìí.",menyo20k,11
"""""""Rírín ẹ̀rín bí ìkokò ní àsìkò tí kòtọ́ jẹ́ àmì aágànná. Fura o. Fura o..""""""",menyo20k,15
"""Wọn á mú un rẹ́rìn-ín lójú mọmọ, wọn á mú un rẹ́rìn-ín lọ́gànjọ́ òru.""""""",menyo20k,14
"""Ẹ̀rín... Ẹ̀rín... Ẹ̀rín... Ìṣọ́ra ní láti wà, bíbẹ́ẹ̀ kọ́!...""""""",menyo20k,9
Èyí bá Làbákẹ́ níbi burúkú. Ó ti fẹ́rẹ̀ ẹ́ pa ọkàn rẹ̀ pọ̀ sọ́nà kan.,menyo20k,15
Ilé ìwòsàn náà jọ àwọn ilé alákọ̀ọ́kànrun ìtòsí rẹ̀.,menyo20k,9
Àwọn àlejò ìlú máa ń wo apá ibẹ̀ ní ìwò àwò-má-leèlọ.,menyo20k,11
Arákùnrin ọ̀dọ́ náà lọ́ra lẹ́ẹ̀kan sí ió sì tu dànù.,menyo20k,10
Ọkàn Làbákẹ́ bẹ̀rẹ̀ si í lù kì-kì-kì .,menyo20k,8
"""""""Bẹ́ẹ̀ ni Làbákẹ́. Àwọn ènìyàn yìí nílò ìrànwọ́ ṣé o mọ̀.""",menyo20k,11
Àwọn ènìyàn sọ pé ọkùnrin náà ti lo àìmọye ọdún nílùú òyìnbó láti kẹ́kọ̀ọ́.,menyo20k,14
"Làbákẹ́ tún rántí, tìrẹ̀lẹ̀, gbogbo àwọn àmì àti àpẹẹrẹ tí ọ̀rẹ́ rẹ̀ júwèé fún un.",menyo20k,15
Òwò ni wọ́n bá wá. Òun náà sìbá òwò wá.,menyo20k,10
Òkìtì owó iwájú onítọjú owó á ti máa wọ mílíọ́nù náírà kan.,menyo20k,12
Ìyẹn ò bá tán gbogbo wàhálà rẹ̀.,menyo20k,7
Èyí ni àwọn olówó mílíọ́nù-mílíọ́nù ẹlẹgẹ́ àti olùdarí pàjáwìrì fún àwọn iléeṣẹ́ àfọkànrò.,menyo20k,13
"Ṣùgbọ́n àwọn ènìyàn yìí ń pawó dáadáa pẹ̀lú ìrọ̀rùn, pẹ̀lú ìfọkànbalẹ̀.",menyo20k,11
Kò sì sí lákọsílẹ̀ pé ọ̀kan nínú wọn fẹ̀yìn tọ àgbá.,menyo20k,11
Àwọn tí ò lè fọwọ́ síwèébí kò ṣe kíwọ́n tẹ̀ka!,menyo20k,10
Èyí ni àwọn ènìyàn tí ò lè kọ tàbí kíwọ́n lè ka ìwé.,menyo20k,13
"""Àwọn ènìyànyìí ni wọn kò lè fìdí ìgò kọ """"O.""""""",menyo20k,10
Ó jẹ gbèsè àádọ́run náírà! Orí Àlàmú yípo yípo.,menyo20k,9
Ọjọ́ mánigbàgbé ni ọjọ́ yìí jẹ́fún Àlàmú...,menyo20k,7
"Lẹ́yìn ọjọ́ karùn-ún, Màmá bínú lọ ilé.",menyo20k,7
"Fún gbogbo ìgbà tí ó fi wà nílùú òyìnbó, kò gbìyànjú rẹ̀ rárá.",menyo20k,13
Àlàmú. Àlàmú... ṣé ìwọ rè é Àlàmú ? Obìnrin àgbàlagbà yìí bẹ̀rẹ̀.,menyo20k,12
"Bẹ́ẹ̀ ni màmá, Ẹ káàbọ̀ màmá.",menyo20k,6
"""""""Rárá màmá. Kò sáìsàn. Kò síì ṣòro rárá. ṣe ẹ rí nǹkankan ni màmá?""""""",menyo20k,14
"Ẹnu ya ìyá àgbàlàgbà náà, ó pàtẹ́wọ́, ó sì wo ọmọ rẹ̀ látòkè délẹ̀ láìgbàgbọ́.",menyo20k,15
"Bẹ́ẹ̀ ni, ẹ̀bùn tí Ọlọ́run dìídì fún un ni. Ẹ̀bùn àtòkèwá.",menyo20k,11
"Ẹ̀bùn fún àwọnìyá tó nífẹ̀é, tó sì ní àfọkànsí tòótọ́. Okùn ìyá àti ọmọ.",menyo20k,14
"Okùn tó jinlẹ̀, tó ju gbogbo òye lọ.",menyo20k,8
Jíjá-pà tì ọmú ni ti ìyá Àlàmú.,menyo20k,7
"Ní gbogbo òru ọjọ́ náà, màmá ò pajú dé.",menyo20k,9
Ẹjọ́ ló ń bá ọmọ rẹ̀ rò ní ọ̀pọ̀ ìgbà.,menyo20k,10
Àwọn ìdáhùn Àlàmú kò lọ tààrà.,menyo20k,6
Bí ọ̀rọ̀ kan tàbí àpólà gbólóhùn.,menyo20k,6
Ó ńdáhùn pẹ̀lú ìfihàn pé òun wà pẹ̀lú màmá ní tara nìkan.,menyo20k,12
Ìdí nìyí tí màmá fi gbogbo ipá rẹ̀ láti má jẹ́kí Àlàmú lọ sí òkè-òkun.,menyo20k,15
Irú orí tí òpọ̀lọpọ̀ ènìyàn ń wáfún ọmọ wọn.,menyo20k,9
"Màmá ronú jinlẹ̀, ó rò ó sọ́tùn-ún sósì...",menyo20k,8
Wọ́n máa ń lẹ̀ típẹ́ típẹ́ mọ́ ara wọn bí ìtàkùn iṣu.,menyo20k,12
"Lẹ́yìn náà, ọ̀gá á ta gbọ̀n-ọ́n gbọ̀n-ọ́n, á sì ṣubú sórí ibùsùn pẹ̀lú òyì láìṣiyèméjì.",menyo20k,15
"Fún ìgbà pípẹ́, ọ̀gá á dùbúlẹ̀ láìlérò bí oníwárápá.",menyo20k,9
Sènábù ṣàlàyé fún màmá pẹ̀lú ọkàn mímó àìlẹ́bí àti omijé lójú rẹ̀.,menyo20k,12
"Ìyá Àlàmú dá sọ̀ pẹ̀lú ìrira, ó sì tutọ́ orúkọ ìyàwó ọmọ rẹ̀ kíkorò jáde.",menyo20k,15
Bí ó ṣe kórira orúko náà báyìí àti ẹni tí ó ń jẹ́ orúkọ náà.,menyo20k,15
Óhàn gbangba pé màmá àti Làbákẹ́ kì í ṣe ọ̀rẹ́ gidi rárá.,menyo20k,12
Àwọn méjèèjì kàn ṣáà ń níì gbàmọ́ra àti ìfaradà fún ara wọn ni.,menyo20k,13
Kíni wọ nìbá tí ṣe? Kòsí.,menyo20k,6
Làbákẹ́ ni ìyàwó kan ṣoṣo fún ọmọ kan ṣoṣo tí màmá ni....,menyo20k,12
"Bí wọn kò bá fẹ́ràn ara wọn, dájú dájú wọ́n gbọ́dọ̀ máa dẹ ara wọn!",menyo20k,15
Ṣùgbọ́n gbogbo ìgbà ni Àlàmú ń ṣe ojúṣe rẹ̀ gẹ́gẹ́ bí onídàájọ́.,menyo20k,12
Ó ń bí wọn nínú.,menyo20k,5
"Ẹ̀ẹ̀kọ̀ọ̀kan ni irú èyí máa ń wáyé, ọpẹ́lọpẹ́ ìfojúsílẹ̀ onídàájọ́ náà.",menyo20k,11
"Ṣùgbọ́n nísinsìnyí, kò jọ wí pé yóò ṣeésẹ láti dín asọ̀ màmá kù.",menyo20k,13
Wọ́n ti bẹ̀rẹ̀ si í sọ̀rọ̀ pẹ̀lú ìbínú...,menyo20k,8
"""""""Èmi àtìyàwó mi....èmi àtìyàwó mi """" Òpònú ọmọ!""",menyo20k,8
Ó ti sọfún un pé kí ó ṣọ́ra gidi gidi.,menyo20k,10
Ó ti sọfún un bí obìnrin ṣe lè léwu sí.,menyo20k,10
"Obìnrin ni òun fúnrarẹ̀, ó sì mọ gbogbo nǹkan.",menyo20k,9
Ó mọ̀ pé obìnrin tún lè mú ìparun wábí i paramọ́lẹ̀.,menyo20k,11
"""Àlàmú, la etí rẹ dáadáa kí o gbọ́ mi...""""""",menyo20k,9
"Àmọ́, ṣé Àlàmú gbọ́? Ṣé ó gbọ́ rí?",menyo20k,8
Àbájáde kíkọ etí dídi sí ohùn ọgbọ́n àti ìrírí rè é.,menyo20k,11
Ẹ̀kọ́ láti inú ìrírí kíkorò yìí lè mú kì ìpẹ́ojú rẹ̀ sí.,menyo20k,12
Ẹ̀kọ àti gaàrí tí ó gbé wá láti ilé ni ó ń jẹ.,menyo20k,13
"Yàtọ̀ sí ti ìkíni àsìkò àti ìbániṣọ̀rọ̀ orí ahọ́n, Làbákẹ́ náà kò kọjá ààyè rẹ̀.",menyo20k,15
"""""""Onídàájọ́"""" náà kò ráyè ṣọ́ wọn bí i ti tẹ́lẹ̀.""",menyo20k,10
Ìṣòro tó bá a lọ́wọ́lọ́wọ́ tó fún un.,menyo20k,8
"Fún ìdí èyí, kò ní ààyè láti wo ìran náà mọ́.",menyo20k,11
"Nísinsìnyí, màmá fò sókè láti orí ìjókòó rẹ̀ ó sì sáré lọ sí yàrá Làbákẹ́.",menyo20k,15
"Láìpẹ́, ó ti ń dúró lójúkojú pẹ̀lú ẹ, tìrúnú-tìrúnú ni ó fi ń mí.",menyo20k,14
Àsìkò ti tó láti lahùn!,menyo20k,5
Á dá sẹ̀ríà fún un - lọ́nà tirẹ̀.,menyo20k,8
"""""""Wò mí!,"""" Màmá sọ̀rọ̀ lójijì, """"wò mí dáadáa Làbákẹ́! Àṣírí ti tú!""""""",menyo20k,12
"""""""Bẹ́ẹ̀ ni. Bẹ́ẹ̀ ni, Làbákẹ́....ó ti tú - àṣírí.""",menyo20k,9
"Afẹ́fẹ́ ti fẹ́, a ti rí fùrọ̀ adìyẹ!",menyo20k,8
"""""""Kíni nǹkan tí ẹ̀ ń sọ̀rọ̀ nípa ẹ̀, màmá?""""""",menyo20k,9
"""""""Ipárẹ ti pin láti àkókò yìí lọ""""!""",menyo20k,7
"""""""Màmá tani? Èmi? Kí leléyìí?""""""",menyo20k,5
"""""""O mọ gbogbo rẹ̀ Làbákẹ́! Yéé díbọ́n! Ìyẹ́ rẹ ti re báyìí!""",menyo20k,12
"Màmá ti wá paradà, kì í ṣe ènìyàn lásán mọ́.",menyo20k,10
"Làbákẹ́ wojú ìyá ọkọ rẹ̀, ó fi àtẹ́lẹwọ́ rẹ̀ bojú ó sì hàn.",menyo20k,13
Làbákẹ́...... Làbákẹ́.....wojú mi mo wí báyìí!,menyo20k,6
Ìwo ò lè wojú mi mọ́!,menyo20k,6
Wo bí ọkàn ẹlẹ́ṣẹ̀ ṣè ń hùwà! Mo ní agbára rẹ ti tán!,menyo20k,13
"Àgbàra àwọn tí ò ń jíṣẹ́ fún náà ti pin, ní ìṣẹ́jú yìí.",menyo20k,13
Àwọn bàbá-ńlá mi ò sùn lọ́run. Mo dúpẹ́ lọ́wọ́ wọn. Mo dúpẹ́ lọ́wọ́ wọn.,menyo20k,14
"Mo dúpẹ́ lọ́wọ́ àwọn bàbá-ńlá mi, wọ́n lajú sílẹ̀.",menyo20k,9
"Ní báyìí, wọ́n sì ti gbèjà mi. Fún ìdí èyí, ọmọ mi á rí ìgbàlà.",menyo20k,15
"""""""Ṣùgbọ́n... ṣùgbọ́n... ṣùgbọ́n màmá. Kílódé? Màmá ṣe ẹ̀ ń bínú sí mi ni?""""""",menyo20k,13
"""""""Àwọn bàbá ńlá wa ń bínú sí ọ Làbákẹ́!""",menyo20k,9
Àwọn bàbá mi lọ́run ń bínú sí ọ!,menyo20k,8
"""""""Èmi kọ́! Mi ò lè pa ayọ̀ yín láéláé Màmá.""""""",menyo20k,10
"""""""Ṣùgbọ́n o lè pa álára - àbí bẹ́ẹ̀ kọ́?""",menyo20k,9
"Dúró, jẹ́ n já ara mi sí hòòhò!",menyo20k,8
"Bí ó máa nílò, Lẹ́yìn náà láti já ara rẹ̀ sí ìhòòhò, á ṣe é.",menyo20k,15
Àlàmú ò níí kú. Á borí gbogbo ìṣòro náà.,menyo20k,9
"""Lórúkọ àwọn bàbá mi tí ò sùn lọ́run.""""""",menyo20k,8
Ṣé wí pé ìwọ mọ pé ìsòro Àlàmú wúwo?,menyo20k,9
"""""""Alábòòsí! Alábòòsí! O mọ nǹkan tí mò ń sọ̀rọ̀ nípa rẹ̀.""",menyo20k,11
Ó mọ̀ gbogbo rẹ̀. Ó mọ̀ ibi tí mò ń sọ̀rọ̀ lọ.,menyo20k,12
Ìdáhùn wá sí ìyẹn. Orí rẹ̀ á tún padà bọ̀ sípò.,menyo20k,11
Ọ̀kan rẹ̀ á padà bọ́ sípò. Ojú á sì ti gbogbo yín.,menyo20k,12
"""""""Gbogbo wá? Tani? Èmi? Ìtìjú? Ṣé ó yẹ kí ojú ti mí nínú ilé Àlàmú?.""""""",menyo20k,15
Òpin ọ̀nà náà ti dé! Á bẹ̀rẹ̀ sí í palẹ̀mọ́ lẹ́sẹ̀kẹ́sẹ̀.,menyo20k,11
"Kódà, ìbẹ̀rẹ̀ gbogbo nǹkan tí ó fẹ́ ṣe fún un nìyẹn.",menyo20k,11
Ọmọ rẹ̀ nílò àmújútó kíákíá.,menyo20k,5
"Ìdúró ò sí, ìbẹ̀rẹ̀ ò sí mọ́.",menyo20k,7
"Ní kíákíá, àwòrán Èṣùníyì pẹ̀lú ẹgba lọ́wọ́ àti ìwò ìrorò lójú rẹ̀ wá sórí Màmá.",menyo20k,15
"""""""Dákẹ́! Dákẹ́ ariwo yẹn!"""" Màmá ń rò ó bí Èṣùníyì tí ṣe ń pariwo.""",menyo20k,14
"""""""Dúró sibí tí o wà! Ó dáa, àsìkò oúnjẹ rè é.""",menyo20k,11
"""""""Ṣé o ò gbọ́ àṣẹ mi ni?""""""",menyo20k,7
Ó sì mọ̀ dáadáa pé ìṣòro náà áníyanjú lááàrín ọ̀sẹ̀ mélòó kan.,menyo20k,12
Àwọn ẹ̀mí àìrí kan ni ó yí ọgbà ìtọ́jú Èṣùníyì ká.,menyo20k,11
Á tọ́jú irun orí àwọn aláìsán rẹ̀ tí ó fáfún ìṣègùn.,menyo20k,11
"Màmá tún wo Làbákẹ́, tìkà-tẹ̀gbin .......",menyo20k,6
Ó sì tún rí i wí pé oúnjẹ òwúrọ̀ rẹ̀ ti wà lórí tábílì.,menyo20k,14
"Ó lè bá wọn sọ̀rọ̀ lẹ́yìn oúnjẹ. Fún ìdí èyí, Àlàmú jókòó sídìí tábìlì.",menyo20k,14
"Kí Màmá tó ráyè gbórí sókè, ṣíbí ìrẹsì méjì ti wọ ikùn rẹ̀.",menyo20k,13
"Nígbà náà ni màmá déédé fò sókè lórí ìjókòó rẹ̀ tí ó ní,",menyo20k,13
Ọbẹ̀ Ẹ̀gúsí.... Bẹ́ẹ̀ ni..... pẹ̀lú àwọn nǹkan dúdúdúdú nínú rẹ̀.,menyo20k,10
"Ojú rẹ̀ mu, ó sì rí i.",menyo20k,7
Irú àwọn èyí ti Sènábù ń sọ.,menyo20k,7
Àlàmú padà wo ìyá rẹ̀ ní ìwò tó ṣàjèjì.,menyo20k,9
"Kí ni gbogbo ìrọ̀kẹ̀kẹ̀ yìí, lórí ọbẹ̀ ẹ̀gúsí lásán?",menyo20k,9
"""""""Kí ni èyí tí ò ń jẹ́ yìí Àlàmú?""""""",menyo20k,9
"Ìyá àgbà náà bèèrè - ìbéèrè tí kò nílò, ṣúgbọ̀n tí ó nítumọ̀ sí i.",menyo20k,15
"""""""Èyí ni mò ń sọ?""""""",menyo20k,5
"""""""Àlàmú... Àlàmú... ṣé ó dá ọ lójú pé ọbẹ̀ lásán ni èyí?""",menyo20k,12
"""""""Bẹ́ẹ̀ni. Ọbẹ̀ ni Màmá... Ọbẹ̀ tó dára. Kí ló kù?,""""""",menyo20k,10
"Màmá wo abọ́ ọbẹ̀ náà ní ìwò tó le, tí ó sì mú ìfura dání.",menyo20k,15
Ta ni yóò wá gbàálà báyìí? Kò sẹ́lòmíràn àfi Èṣúńiyì...,menyo20k,10
Èṣùníyì ló lè gbà á! Ìjáfara léwu.,menyo20k,7
Àlàmú mà lè já sí títì láìpẹ́!,menyo20k,7
Màmá ki apẹ̀rẹ̀ rẹ̀ mọ́lẹ̀ ó sì sá kúrò nínú ílé.,menyo20k,11
Iṣẹ́ kíákíá ló wà níwáju rẹ̀.,menyo20k,6
Ó gbọ́dọ̀ gbọ́ èyí Àlàmú',menyo20k,5
Bẹ́ẹ̀ ni- ha ha ha ! hun hun ! ha! ha!',menyo20k,11
Nǹkan tí ó ń gbé mi lọ́kàn ...',menyo20k,8
Àlàmú jọ̀wọ́ tẹ́tí ... Ní ọjọ́ yẹn tí Màmá wá ...',menyo20k,11
"Ó dáa bẹ́ẹ̀, ẹ jọ̀wọ́, ẹ jókòó, ẹ káàbọ̀.",menyo20k,9
"""""""Ẹ máa ní láti dúró ìyá, fún bí ìṣẹ́jú márùn-ún.""""""",menyo20k,10
Amòfin Mústàfá ti ṣàkíyèsí hílà-hílo tí ó hàn lójú Làbákẹ́.,menyo20k,10
"Fún irú wọn, ìwádìí òtítọ́ ní láti wáyé pẹ̀lú ọgbọ́n ẹ̀wẹ́.",menyo20k,11
Láìjẹ́ bẹ́ẹ̀ àwọn ìhò a pọ̀ fún àǹfààní àwọn ọ̀tá láti rí wọ̀.,menyo20k,13
Ṣùgbọ́n àwọn tí wọn bá bá ẹjọ́ abẹ́lé wá máa ń rọrùn láti gbámú.,menyo20k,14
Irú ọwọ́ yìí ni agbẹjọ́rò Mústàfá fi Làbákẹ́ sí. Ó sì tọ̀nà bẹ́ẹ̀.,menyo20k,13
Sí i ìyẹn ni àjẹǹjẹtán ọ̀rọ̀ náà.,menyo20k,7
A sì ti ní ìpìlẹ̀ tó dára láti bẹ̀rẹ̀ ẹjọ́ ìkọ̀sílẹ̀.,menyo20k,11
"Gbogbo èyí kò kúkú kàn án, ọ̀nà àwọn agbẹjọ́rò nìyẹn.",menyo20k,10
"""""""A ní ẹjọ́ tó dára ìyáàfin,"""" ó tún un sọ, """"Ẹ kò nílò láti dààmú.""""""",menyo20k,15
Agbẹjọ́rò Mústàfá parí ọ̀rọ̀ rẹ̀ ó sì rẹ́rìn-ín pẹ̀lú ìgboyà.,menyo20k,10
"""""""Ó ṣeni láàánú ìyá,"""" Agbejọ́rò Mústàfá ń bá ọ̀rọ̀ rẹ̀ bọ̀, """"Ẹnìkejì mi jáde.""""""",menyo20k,14
Ẹ̀ ẹ́ ní àǹfààní láti mọ̀ ọ́n nígbà tí ẹ bá tún wá.,menyo20k,13
Làbákẹ́ rìn jáde nínú ọ́fíisì agbẹjọ́rò náà pẹ̀lú ẹ̀rín músẹ́ sí olùgbàlejò ọlọ́yàyà náà.,menyo20k,14
Ojú Agbẹjọ́rò Mústàfá tẹ̀lé oníbàárà rẹ̀ jáde.,menyo20k,7
Irú arábìnrin aláìlẹ́tàn tí ó jẹ́.,menyo20k,6
Àwọn obìnrin náà ń ṣe àìsùn lóru lórí ọ̀rọ̀ tí ò tó nǹkan nínú ìgbéyàwó.,menyo20k,15
"Wọn á rojọ́, wọn à sì gégùn-ún fún ọjọ́ tí wọn ṣe ìsopọ̀ tọkọtaya!",menyo20k,14
Wọn á búra pé òpin ti dé.,menyo20k,7
"Ó tẹ́ Làbákẹ́ lọ́rùn, ó délé padà bí obìnrin tí ó ní ìtẹ̀lọ́rùn.",menyo20k,13
Ṣùgbọ́n pẹ̀lú ìpinnu kan nipé òun a máa gbé ipá wojú ipá ni.,menyo20k,13
"Bí Àlàmú bá ya odi, òun náà a se ètè tirẹ̀ pátápátá.",menyo20k,12
"Bí ó bá pariwo mọ́ ọn, òun náà á pariwo padà.",menyo20k,11
"Làbákẹ́ rẹ́rìn-ín músẹ́, irú ọmọ tó gbọ́n wo rè é.",menyo20k,10
Làbákẹ́ mọ̀ pé dandan ni kí òun fi àlàyé tẹ́ Tinú lọ́rùn.,menyo20k,12
Ìwé yìí ni á fi han Tinú lọ́jọ́ iwájú.,menyo20k,9
"Ọmọbìnrin aláìsẹ̀, náàá kàá pẹ̀lú omijé lójú láìsí àní-àní.",menyo20k,9
"Ọkọ nìkan kọ́ ló ya wèrè, Ìyàwó náà ya wèrè,",menyo20k,10
Àwọn wèrè méjì . Ilé wèrè.,menyo20k,6
Wọn kò kọjúsí i tààrà láti sọ̀rọ̀. Báwo ni yóò ṣe wá gbèjà ara rẹ̀?,menyo20k,15
Kò rọrùn láti dá ẹnìkan lẹ́bi.,menyo20k,6
Àlàmú kò lanu sọ nǹkankan.,menyo20k,5
Làbákẹ́ náà ò sì la ẹnu rẹ̀.,menyo20k,7
Ní ìdákẹ́rọ́rọ́ ni Àlàmú bẹ̀rẹ̀ mọ́lẹ̀ tí ó sì kó ìwé rẹ̀.,menyo20k,12
Làbákẹ́ náà bẹ̀rẹ̀ gbé kẹ́tùlù nílẹ̀... Oníkálukú sì bá ọ̀nà tirẹ̀ lọ!,menyo20k,12
Kò ní dá a fún ọkùnrin yìí! Ọmọkùnrin wèrè burúkú yìí.,menyo20k,11
Ó fẹ jọ wí pé Làbákẹ́ ń sọ èyí sí ara rẹ̀ ní kẹ́lẹ́kélẹ́.,menyo20k,14
"Ojú rẹ̀ á pọ́n, ètè rẹ̀ á sì gbọ̀n bí i ewé orí igi.",menyo20k,14
Kò sí àlàyé tí Làbákẹ́ fẹ́ ṣe fún ẹnikẹni lórí ìṣe rẹ̀.,menyo20k,12
Kò lè jábọ̀ fún ẹnikẹ́ni mọ́.,menyo20k,6
"Òun kọ́ ni ìyá-ilé mọ́, kò sì rí ara rẹ̀ bí i ọ̀kan mọ́.",menyo20k,14
Ìyá-ilé ní obìnrin tí gbogbo ìsẹ̀lẹ̀ ilé máa ń wà ní ìkápá rẹ̀.,menyo20k,13
"Obìnrin tí ó nífẹ̀ẹ́ ọkọ rẹ̀, tí ọkọ rẹ̀ sì nífẹ̀ẹ́.",menyo20k,11
Obìnrin tí ó ní àkọ́sílẹ̀ rere lọ́dọ̀ àwọn ẹbí ọkọ rẹ̀ fún.,menyo20k,12
"Ìdí èyí, Làbákẹ́ kò kún ojú òsùnwọ̀n.",menyo20k,7
Ayálégbé lásán ni nílé Àlàmú báyìí.,menyo20k,6
Ilé-iṣẹ́ Agbóhùnsáfẹ́fẹ́ Ìbílẹ̀ Fagilé Ìfọ̀rọ̀wọ́rọ̀ pẹ̀lú àwọn ajìjàǹgbara LGBT lẹ́yìn ìhalẹ̀mọ́ sí olóòtú,menyo20k,13
Mò ń fagi lé ètò náà.,menyo20k,6
"Òun náà sì lè kojúu wàhálà, onípè àjèjì náà léríléka.",menyo20k,10
Àwọn ìwọ́de àti ìfẹ̀hónúhàn irú èyí wáyé ní àwọn ìlú mìíràn ní Russia.,menyo20k,13
Jẹ́ kí ìpèe rẹ̀ ta ọ́ jí!,menyo20k,7
WỌ́N WÀ NÍBẸ̀: NÍNÚ ÀWỌN ỌGBÀ Ẹ̀WỌ̀N ÀTI IBOJÌ-ÒKÚ.,menyo20k,9
#SAVELGBTINRUSSIA Ẹ̀TANÚ ÌBÁLÒPỌ̀-LÁÀÁRÍN-AKỌ-ÀTI-AKỌ = ÌJỌBA AFIPÁMÚNI,menyo20k,6
Àwòrán láti ọwọ́ Borges Nhamira pẹ̀lú àṣẹ ìlò.,menyo20k,8
#FreeAmade: Ìpolongo láti gba Akọ̀ròyìn Mozambique sílẹ̀,menyo20k,7
"Fún ìgbà àkọ́kọ́ ní orílẹ̀-èdèe Brazil, ọmọ ìbílẹ̀ lóbìnrin di ọmọ ìgbìmọ̀ ìjọba",menyo20k,13
Àwòrán: Àwòrán tí wọ́n yà nínú fídíò kan láti ọwọ́ọ United Nations Web TV.,menyo20k,14
"Lẹ́yìn ọdún kọ́kànlá, òun ni ọmọ ìbílẹ̀ àkọ́kọ́ tí ó gbẹjọ́rò ní ilé-ẹjọ́ gíga jùlọ.",menyo20k,15
Wọ́n ti fi àmì-ẹ̀yẹ ìdánimọ̀ yìí kan náà fún Nelson Mandela àti Malala rí.,menyo20k,14
Àwòrán: Àwòrán tí wọ́n yà nínú fídíò YouTube ilé-ẹjọ́ gíga jùlọ ti Brazil.,menyo20k,13
Ó sọ fún àwọn akọ̀ròyìn pé:,menyo20k,6
"Àwòrán: Àjọ tí ó ń rí sí ààbò gbogboògbò, CC 2.0",menyo20k,11
Kí ni ìdí fún ìkórìíra àti òǹgbẹ fún ìṣubúu wa?,menyo20k,10
Àwa náà ní láti di aṣíwájú fún ara wa.,menyo20k,9
Burundi: Kọ Ìkọkúkọ sórí àwòrán Ààrẹ - kí o wẹ̀wọ̀n,menyo20k,10
"Ààrẹ Jacob Zuma bẹ Burundi wo ní 25, oṣù Èrèlé ọdún 2016.",menyo20k,12
"Orísun àwòrán: ìjọba ZA. Flickr, àṣẹ CC.",menyo20k,7
"""Wọ́n fi ẹ̀sùn """"títa àbùkù bá Ààrẹ orílẹ̀-èdè"""" kan àwọn akẹ́kọ̀ọ́ náà.""",menyo20k,12
Ìwé ìròyìn iwacu jábọ̀ pé àwọn ìdílé tí ọ̀rọ̀ náà kàn wà nínú ìdààmú gidi.,menyo20k,15
Wọ́n bu ẹnu àtẹ́ lu ìwà yìí gidigidi.,menyo20k,8
"""Nkurunziza,"""" Adarí ayérayé tó ga jù""""""",menyo20k,6
Pierre Nkurunziza ti jẹ ààrẹ ilẹ̀ Burundi láti ọdún 2005.,menyo20k,10
"Akọ̀wé gbogboògbò fún CNDD-FDD, Evariste Ndayishimiye ṣàlàyé ìdí tí orúkọ náà ṣe di ti Nkurunziza:",menyo20k,15
"Olùdaríi wa ni, kò sí eni tí a lè fi wé e nínú ẹgbẹ́ẹ wa.",menyo20k,15
"Òun ni òbíi wa, òun ni ó ń gbà wá nímọ̀ràn.",menyo20k,11
"Ní tiwa, olórí tó dára jù ni a ní.",menyo20k,9
"""Àwọn elétò náà sọ pé ó """"nírú ẹ̀yà"""" tí àwọn olugbọ́ àwọn ń fẹ́.""",menyo20k,14
"PR (Aṣojú iléeṣẹ́ BlaBlaCar fún ìbánisọ̀rọ̀ pẹ̀lú àwùjọ): Bẹ́ẹ̀ ni, Ìyẹn dára",menyo20k,12
E: Ta ni yóò wá jẹ́ alámọ̀dájú náà?,menyo20k,8
"PR: Adarí iléeṣẹ́ wa ni, Irina Reyder",menyo20k,7
"PR: Bẹ́ẹ̀ ni, a ti ní Alexey Lazorenko gẹ́gẹ́ bí Adarí, Irina Reyder ni nísẹ̀yín.",menyo20k,15
Ṣùgbọ́n Irina kò ní le è wúlò gẹ́gẹ́ bí alámọ̀dájú.,menyo20k,10
Ó nírú ẹni tí àwọn olùgbọ́ọ wa máa ń nífẹ̀ẹ́ sí.,menyo20k,11
"Fún àpẹẹrẹ, tí a bá ní agbẹjọ́rò gidi kan.",menyo20k,9
Ó ń láti jẹ́ ọkùnrin.,menyo20k,5
Bóyá kí ìwọ Sergey ó ṣe ìfọ̀rọ̀wọ́rọ̀ náà?,menyo20k,8
Ṣé àwọn alámọ̀dájú tuntun yìí á mọ̀ dájú dánu?,menyo20k,9
Reyder ń béèrè ìbéèrè ìkẹ́gàn náà lọ́wọ́ àwọn èèyàn-an rẹ̀.,menyo20k,10
Bí ó tilẹ̀ jẹ́ pé àlàyé wọn kò fìdí èyí múlẹ̀ tó:,menyo20k,12
Ìpolongo ìtakò Kérésìmesì ìlú China mú yíyan àjọyọ̀ le fún ọmọ-ìlú,menyo20k,11
1. Àjọ̀dún Òyìnbó ń bọ̀ lọ́nà dẹ̀dẹ̀.,menyo20k,7
"Kí a ṣe àjọyọ̀ àbí kí á máà ṣe é, ìbéèrè yen ni ìyẹn.",menyo20k,14
2. Ọmọ China ni mí n kò sì kí ń ṣe àjọyọ̀ Òyìnbó.,menyo20k,13
3. Sọ pé rárá fún ìṣàjọyọ̀ àjọ̀dún Òyìnbó nínú ọgbà ilé-ìwé.,menyo20k,11
4. Ẹgbẹ́ òṣèlú-ìpínlẹ̀ ti kọ ẹ̀yìn sí àjọ̀dún Òyìnbó.,menyo20k,9
Àjọyọ̀ àjọ̀dún ti wá di ọ̀rọ̀ ìṣèlú.,menyo20k,7
"""Ọ̀pọ̀lọpọ̀ ènìyàn ni ó ka àjọ̀dún sí """"ìgbógunti àṣà"""" tàbí """"ìrẹ̀sílẹ̀ ìlú.""""""",menyo20k,12
Alága àkọ́kọ́ Ìlú-tí-kò-fi-ọba-jẹ ti China Mao Zedong ti yọ àwọn ènìyàn nínú ìṣòro.,menyo20k,13
A gbọdọ̀ sọ ọjọ́ ìbíi rẹ̀ di Kérésìmesì China.,menyo20k,9
Gbé ìgbésẹ̀ kí o kọ àjọ̀dún Òyìnbó.,menyo20k,7
Àmọ́ àwọn ènìyàn kan lórí Weibo kò rí ọ̀rọ̀ ọlọgbọ́n kankan nínú àríyànjiyàn wọ̀nyí.,menyo20k,14
Àwọn ọ̀dọ́ máa ń ṣe àjọyọ̀ àjọ̀dún Òyìnbó nítorí àríyá àti fún ayọ̀.,menyo20k,13
"Àwọn àjọ̀dún wọ̀nyí lè mú ìkóúnjẹjẹ gbòòrò, kí ni ó burú nínú ìyẹn?",menyo20k,13
Ònlo Weibo kan fi ẹ̀hónú hàn:,menyo20k,6
Kérésìmesì ń bọ̀ lọ́nà dẹ̀dẹ̀.,menyo20k,5
Ojú kan tí gbogbo ènìyàn dúró sí ti kún.,menyo20k,9
Ìkìlọ̀ lórí ìtako àjọ̀dún Òyìnbó ní inú ọgbà ilé-ìwé.,menyo20k,9
"Awuyewuye ti kọjáa ti gbàgede orí ẹ̀rọ-alátagbà, ó kàn dé ilé-ìwé àti àjọ ìlú.",menyo20k,14
Àwọn òǹlo Weibo kan ti pín ìkìlọ̀ ilé-ìwé ti a fún akẹ́kọ̀ọ́.,menyo20k,12
"Ìyá: Ọmọ mi, ẹ̀bùn wo lo fẹ́ fún Kérésìmesì?",menyo20k,9
Ọmọ: Èmi ò ní ṣe àjọyọ̀ àjọ̀dún Òyìnbó kì í ṣe àjọ̀dún ìlúu China.,menyo20k,14
"Ó dáa, dájúdájú onígbọràn ọmọ ẹgbẹ́ òṣèlú àti àwọn ará ìlú ni ọ́.",menyo20k,13
"Síbẹ̀, àwọn akẹ́kọ̀ọ́ ilé-ẹ̀kọ́ gíga ṣe àròjinlẹ̀.",menyo20k,7
Akẹ́kọ̀ọ́ kan ní ìbéèrè lórí òfin ilé-ìwé lórí Weibo:,menyo20k,9
Àwọn kan ti yan ìṣàjọyọ̀ àjọ̀dún náà ní ìkọ̀kọ̀. Òǹlo Weibo kan sọ:,menyo20k,13
Ẹ jẹ́ kí a fẹ́ àlàáfíà.,menyo20k,6
Òǹlo Weibo mìíràn fi èròǹgbàa rẹ̀ hàn pẹ̀lú ohun tí ó fẹ́ fún Kérésìmesì:,menyo20k,14
"Bàba Kérésìmesì, jọ̀wọ́ fún mi ní ìbọsẹ̀ nílá gbàǹgbà pẹ̀lú òmìnira nínúu rẹ̀.",menyo20k,13
Òṣìṣẹ́ inú ọkọ̀ òfuurufú olóbìnrin nìkan wọ ìwé ìtàn ní Mozambique,menyo20k,11
"Ní 1995, ó bẹ̀rẹ̀ iṣẹ́ bíi ilé-iṣẹ́ ọkọ̀ òfuurufú aládàáni , Mozambique Express.",menyo20k,13
ỌJỌ́ ÌTÀN - Ikọ̀ ọkọ̀ òfuurufú,menyo20k,6
Fún ọ̀pọ̀lọpọ̀ obìnrin nínú iṣẹ́ gbogbo.,menyo20k,6
"Obìnrin kò pọ̀ nínú iṣẹ́ ọkọ̀ òfuurufú, bẹ́ẹ̀ ni ó sì ṣe rí káríayé.",menyo20k,14
Akẹ́kọ̀ọ́ Ifásitì Haromaya ní Ethiopia ń fi àmì ìtako ìjọba hàn.,menyo20k,11
Àwòrán tí a pín lórí ẹ̀rọ-alátagbà.,menyo20k,6
Ọ̀rọ̀ sísọ lórí ayélujára ti ń rí ìfúnpa láti ọwọ́ ìjọba díẹ̀ díẹ̀.,menyo20k,13
"Nínú ìlànà òfin àti ọ̀rọ̀ Ajé, iye òmìnira ọ̀rọ̀ ń dìde kárí Ilẹ̀-Adúláwọ̀.",menyo20k,13
Ta ni ẹni tí ó ń sọ bóyá ọ̀rọ̀ kan jẹ́ àfojúdi?,menyo20k,12
Ǹjẹ́ ó yẹ kí òṣìṣẹ́ ìjọba ó ṣe ìmúdàgbà àwọ̀-ara tí ó ní ipọn?,menyo20k,14
"Ní àgbáyé, ọmọ-ìlú ní ẹ̀tọ́ láti wá àìṣedéédé aláṣẹ ìjọba.",menyo20k,10
Má jìyà nínú Ìdáké̩ró̩ró̩ - máa wí lọ,menyo20k,8
Ìrírí akọbúlọ́ọ̀gù Zone9 ìlú Ethiopia jẹ́ àpẹẹrẹ.,menyo20k,7
Orí Twitter ni Zelalem Kiberet ti pín àwòrán yìí.,menyo20k,9
"Berhan Taye, atọ́kùn ìtàkùrọ̀sọ, bi ẹgbẹ́ yìí ní ìbéèrè ìrírí wọn ní inú túbú.",menyo20k,14
"Bí wọ́n ti ṣe sọ, iná amọ́roro ìtàgé wálẹ̀ díẹ̀.",menyo20k,10
Ohùn-un wọn mú kí iyàrá ètò pa lọ́lọ́.,menyo20k,8
Endalk Chala ni ó ni àwòrán.,menyo20k,6
"Pẹ̀lú ìrẹ̀lẹ̀, àwọn akọbúlọ́ọ̀gù Zone9 sọ wípé:",menyo20k,7
"Síbẹ̀, akọbúlọ́ọ̀gù Zone9 ṣe àtúnlò ìfẹ́-ìlú-ẹni nínú ọ̀rọ̀ àti ìṣe.",menyo20k,10
Ó gba ìgboyà láti fẹ́ràn ìlú ẹni pàápàá lẹ́yìn ìjìyà nítorí wípé a sọ̀rọ̀ síta.,menyo20k,15
"Pẹ̀lú agbára àti àjọṣe wa, ẹ̀rọ-ayélujára yóò di ibi òmìnira fún ìtẹ̀síwájú ìjọba àwa-arawa.",menyo20k,14
"Ààrẹ Ìgbìmọ̀ àwọn Inal-France, Youba Dianka, ṣàlàyé:",menyo20k,7
"Àwọn ìṣẹ̀lẹ̀ abanilẹ́rù ti wáyé ní Azlatt, Sony Malé, Wothie, Walata, Jreida àti nínú àfonífojì.",menyo20k,15
Ẹ̀rí túbọ̀ ń tẹnu àwọn ẹni-orí-kó-yọ jáde lẹ́yìn ọgbọ̀n ọdún.,menyo20k,10
Ó ṣe àpèjúwe àwọn ìfìyàorójẹni tí òun pẹ̀lú àwọn ológun mìíràn rí:,menyo20k,12
Ní iwájú wọn ni wọ́n ti pa á.,menyo20k,8
"""""""Kò tún gbọdọ̀ ṣẹlẹ̀ mọ́""""""",menyo20k,5
"Ọ̀gbẹ́ni ààrẹ, àkósoò rẹ ti ṣe àmúlò òfin ìyàsọ́tọ̀ àti ìyọkúrò ẹ̀yà.",menyo20k,12
"Alaa Abd El Fattah, àwòrán láti ọwọ́ Nariman El-Mofty.",menyo20k,9
Abẹ́ ìṣọ́ ọlọ́pàá ni yóò wà fún àkókò yìí.,menyo20k,9
Ilé ẹjọ́ Cassation ti Íjípìtì fi ẹsẹ ẹ̀wọ̀n-ọn rẹ̀ múlẹ̀ nínú oṣù Belu ọdún 2017.,menyo20k,15
"Omar Robert Hamilton, olùkùu Alaa, to àwọn ète ìpolongo náà lẹ́sẹẹsẹ lóríi Twitter:",menyo20k,13
"""Láti gbé ìrò المراقبة (""""ìṣọ́nikiri"""" tàbí """"ìdásílẹ̀-lẹ́wọ̀n-kọ́jọ́-ìdásílẹ̀-tó-pé"""") sínú làákàyè àwọn ènìyàn gbogbo.""",menyo20k,12
A ní láti ṣe iṣẹ́ ìpìlẹ̀ fún ìtako èyí.,menyo20k,9
Mo ń retí ìmísí ọ̀nà tí ẹ ó gbà tún un ṣe.,menyo20k,12
Torí ìdí èyí máa bá wa ronú!,menyo20k,7
Ìwọ́de afẹ́ àwọn abódiakọ-akọ́diabo àkọ́kọ́ lè tú èrò nípa wọn ní Pakístánì ká,menyo20k,13
Jannat Ali Pẹ̀lú àwọn alágbèékalẹ̀ láti ilé-iṣẹ́ Sathi àti Track-T.,menyo20k,10
Àwòrán láti ọwọ́ọ Syed Noman. A lò ó pẹ̀lú àṣẹ.,menyo20k,10
Ilé-iṣẹ́ ìpìlẹ̀ Sathi jẹ́ ilé-iṣẹ́ fún àlàáfíà àti ìmójútó ààbò ẹgbẹ́ abódiakọ-akọ́diabo ní Pakistan.,menyo20k,14
"Ìwọ́de Afẹ́ Abódiakọ-akọ́diabo ní Lahore, oṣù Ọ̀pẹ, ọdún 2018.",menyo20k,9
Syed Noman ni ó ní àwòrán.,menyo20k,6
A lò ó pẹ̀lú àṣẹ.,menyo20k,5
Ènìyàn Abódiakọ-akọ́diabo tí ó tó bí 250 láti agbègbè jákèjádò ìlú Pakistan.,menyo20k,12
Ni ọ̀rọ̀ọ rẹ̀ alágbèékáa Jannat Ali ní:,menyo20k,7
"Látàrí ìbálòpọ̀ tí kò ní ààbò, ọ̀pọ̀ l'ó ti kó àrùn kògbéwékògbègbó HIV àti AIDS.",menyo20k,15
A ti fi ẹ̀tọ́ àwọn abódiakọ-akọ́diabo yí iyẹ̀pẹ̀.,menyo20k,8
Asad Zaidi túwíìtì nípa ojú tí àwọn ènìyàn Pakistan fi wo ẹgbẹ́ Abódiakọ-akọ́diabo:,menyo20k,13
Wọ́n máa lè jẹ ogún àti ẹ̀tọ́ láti di ìbò.,menyo20k,10
"Ayàwòrán Ikọ̀ Afẹ́ Abódiakọ-akọ́diabo ni ó ní àṣẹ, a gba àṣẹ àtúnlò lọ́wọ́ọ rẹ̀.",menyo20k,14
Pakistan ti ń sún kẹ́rẹ́ ní ti ìgbé ayé Abódiakọ-akọ́diabo.,menyo20k,10
Díẹ̀ lára àwọn abódiakọ-akọ́diabo ènìyàn du ipò ìjọba nínú Ìbò ọdún 2018 fún ìgbà àkọ́kọ́.,menyo20k,15
Àsìkò yìí jẹ́ èyí tí ó le.,menyo20k,7
"Lóòótọ́ ni ìjìyà àwọn obìnrin, ó wà lóòótọ́.",menyo20k,8
Ó jẹ́ ìṣòro kan tí ó ti wà níbẹ̀ lẹ́nu ọ̀nà níwájú wa.,menyo20k,13
A fẹ́ àwùjọ tí ẹ̀rù àtijáde ò ti ní bà wá!,menyo20k,11
"""""""Ẹ yé é da ẹlòmíràn, ẹ jọ̀wọ́ a ò fẹ́ aláìṣòdodo aya mọ́.""",menyo20k,13
"Síbẹ̀síbẹ̀, ìdájọ́ òfin yìí kò le tó, ìtìmọ́lé ọdún méjì sí mẹ́jọ.",menyo20k,12
Ó ṣe pàtàkì kí a fi ọgbọ́n kún àwọn ọ̀rọ̀ náà pẹ̀lú ṣíṣe gidi.,menyo20k,14
Ẹ fi owó yín sí ibi tí ẹnu yín wà.,menyo20k,10
# ẹyéé pa àwọn obìnrin,menyo20k,5
Adágún omi Mekong. Àwòrán tí a mú láti Ibùdó-ìtàkùn-àgbáyé iṣẹ́ Ìtàn Àwọn Ènìyàn.,menyo20k,13
"Toshiyuki Doi, olùdámọ̀ràn àgbà fún Mekong Watch, ní èyí láti sọ:",menyo20k,11
Àlọ́ náà dá lóríi òwìwí tí kò ríran ní ọ̀sán nítorí ó yan àgbọ̀nrín jẹ.,menyo20k,15
"Níbi ìdánilẹ́kọ̀ọ́ kan, a bi àwọn èwe tí ó kópa:",menyo20k,10
"""""""Irúfẹ́ ẹranko wo ni a bá nínú àlọ́ náà?,""""""",menyo20k,9
"""""""Ǹjẹ́ a lè rí àwọn ẹranko wọ̀nyí ní abúlée yín bí?,"""" àti""",menyo20k,12
"Ní ìgbà kan, ológun kan wọ inú igbó iwin kan.",menyo20k,10
Ó ṣe alábàápàdé ọ̀pọ̀lọpọ̀ ewé kátabá níbẹ̀ ó sì ṣẹ́ wọn.,menyo20k,11
Ó wá ọ̀nà títí kò rí.,menyo20k,6
"Wéré tí ó sọ ọ́ sílẹ̀, logan ni ó rí ọ̀nà ní iwájúu rẹ̀.",menyo20k,14
"Àwòrán láti ọwọ́ọ Mekong Watch, a lò ó pẹ̀lú àṣẹ.",menyo20k,10
Àwọn òǹdíje sí ipò ààrẹ Nàìjíríà ọdún 2019 [Àkópọ̀ àwòrán láti ọwọ́ọ Nwachukwu Egbunike].,menyo20k,14
"Muhammad Buhari, Ààrẹ orílẹ̀-èdè Nàìjíríà. Creative Commons.",menyo20k,7
Atiku Abubakar [Àwòrán Ibùdó-ìtàkùn-àgbáyé Ilé-iṣẹ́ ìpolongo].,menyo20k,6
Abubakar ni igbá-kejì ààrẹ ìgbà kan àti òǹdíje lábẹ́ àsíá PDP.,menyo20k,11
Ó ti gbìyànjú sẹ́yìn láti di ààrẹ àmọ́ orí kò ṣe ní oore.,menyo20k,13
Àwọn mìíràn tí ó ní ìrètí sí ipò ààrẹ Nàìjíríà ni:,menyo20k,11
Oby Ezekwesili [Àwòrán tí àwọn alágbèékalẹ̀ ìpolongo tari síta],menyo20k,9
Ó jẹ́ ọ̀kan lára olùdásílẹ̀ Ìpolongo #BringBackOurGirls (BBOG).,menyo20k,8
Kingsley Moghalu [Àwòrán láti ibùdó ìpolongo].,menyo20k,6
Moghalu ti ṣiṣẹ́ rí ní United Nations láti ọdún 1992 sí 2008.,menyo20k,12
Òun ni òǹdíje ní abẹ́ àsíá Ẹgbẹ́ Olóṣèlú Ìtẹ̀síwájú Ọ̀dọ́ - YPP.,menyo20k,12
"Ọmọ́yẹlé Sowóre [Àwòrán ìfọ̀rọ̀wánilẹ́nuwò ní orí CNBCAfrica, ní ọjọ́ 13, oṣù Ọ̀pẹ, ọdún 2018].",menyo20k,14
"Sowore ni olùdásílẹ̀ àti atẹ̀wéjáde SaharaReporters (SR), ilé-iṣẹ́ oníròyìn aṣèwádìí orí-ayélujára.",menyo20k,11
SR ni à ń pè ní Wikileaks Ilé Adúláwọ̀.,menyo20k,9
Ajà-fún-ẹ̀tọ́-ọmọnìyàn yìí ń jáde lábẹ́ àsíá African Action Congress.,menyo20k,9
Buhari àti Abubakar ni afigagbága ìdíje ìbò aré yìí.,menyo20k,9
Àwọn méjèèjì ti ń figagbága nínú ìbò Nàìjíríà ní ọjọ́ tí ó ti pẹ́.,menyo20k,14
Ètò ìgbógunti ìwà àjẹbánu rẹ̀ fì sí ẹ̀gbẹ́ kan.,menyo20k,9
"Bíótiwùkíórí, ó ní láti bá agbára ìwàlóríoyè afigagbága rẹ̀ takọ̀ngbọ̀n.",menyo20k,10
"Ìwé orin, ìwé àti àpò-àpawómọ́-ìléwọ́ ni wọ́n rí nínú àpò-àgbékọ́yìn-in rẹ̀.",menyo20k,11
"Tẹ́lẹ̀ rí, ó ṣiṣẹ́ ní Belgrade Atelje 212.",menyo20k,8
"Lẹ́yìn ọdún 77, èyí [èrò ìyàsọ́tọ̀] ò tí ì kúrò ní ìrònúu wa.",menyo20k,13
Ohun ìtìjú! Àtìlẹyìn fún obìnrin gidi àti òṣèré yìí @NatasaTasicKnez.,menyo20k,10
A ní láti ṣiṣẹ́ pọ̀ láti yí i padà!,menyo20k,9
"""Lórí ìtàgé ni eré tí ó kàn-án wà, àwọn DJ àti wọn ń kọ """"Savannah""""""",menyo20k,15
"""Ṣùgbọ́n nígbà tí àwọn jàndùkú dé, wọ́n sún láti """"Savannah"""" sí """"Kingdom""""""",menyo20k,12
Àtẹ̀jáde náà mú ìfura dání bóyá ìjà tòótọ́ ni tàbí ète lásán-làsàn:,menyo20k,12
"""Ìfigagbága àwọn akọrin wọ̀nyí ni a mọ̀ sí """"picong.""""""",menyo20k,9
Àwọn olólùfẹ́ẹ Soca kò le è béèrè ju bẹ́hẹ̀ lọ.,menyo20k,10
"Spiny Babbler, ẹyẹ orílẹ̀-èdè Nepal, fa àwọn onímọ̀-nípa-ẹyẹ àti olólùfẹ́ ẹyẹ mọ́ra",menyo20k,12
Ìwée nì The Status of Nepal's Birds: The National Red List Series sọ wípé:,menyo20k,14
Àwọn ọ̀gágun ajagun fẹ̀yìntì orílẹ̀-èdè Nàìjíríà wọ̀yáàjà láti nípa lórí ètò ìdìbò ọdún-un 2019,menyo20k,14
"Olúṣẹ́gun Ọbásanjọ́, Ààrẹ àná orílẹ̀-èdè Nàìjíríà.",menyo20k,6
Àworan Ìkápá Gbogboògbò láti ẹ̀ka ìjọba US.,menyo20k,7
Ọ̀gágun tí ó ti jagun fẹ̀yìntì kì í sinmi ní orílẹ̀-èdè Nàìjíríà,menyo20k,12
Òwìwí kan kọ̀ kò kúrò nínú ilé ìgbìmọ̀ ìjọba Tanzania. Àmìi kí ni èyí?,menyo20k,14
"""Gbàgede Nyerere Square ní Dodoma, olú-ìlú orílẹ̀-èdè Tanzania, àti ilé ìgbìmọ̀ aṣòfin, """"Bunge.""""""",menyo20k,13
"Àwòrán láti ọwọ́ọ Pernille Bærendtsen, a lò ó pẹ̀lú àṣẹ.",menyo20k,10
"""""""Àmì burúkú?"""" ìwé ìròyìn ẹkùn-ìlú ọlọ́sẹ̀ọ̀sẹ̀, Ìlà-oòrùn Afrika, dá ìmọ̀ràn.""",menyo20k,10
"Akọbúlọ́ọ̀gù ọmọ Gẹ̀ẹ́sì àti onímọ̀ kíkún nípa iṣẹ́ ìròyìn, Ben Taylor, sọ síwájú sí i:",menyo20k,15
"Àwòrán-ẹ̀fẹ̀ láti ọwọ́ọ Samuel Mwamkinga (Joune), a lòó pẹ̀lú àṣẹ.",menyo20k,10
Èyí jásí wípé kò sí ìbẹ̀rù.,menyo20k,6
Yíyọ-eyín onídàájọ́ àti ìdọ́gba lábẹ́ òfin,menyo20k,6
Ẹ̀sùn àìbìkítà àti ìṣowó-ìlú-mọ́kumọ̀ku ni a fi kan Onnoghen.,menyo20k,9
Ìdádúróo Onnoghen ta ìpá sí òfin Orílẹ̀-èdè Nàìjíríà ọdún-un 1999 fún ìyọkúrò àwọn adájọ́ .,menyo20k,15
Ààrẹ orílẹ̀-èdè Nàìjíríà Muhammadu Buhari kò tẹ̀lé àwọn àlàálẹ̀ wọ̀nyí.,menyo20k,10
"Ìwà ìfagbáraṣèjọba ni ààrẹ hù, bẹ́ẹ̀ ni kò sì bá òfin mú.",menyo20k,12
"Ìwà àkóso ìjọba fàmílétèntutọ́, tí ìwé òfin lè di ìfọwọ́rọ́tìsẹ́gbẹ̀ẹ́...",menyo20k,10
Ìjọba orílẹ̀-èdè Amẹ́ríkà àti United Kingdom náà sọ̀rọ̀ òdì sí ìdìgbòlùu àjọ onídàájọ́.,menyo20k,13
"Ní oríi gbàgede ẹ̀rọ-alátagbà Twitter, àwọn ènìyàn ń sọ.",menyo20k,9
"""Ìgbógunti ọ̀rọ̀ ìkórìíra ni gbólóhùn tuntun """"ààbò orílẹ̀-èdè""""""",menyo20k,8
Ẹ̀rọ-alátagbà àti ìbò orílẹ̀-èdè Nàìjíríà,menyo20k,5
‪Ta ni yóò jáwé olúborí nínú Ayẹyẹ ijó ìta-gbangba orílẹ̀-èdè Trinidad àti Tobago ọdún-un 2019?‬,menyo20k,15
"Àwòrán láti ọwọ́ọ Georgia Popplewell, a lò ó pẹ̀lú àṣẹ.",menyo20k,10
Àmọ́ kí ẹnikẹ́ni máà rò wípé iṣẹ́ ọpọlọ nìkan ni ìrìnàjò sí Ìwọ́de Ojúnà.,menyo20k,14
3. Orin tí a gbé jáde ní ìgbà tí ó yẹ.,menyo20k,11
"""1. """"Savannah Grass"""" láti ọwọ́ọ Kes""",menyo20k,6
"""""""Savannah Grass"""" jẹ́ ìpè sí ìrírí idán ayée àjọ̀dún yìí.""",menyo20k,10
"""2. """"Rag Storm"""" láti ọwọ́ọ Super Blue, pẹ̀lú àjọṣepọ̀ 3 Canal""",menyo20k,11
"""3. """"Famalay"""" lọ́wọ́ọ Machel Montano, Bunji Garlin àti Skinny Fabulous""",menyo20k,10
Famalay kì í bẹ̀rù láyé láti tì ọ́ lẹ́yìn ní ìgbà gbogbo...,menyo20k,12
"Òpópónà Ilé-ìsìn òrìṣà, Yau Ma Tei, Hong Kong. ÀWÒRÁN: David Yan (CC BY 2.0)",menyo20k,14
"Oníṣẹ́ ìlú ni àwọn amọ̀nà, olùkọ́, oníṣègùn àti àwọn onímọ̀ mìíràn.",menyo20k,11
Ní ìsàlẹ̀ ni àwòrán-eré ránpẹ́ ìrìnàjò afẹ́ ọdún-un 2017 ní oríi YouTube:,menyo20k,12
"Ó súnmọ́, síbẹ̀ ó jìnà",menyo20k,5
Àìmọye àwọn ènìyàn tí ó wà nínú ìrìnàjò afẹ́ náà jẹ́ àgbàlagbà.,menyo20k,12
Ẹgbẹ̀rún 150 àwọn ènìyàn wọ̀nyí ni ó ń dá gbé.,menyo20k,10
"Lọ́wọ́lọ́wọ́ báyìí, owó oṣù tí ó kéré jù lọ nínú tó HK$16,800 (US$2,200) dollars.",menyo20k,14
Ẹ̀bùn ni ó yẹ kí ọbẹ̀ náà jẹ́ fún ẹ̀gbọ́n náà.,menyo20k,11
Ìpànìyàn mìíràn wáyé ní ilé ìtaja-ohun-èlò-inú-ilé.,menyo20k,6
Ẹ̀rọ-ayàwòrán amóhùnmáwòrán ká ìṣẹ̀lẹ̀ náà sílẹ̀.,menyo20k,6
Ọ̀pọ̀ àwọn arìnrìn-àjò afẹ́ jẹ́ akẹ́kọ̀ọ́ ilé-ẹ̀kọ́ gíga.,menyo20k,8
Oníṣègùn kan tí í ṣe ikọ̀ òṣìṣẹ́ ìlera tí ó ṣe ìrìnàjò náà sọ wípé:,menyo20k,15
Iṣẹ́ẹ gbogbo wa ni láti dóòlà ẹ̀míi wọn ní yàráa pàjàwìrì.,menyo20k,11
Àmọ́ wọ́n máa ń kanra nígbà mìíràn.,menyo20k,7
"Àti pé ayé ìrora ni wọ́n ń gbé, wọ́n sì ń tiraka láti gbé.",menyo20k,14
"Onírúurú ikú ni yóò pa gbogbo àwọn olùgbée 20,000 Yau Ma Tei.",menyo20k,12
Ìrìnàjò yìí ń lépa láti pèsè àyè fún àwọn òjìjí láti sọ ìtàn ara wọn.,menyo20k,15
Ohun tí ó ń fa ikú ni ìbàjẹ́ ọkàn tí a ò wò sàn.,menyo20k,14
"Ìbàjẹ́ ọkàn ní ìwòsàn, a sì lè dènà ìpànìyàn.",menyo20k,9
Lọ sí Befrienders.org fún ojú òpó ìbánisọ̀rọ̀ ìdènà ìparaẹni ní orílẹ̀-èdèe rẹ.,menyo20k,12
Ìfọ̀rọ̀wọ́rọ̀ Ààrẹ Ilham Aliyev àti amóhùnmáwòran REAL TV ní Oṣù Èrèlé 12.,menyo20k,12
Àpá àwòrán wá láti REAL TV ẹ̀rọ-alátagbà YouTube channel.,menyo20k,9
Ìdáhùn sí ìbéèrè yìí kọyọyọ ní Azerbaijan.,menyo20k,7
"Ní ìgbẹ̀yìn-gbẹ́yín, ìfọ̀rọ̀-wáni-lẹ́nuwò ọ̀hún jẹ́ àkọ́ṣe tí ó kọyọyọ.",menyo20k,9
"Ìfọ̀rọ̀wánilẹ́nuwo Ààrẹ Ilham Aliyev's pẹ̀lú REAL TV ní ọjọ́ 12, oṣù Èrèlé.",menyo20k,12
Àwòrán láti orí ẹ̀rọ-alátagbà YouTube ti REAL TV.,menyo20k,8
A kò rí ohun tuntun kan gbámu.,menyo20k,7
Mo wo ìtàkùrọsọ àkọ́kọ́ tí Ilham Aliyev ṣe pẹ̀lú oníròyìn ilẹ̀ yìí kan.,menyo20k,13
Nítorí pé a ti ń fún un l'ésì fún ọdún pípẹ́.,menyo20k,11
Kò sí hóró òótọ́ kán nínú ìtàkùrọsọ ọ̀hún.,menyo20k,8
"""Ààrẹ àti oníròyìn ọ̀hún rán mi l'étí nípa """"ọkọ̀ tó léfòó lórí irọ́ .""""""",menyo20k,14
Ní àkótán: ara ò rọ ìjọba!,menyo20k,6
"Habib Muntazir, aládàádúró oníròyìn kan fi ẹ̀dùn ọkàn-an rẹ̀ hàn pé ìtàkùrọsọ ọ̀hún kò gbóòkàn:",menyo20k,15
"""Nǹkan kan ṣo tí mo gbọ́ ni """"Ìyá àgbà Saray.""""""",menyo20k,10
Ilham Aliyev pàdé Ìyá àgbà Saray. Àwòrán láti qafkaz.info.,menyo20k,9
Gbogbo obìnrin Azerbaijan ni ó fẹ́ fi ìwà jọ ìyá àgbà Saray.,menyo20k,12
Ìyá àgbà Saray ní ìfọkàntẹ̀ pé ìjọba yóò dúró tì òun.,menyo20k,11
Àwọn ọmọ ilẹ̀ wa á máa mú ìwúrí báni.,menyo20k,9
Ó wà nínú ìṣòro; ilée rẹ̀ ti wó.,menyo20k,8
Ó jọ pé kò mọ̀ pé ẹnìkan yóò wá ṣe ìrànwọ́ fún òun.,menyo20k,13
"Nítorí pé, òfé lásán ni olùbéèrè Mirshahin Aghayev àti ìbéèrè rẹ̀.",menyo20k,11
Àdéhùn wọn kò wúlò fún wa mọ́.,menyo20k,7
Èké àti irọ́ wọn ti sú àwọn èèyàn.,menyo20k,8
Àwọn ará ìlú ń fẹ́ ohun tuntun àti àtúntò tòótọ́.,menyo20k,10
"Ó rò pé, Beijing ló yẹ á bá wí.",menyo20k,9
Àwòrán wá láti ọwọ́ọ Chemi Lhamo láti ìbáwọlé The Stand News.,menyo20k,11
Zhao Yunlin ni ó tú ìmọ̀ọ rẹ̀ sí èdèe Gẹ̀ẹ́sì.,menyo20k,10
Wọn rọ àwọn aláṣẹ ilé-ìwé ọ̀hún láti yọ ọ́ kúrò l'órí òye náà.,menyo20k,13
"Ìgbìmọ̀ akẹ́kọ̀ọ́ sì ti ti ìyàrá ìpàdée wọn pa fún ìgbà díẹ̀, nítorí ọ̀rọ̀ àbò.",menyo20k,15
Chemi Lhamo ti jẹ́ ajàjàǹgbara akẹ́kọ̀ọ́ fún ọdún mélòó kan.,menyo20k,10
"""Nígbàkúùgbà tí wọ́n bá bí mí léèrè pé: """"Ibo lo ti wá?""""""",menyo20k,12
N ò mọ̀ bóyá ojú ń tì í ni tàbí ẹ̀rí ọkàn ń jẹ́ ẹ.,menyo20k,15
"Ní ìgbà yẹn, Lhamo jẹ́ ọmọ ọdún 12.",menyo20k,8
Àfilé iye owó fún gbígba ìwé ẹ̀rí ọmọ-ìlú-fún-ìrìnnà mú àwọn ọmọ Angola fi ẹ̀hónú hàn,menyo20k,15
"""Ní ibi ìfẹ̀hónúhàn ní Luanda, àmì náà sọ pé """"30.500 Kwanzas kì í ṣe kékeré.""""""",menyo20k,15
"Àwòrán láti ọwọ́ọ Fernando Gomes, a gba àṣẹ láti lò ó.",menyo20k,11
2500 kwanzas (owó dollar orílẹ̀-èdè US mẹ́jọ) ni ó jẹ́ tẹ́lẹ̀tẹ́lẹ̀.,menyo20k,11
Àfilé iye owó náà ti dá awuyewuye sílẹ̀.,menyo20k,8
Ìfẹ̀hónúhàn ní Luanda (ọjọ́ kẹrin oṣù Èrèlé).,menyo20k,7
"Àwòrán láti ọwọ́ọ Simão Rossi, a lò ó pẹ̀lú àṣẹ.",menyo20k,10
OBS: Ìwé ìdánimọ̀ pélébé (B.I) wúlò gẹ́gẹ́ bí àmì ìdánimọ̀ ní àárín ìlú Angola.,menyo20k,14
Kí ni ẹ fi ṣe ohùn àwọn mẹ̀kúnnù?,menyo20k,8
Àyájọ́ Ọjọ́ Òmìnira ní Trinidad àti Tobago - àmọ́ ǹjẹ́ orílẹ̀-èdè náà ní òmìnira bí?,menyo20k,15
"Alága Ìgbìmọ̀ Àtìlẹ́yìn Òmìnira ti orílẹ̀-èdè náà, Khafra Khambon, gbà.",menyo20k,10
Ó rọrùn fún ẹgbẹ́ tí ó dúró ṣinṣin láti dá ètòo ẹlẹ́yàmẹyà àti ìtẹ̀bọlẹ̀.,menyo20k,14
"Gbogbo ètò ni ó ní òṣùwọ̀n, tí ó ṣì jìnà gbégbérégbé sí òkè.",menyo20k,13
Àwọn òǹlò ẹ̀rọ-alátagbà sọ ti wọn. Òǹlò Facebook Adrian Raymond sọ:,menyo20k,11
"Olórí ni wa, aronújinlẹ̀ ni wa, ọlọ́pọlọ pípé ni wa, onímọ̀ ni wa.",menyo20k,13
"""Ẹ jẹ́ ká ṣ""""àjọyọ̀ àtúnrí àwọn ìgbàgbọ́ọ wa.""",menyo20k,8
"Gbá iyìi rẹ̀ mú, àṣàà rẹ, àti ìdánimọ̀ọ rẹ.",menyo20k,9
Àwọn ọmọ Bangladeshi lo ẹ̀rọ-alátagbà fi gbógun ti àjàkálẹ̀ àìsàn ibà-ẹ̀fọn,menyo20k,11
"""Ọ̀gọ̀rọ̀ l""""ó ń d'orí kọ ẹ̀rọ-alátagbà lọ láti gba ẹ̀jẹ̀""",menyo20k,10
"Ẹ̀fọn Aedes albopictus, tí ó máa ń gbé kòkòrò ibà ká.",menyo20k,11
"Àwòrán láti oríi Wikipedia, James Gathany, CDC ni ó ni àwòrán, àwòrán Òde.",menyo20k,13
"Ibà-ẹ̀fọn ti ọdún yìí jẹ́ tuntun, ó sì yára pa ènìyàn.",menyo20k,11
Ó sì ń fa àmì ìfòyà.,menyo20k,6
"Bí ó bá tún tẹ̀ wọ́n ní ẹ̀rìn kejì, sààárè ń sún mọ́ nìyẹn.",menyo20k,14
Shofiq Ahmed pín Túwíìtì kan nípa ìròyìn àìsàn tuntun:,menyo20k,9
Ilé-ẹjọ́ Gíga Dhaka ti fi àṣẹ pe Ọ̀gá Àgbà Ètò Ìlera ti ìjọba.,menyo20k,13
Àwọn tí ó ń kú nh pọ̀ ọ́ sí i.,menyo20k,10
Ǹjẹ́ ìjọbá ń ṣe tó?,menyo20k,5
Òǹlò Mohammad Mynuddin jábọ̀ ìfàsẹ́yìn láti ọwọ́ àwọn òṣìṣẹ́ ìjọba láti kápá àjàkálẹ̀ náà:,menyo20k,14
A ò tíì rí nǹkan.,menyo20k,5
Ó yà mí lẹ́nu 🤔🤔,menyo20k,5
"""Ọ̀gọ̀rọ̀ l""""ó ń d'orí kọ ẹ̀rọ-alátagbà lọ láti gba ẹ̀jẹ̀ fún àwọn aláìsàn.""",menyo20k,13
Hannan Gazi náà se àgbéjáde tirẹ̀:,menyo20k,6
"Síbẹ̀síbẹ̀, fún ìdáààbò àwọn ènìyàn, ṣíṣe ṣì kú.",menyo20k,8
Àdàwólulẹ̀ ilé ayé-àtijọ́ ọlọ́dún-un 150 fi àìkáràmáìsìkí ìjọba sí àwọn ibi àjogúnbáa Bangladesh hàn,menyo20k,14
Ilé àjogúnbá náà di àwópalẹ̀ pẹ̀lú bí Ilé-ẹjọ́ Gíga ṣe pa àṣẹ.,menyo20k,12
"""Ẹgẹrẹmìtì """"Jahaj Bari"""" kí ó tó di àdàwólulẹ̀.""",menyo20k,8
Jahaj Bari wà nínú àwọn ilé àkọ́pọ̀ Waqf (mortmain) tí kò ṣe é tà.,menyo20k,14
"Nínú oṣùu Ẹrẹ́nà ọdún-un 2019, a gbé ìgbésẹ̀ kan láti da ilé náà wó lulẹ̀.",menyo20k,15
Àjogúnbá Ìṣẹ̀lẹ̀ Àtẹ̀yìnwá - ọ̀rọ̀ tí ò jẹ́ mọ́ nǹkan,menyo20k,10
Shuvra Kar kọ sí oríi Facebook:,menyo20k,6
"Àjogúnbá , ìtàn-ìṣẹ̀lẹ̀-àtẹ̀yìnwá, àṣá jẹ́ ọ̀rọ̀ tí kò já mọ́ nǹkan ní orílẹ̀-èdè yìí!",menyo20k,14
Iṣẹ́ ọnà aláràbarà ti orí òrùlé ibi ìbojúwòta gígùn.,menyo20k,9
Àwọn òpó ní àwòṣe ọnà ilée ionic àti Corinthian.,menyo20k,9
"Fún ìdí èyí, kò yẹ kí ilé náà di àdàwólulẹ̀.",menyo20k,10
"Ọdún-un 1610 ni Dhaka di olú-ìlúu Bengal, ìyẹn ogójì ọdún sẹ́yìn.",menyo20k,11
Àmọ́ púpọ̀ nínú àwọn ilé wọ̀nyí ni ó ti wó láti ọjọ́ pípẹ́.,menyo20k,13
Ragib Hassan ni ó ní àwòrán ní oríi Wikipedia. CC BY 2.5,menyo20k,12
Muntasir Mamun ti kọ àìmọye ìwé lóríi ìtàn-ìṣẹ̀lẹ̀-àtẹ̀yìnwá àti àjogúnbá ìlúu Dhaka.,menyo20k,12
Ó kọ sínú ìwé ìròyìn ìbílẹ̀ẹ Bhorer Kagoj:,menyo20k,8
Ṣùgbọ́n kò sí ẹni tí ó dá mi lóhùn.,menyo20k,9
Báwo ni a ó ṣe dojú ìjà kọ ìwà òmùgọ̀?,menyo20k,10
Ilé tí ó wà ní ipò.14 ní orí ìwé àkọsílẹ̀ àjogúnbá ti di wíwó.,menyo20k,14
Àwòrán ìsàlẹ̀ yìí ni àwọn ilé àjogúnbáa Bangladeshi tí àdàwólulẹ̀ ń bá:,menyo20k,12
"Aàfin Nimtali, òun ni ibùgbé Gómìnà Dhaka ní ayée Ìjọba Mughal.",menyo20k,11
Ìloro àbáwọlé ìwọ̀-oòrùn-un ààfin náà nìkan ló ṣì ń dúró.,menyo20k,10
"Àwòrán láti ọwọ́ọ Shakil Ahmed, a lò ó pẹlú àṣẹ.",menyo20k,10
ShankhaNidh Èyí ni ilé ọgọ́rùn-ún ọdún sẹ́yìn mìíràn ní Dhaka.,menyo20k,10
"Láìsí àmójútó, ilé yìí ṣì dúró.",menyo20k,6
Àwòrán láti ọwọ́ọ Shakil Ahmed. A lò ó pẹlú àṣẹ.,menyo20k,10
Ilé yìí ṣì ń dúró lónìí.,menyo20k,6
Oríi Wikipedia ni àwòrán yìí wà. Ojú Òde,menyo20k,8
Àwọn ìgòo Baijiu ń ṣe ìrántí ìpànìyànnípakúpa Tiananmen náà.,menyo20k,9
Ohùn Àgbáyé ṣe ẹ̀dàa ìròyìn náà ní abẹ́ ìtọwọ́bọ̀wé àjọṣe pọ̀ ìkóròyìnjọ.,menyo20k,12
"""Orúkọ tí a pe ọtí-líle náà ni """"8 wine 64.""""""",menyo20k,10
Ọ̀kọ̀ọ̀kan wọn gba ìdájọ́ ìgbà ọdún mẹ́ta ní ẹ̀wọ̀n pẹ̀lú ìdádúró ọdún mẹ́rin sí márùn-ún.,menyo20k,15
"Nítorí pé Chen kò gbà wípé òun dá ẹ̀ṣẹ̀, ó sì wà lábẹ́ẹ ṣìgún òfin.",menyo20k,15
"Pẹ̀lú ìdádúró ìránlẹ́wọ̀n, àwọn mẹ́tẹ̀ẹ̀ta ṣì wà lábẹ́ ìṣọ́:",menyo20k,9
"Àwọn kan tẹ̀lée padà sílé, wọ́n sì ya àwòrán nínú ilée wọn.",menyo20k,12
"Wọ́n tún ṣe bẹ́ẹ̀, wọ́n mú okùn ìkòkò ìse-ìrẹsì.",menyo20k,9
Oṣù tí ó ń bọ̀ ni ó sààmì ọgbọ̀n ọdún tí ìpaninípakúpa Tiananmen Square wáyé.,menyo20k,15
Ojúṣe láti ṣe ìrántí: ọgbọ̀n ọdún lẹ́yìn Tiananmen,menyo20k,8
"Filip Noubel ni ó ya àwòrán èyí, a fi àṣẹ lò ó.",menyo20k,12
Ohùn Àgbáyé ti ń jábọ̀ ìròyìn lórí ìṣẹ̀lẹ̀ yìí fún ọdún mẹ́wàá.,menyo20k,12
"Irú ìpalẹ́numọ́ onísànánjúpa Beijing báwọ̀nyí ti ń kárí ayé, títí kan Hong Kong.",menyo20k,13
"""""""Ohùn-un Jamaica fún Àyípadà Ojú-ọjọ́"""" fi orin jíṣẹ́ẹ wọn""",menyo20k,9
"Àwòrán-an Emma Lewis, pẹ̀lú àṣẹ ni a fi lò ó.",menyo20k,10
"Níbẹ̀, wọ́n fi ẹ̀kọ́ kún ẹ̀kọ́ ìmọ̀ ìtàkùrọ̀sọ àti kọ́ nípa ipa àyípadà ojú-ọjọ́.",menyo20k,14
"Ọ̀rọ̀ orin tí ó lágbára gbérí, ọgbọ́n ń tayọ àti ìrìnàjò ìṣíjú ojú ẹsẹ̀:",menyo20k,14
Ìyá Ilẹ̀-ayé ń ké tantan,menyo20k,5
"Wo òkúta ìsàlẹ̀ òkun, wo ẹja bí ó ṣe kéré",menyo20k,10
"Fún wọn ní àsìkò, jẹ́ kí wọ́n dàgbà àti ga",menyo20k,10
"Àwòrán-an Emma Lewis, a lò ó pẹ̀lú àṣẹ.",menyo20k,8
"Bí àwọn iléeṣẹ́ ṣe ń ṣiṣẹ́, ìyá ń ké.",menyo20k,9
"Ìgbà wo ni a óò kọ́ ẹ̀kọ́, tí a ó fi gbọ́n?",menyo20k,12
"Bí omi-dídì ilé ayé ṣe ń yọ́, òkun ń kún.",menyo20k,10
"Pẹ̀lú ìdásílẹ̀ àwọn akọ̀ròyìn-in Reuters, ẹ̀ṣẹ̀ ní òmìnira ọ̀rọ̀ sísọ ṣì jẹ́ ní Myanmar",menyo20k,14
Ka àwọn ọ̀ràn ìsàlẹ̀ yìí síwájú:,menyo20k,6
Èsì tí U Ye Ni fún àwọn ọmọ ajagun rè é:,menyo20k,11
Ó ká mi lára nípé iṣẹ́ẹ wa kò yé ikọ̀ ajagun yékéyéké.,menyo20k,12
Àjọṣepọ̀ tí ó dán mọ́nrán ń bẹ ní àárín-in Ohùn Àgbáyé àti Irrawaddy.,menyo20k,13
"Ọ̀kan lára ẹni tí a fi ẹ̀sùn kàn, Zeyar Lwin, sọ pé:",menyo20k,12
"""""""Kò yẹ kí wọ́n di èrò ẹ̀wọ̀n ní ìbẹ̀rẹ̀.""""""",menyo20k,9
"Àwòrán: Pedro Biava, tí a fi àṣẹ lò.",menyo20k,8
"Ariwo ọkọ̀ ojú irin náà, tí ó máa ń gbalẹ̀ kan títí lálẹ́.",menyo20k,13
A kò ní alẹ́ àìláriwo.,menyo20k,5
"Àwòrán: Pedro Biava, pẹ̀lú àṣẹ ni a fi lò ó.",menyo20k,10
"Ìjọba Tanzania fi Ajìjàgbara Ọmọ Orílẹ̀-èdèe Uganda sí àtìmọ́lé, wọ́n sì lé e kúrò nílùú",menyo20k,15
Dókítà Wairagala Wakabi [Àwòrán láti CIPESA tí a fi àṣẹ lò],menyo20k,11
"Ní ọdún-un 2015, Orílẹ̀èdè Olómìnira Ìṣọ̀kan Tanzania kéde Ìgbésẹ̀ Ìrúfin Orí Ẹ̀rọ Ayélujára.",menyo20k,13
Èyí mú kí ọ̀pọ̀lọpọ̀ búlọ́ọ̀gù aládàádúró ó wọ òkùnkùn.,menyo20k,9
Oníròyìn Orí ẹ̀rọ-alátagbà Luis Carlos Diaz di àwátì ní Venezuela,menyo20k,10
"""""""Níbo ni Luis Carlos wà?""""""",menyo20k,5
Àwòrán ìpolongo orí ayélujára tí Provea taari síta.,menyo20k,8
- Kò sí ní ilé iṣẹ́ ìgbóhùnsáfẹ́fẹ́ náà,menyo20k,8
- Kò gbé ìpèe rẹ̀,menyo20k,5
- Kò fèsì sí àtẹ̀jíṣẹ́ tàbí iṣẹ́-ìjẹ́ oríi WhatsApp,menyo20k,9
Kò sí èdè yìí lorí Kolibri,menyo20k,6
"Má bínú, ìlujá ìwádìí tí ò ń lò kò lè ṣiṣẹ́.",menyo20k,11
"Láti lo Kolibri, a dàbá pé kí o lo Firefox tàbí Chrome.",menyo20k,12
O tún lè gbìyànjú láti lo ìlujá ìwádìí tuntun.,menyo20k,9
Gba àṣẹ lọ́wọ́ aṣèdá OpenID,menyo20k,5
Ọ̀rọ̀ aṣínà rẹ ti yí padà.,menyo20k,6
Àwọn ìgbàláàyè tí ó mọ ní iba,menyo20k,7
Ṣàkóso àwọn ìgbàláàyè ohun èlò,menyo20k,5
Àwọn alákòóso láǹfààní láti lò o.,menyo20k,6
Fífi ìwífún yìí sílẹ̀ kò pọn dandan,menyo20k,7
A mú ọ jáde láìròtẹ́lẹ̀ nítorí o kò ṣe iṣẹ́ kankan,menyo20k,11
Fi ààyè gba ẹnikẹ́ni láti ṣẹ̀dá ìṣàmúlò akẹ́kọ̀ọ́ tiwọn?,menyo20k,9
Rárá. Àwọn alákòóso gbọdọ̀ ṣẹ̀dá gbogbo ìṣàmúlò,menyo20k,7
Àwọn ilé-ẹ̀kọ́ àti ohun tí ó jẹ mọ́ ìkẹ́kọ̀ọ́ mìíràn,menyo20k,10
Ń ṣàfihàn àwọn akọ́ni tí a kò yàn sí yàrá ìkẹ́kọ̀ọ́ yìí,menyo20k,12
Ìṣoro wáyẹ́ ní àkókò ìkórajọ àwọn ààtò rẹ,menyo20k,8
Ìṣoro wáyé ní ìgbà ìṣafipamọ́ àwọn ààtò rẹ,menyo20k,8
Àfikún ti bá àwọn ohun èlò,menyo20k,6
Ṣé ó dá ọ lójú pé o fẹ́ ṣe àtúnṣe sí ààtò ìṣiṣẹ́ rẹ?,menyo20k,14
Wà á pàdánù àwọn àyípadà tí o ti ṣe.,menyo20k,9
Àpàpọ̀ àkókò/ìtẹ̀síwájú fún ọ̀kọ̀ọ̀kan àwọn ohun àmúlò,menyo20k,7
Ibi ìpamọ́ ìwífún-alálàyé ti Kolibri,menyo20k,5
Tẹ àmì iṣẹ́ àkànṣe láti orí Ibi Ìpamọ́ Ìwífún-alálàyé Kolibri sílẹ̀,menyo20k,11
O lè lò ó bí o bá rí àyè sí Ibi Ìpamọ́ Ìwífún-alálàyé Kolibri.,menyo20k,14
Forúkọsílẹ̀ sórí 'Ibi Ìpamọ́ Ìwífún-alálàyé ti Kolibri',menyo20k,7
Nípa pípésè àmì ìdánimọ̀ tàbí òǹkà ìdánimọ̀,menyo20k,7
Àwon àpẹẹrẹ: òǹkà ìdánimọ̀ akẹ́kọ̀ọ́ kan tàbí òǹkà ìdánimọ̀ òǹṣàmúlò tí ó wà tẹ́lẹ̀.,menyo20k,14
Àfo yìí pọn dandan láti fi ọ̀rọ̀ sílẹ̀ sí,menyo20k,9
O kò lè lò ó fi ṣe iṣẹ́ mìíràn tàbí fún òwò ṣíṣe.,menyo20k,13
"O lè tún ohun àmúlò yìí fún ohunkóhun, àti fún ìṣòwò.",menyo20k,11
Ohun àmúlò yìí kò pa ààlà fún ìlò rẹ̀ lábẹ́ òfin àṣẹ-ẹ̀dà.,menyo20k,12
Ohun àmúlò yìí ní àkàndá àṣẹ.,menyo20k,6
Kàn sí ẹni tí ó ni àṣẹ-ẹ̀dà fún àpèjúwe ohun tí o lè fi ṣe.,menyo20k,15
Èyí ni àṣẹ tí ó fi àyè gbani púpọ̀ jùlọ nínú àwọn àṣẹ Creative Commons.,menyo20k,15
Aṣẹ yìí jẹ́ eyìí tí o ni ìkálọ́wọ́kò julọ ninún awọ́n àṣẹ Creative Commons mẹ́fẹ̀ẹ̀fà.,menyo20k,15
Ṣùgbọ́n ẹnìkẹnì kì yo ṣàyípadà rẹ̀ rárá tàbí lò ó fún ìpolówó ọjà kankan.,menyo20k,14
Ohun àmúlò yìí kò ní ìkánilọ́wọ́kò lábẹ́ òfin àṣẹ-ẹ̀dà.,menyo20k,9
"Creative Commons: ìgbòṣùbà, kìí ṣe ti ìṣòwò",menyo20k,7
"Creative Commons: ìgbòṣùbà, kìí ṣe ti ìṣòwò, kò sí àwòṣe",menyo20k,10
"Creative Commons: ìgbòṣùbà, kìí ṣe ti ìṣòwò, pínnílànàkannáà",menyo20k,8
"Creative Commons: ìgbòṣùbà, kò sí àwòṣe",menyo20k,6
Fíforúkọsílẹ̀ wọlé sí orí àwọn iṣẹ́ àìrídìmú ẹni-kẹta mìíràn láti inú Kolibri,menyo20k,12
Ẹ̀dà ti wà lórí apákó-ìdìmú,menyo20k,5
Fi ẹ̀dà sí orí apákó-ìdìmú,menyo20k,5
Jọ̀wọ́ kàn sí alábòójútó apèsè yìí,menyo20k,6
Ṣíra tẹ àtẹ̀ìpàṣẹ láti fi àwọn igun kún un,menyo20k,9
Ríi dájú pé o yan ohun kan fún ìlà tó dábùú gbogbo.,menyo20k,12
Daríkiri sí ọ̀tún sínu òǹkà òkè ti ìdá,menyo20k,8
Daríkiri sí ọ̀tún síta àwọn iga kan,menyo20k,7
Daríkiri sí ọ̀tún síta ti òǹkà àgbésókè,menyo20k,7
Daríkiri sí ọ̀tún síta òǹkà ìsàlẹ̀ ti ìdá,menyo20k,8
Daríkiri sí ọ̀tún síta òǹkà òkè àti sínú òǹkà ìsàlẹ̀ náà,menyo20k,11
Lo àtẹìjúwe àjúmọ̀ṣe náà láti túmọ̀ ìparadà tí ó tọ́,menyo20k,10
Ìdáhùn rẹ kò yé wa.,menyo20k,5
Jọ̀wọ́ yẹ ìdáhùn rẹ wò fún àlékún ọ̀rọ̀ tàbí àwọn àmì.,menyo20k,11
O gbọ́dọ̀ tan gbogbo àwọn iná náà láti tẹ̀síwájú.,menyo20k,9
"Ìdáhùn rẹ ti fẹ́rẹ̀ẹ́ tọ́, ṣùgbọ́n ó ku <code>\\%</code> kan ní ìparí.",menyo20k,12
"Ìdáhùn rẹ kù dẹ̀dẹ̀ kí ó tọ́, ṣùgbọ́n ó gbọ́dọ̀ rọrùn.",menyo20k,11
Ìgbà tí àdàkọ ìṣínilétí yóò bẹ̀rẹ̀,menyo20k,6
Yan àkórí tàbí iṣẹ́ ìdánrawò,menyo20k,5
Ti ṣẹ̀dá àwọn ìdánwò kékeré titun,menyo20k,6
Àwọn àyípadà sí ìdánwò kékeré ti wà ní ìpamọ́,menyo20k,9
Ìṣoro wáyé nígbà ìṣàfipámọ́ àwọn ìyípadà rẹ,menyo20k,7
Ṣàkóso àwọn ohun èlò ẹ̀kọ́,menyo20k,5
Ìṣòro wáyé nígbà ìṣàfikún ẹ̀kọ́ yìí,menyo20k,6
Jẹ́ rírí fún àwọn akẹ́kọ̀ọ́ lò,menyo20k,6
O kò ní ẹ̀kọ́ kankan,menyo20k,5
Ìṣoro wà ní ìṣàfipamọ́ ẹ̀kọ́ yìí,menyo20k,6
Yan ìdánwò kékeré yìí fún,menyo20k,5
Ṣe àdàkọ àwọn ìdánwò kékeré sí,menyo20k,6
Ìtòlẹ́sẹẹsẹ ẹ̀kọ́ titun ti wà ní ìpamọ́,menyo20k,7
Ìkànnì tí kò sí lákàálẹ̀,menyo20k,5
Ṣàyẹ̀wò bóyá o ṣàtẹ̀wọlé àmì bí ó ṣe tọ́,menyo20k,9
Kò lè ṣèsopọ̀ mọ́ àmì,menyo20k,5
Ǹjẹ́ o fẹ́ tẹ̀síwájú bí?,menyo20k,5
Ìkànnì yìí kò sí lórí àká-iṣẹ́-orí-ẹ̀rọ àfimọ́ kankan,menyo20k,8
Ìkànnì yìí ò sí lórí Kolibri,menyo20k,6
Ìkànnì yìí ò sí lórí Ilé-ìṣiṣẹ́ Kolibri,menyo20k,7
Àkórí yìí kò ní ìpín-àkórí tàbí ohun àmúlò mìíràn lábẹ́ rẹ̀,menyo20k,11
Ìkànnì kò sí lárọ̀ọ́wọ́tó fún ṣíṣàgbéjáde láti orí apèsè,menyo20k,9
Ìṣoro àìráyè láti dé orí àwọn àká-iṣẹ́ tí a sopọ̀ mọ́ apèsè wáyé,menyo20k,13
Àká-iṣẹ́ kò jẹ́ rírí tàbí ó wà ní ipò àìlágbáraiṣẹ́.,menyo20k,10
Ilé-ìṣiṣẹ́ Kolibri kò sí ní àrọ́wọ́tó,menyo20k,6
Ẹ̀rọ iṣẹ́ tí o ni ìdánimọ̀ yìí kò ní ìkànnì tí ó yẹ,menyo20k,13
Apèsè Kolibri ti orí ẹ̀rọ tí o yàn kò sí ní àrọ́wọ́tó ní àkókò yìí,menyo20k,15
Ìwífún yìí lè wúlò láti ṣe-ìyanjú-ìṣòro tí ó wáyé tàbí ìfisùn àṣìṣẹ́.,menyo20k,12
Fọ àká mọ́ láti pèsè àyè,menyo20k,6
Kòsí àwọn àká-iṣẹ́ pẹ̀lú ìkànnì ti a sopọ̀ mọ́ apèsè.,menyo20k,10
Kò sí àwọn ohun àmúlò Kolibri tí ó sopọ̀ mọ́ apèsè,menyo20k,11
Ṣe àwọn àyípadà sí ohun tí àwọn olùṣàmúlò lè ṣàkóso lóri ẹ̀rọ rẹ,menyo20k,13
Àwọn ohun àmúlò tuntun wà,menyo20k,5
Ìṣòro kan wáyé tí kò jẹ́ kí ìgbélọsíbòmìíràn àwọn àṣàyàn àkóónú náà ó bọ́ si,menyo20k,15
Ìṣoro wáyé ní wíwá àwọn àká-iṣẹ́ agbègbè.,menyo20k,7
Àká-iṣẹ́ tàbí ike-pélébé ìpamọ́ ìfimọ́,menyo20k,5
Ìgbélọsíbòmìíràn kùnà. Jọ̀wọ́ tún gbìyànjú lẹ́ẹ̀kansi.,menyo20k,6
Kọ́ síwájú sí i nínú pátákó Ìgbàláàyè bí ó bá yá.,menyo20k,11
Àìtọ̀ ìsààmì ọ̀rọ̀-aṣorí wà nínú ìlà àkọ́kọ́,menyo20k,7
O ní láti dí àfo ọ̀rọ̀-aṣínà.,menyo20k,6
Ibùgbéìwífúnalálàyé ìdánimọ̀ ID kò kòjú òṣùwọ̀n,menyo20k,6
Ìkànnì náà tí o bèèrè kò sí lóri àkóónú apèsè,menyo20k,10
Kò sí àwọn ojú ewé tí a tún darí.,menyo20k,9
Ó ṣe é ṣe kí ó jẹ́ pé Kolibri kò ṣiṣẹ́ bó ṣe yẹ,menyo20k,14
Má binú! Ohun kan ò tọ́!,menyo20k,6
Ohun àmúlò kò jẹ́ àwárí,menyo20k,5
Ọmọ-ọ̀rọ̀ 64 ni ó pọ̀ jù.,menyo20k,6
Ọmọ-ọ̀rọ̀ 125 ni èyítí ó pọ̀ jù.,menyo20k,7
"Lè ní àwọn ọ̀rọ̀-kíkọ, òǹkaye àti ìlà abẹ́ nínú",menyo20k,9
Ìdánimọ̀ ID kan tí Kolibri ń lò láti ṣe ìdámọ́ yàtọ̀ olùṣàmúlò.,menyo20k,12
Fi sílẹ̀ ní òfìfo láti ṣẹ̀dá òǹṣàmúlò tuntun,menyo20k,8
Ṣàtúnṣe ìwífún àwọn olùṣàmúlò nípa lílo àtẹ-iṣẹ́ ti-òde,menyo20k,8
Kó fáìlì CSV kan wọlé láti ṣẹ̀dá àti ṣàfikún àwọn olùṣàmúlò,menyo20k,11
O lè ṣàkóso àwọn òǹṣàmúlò àti ọ̀wọ́ ẹ̀kọ́ ní ọ̀pọ̀:,menyo20k,10
Ṣe àkówọlé àti àgbébọ́sóde àwọn olùṣàmúlò,menyo20k,6
"Láti ṣe àyípadà yìí, yẹ àṣẹ ìyọ̀ǹda orí ohun-èlò rẹ wò",menyo20k,11
Ṣe àtúnṣe sí àwọn àlàyé nípa òǹṣàmúlò,menyo20k,7
Fi ìbéèrè ohun tí o fẹ́ ṣàwárí ṣọwọ́.,menyo20k,8
Kọ ìbéèrè ohun tí o fẹ́ ṣàwárí,menyo20k,7
Pa àwọn òǹṣàmúlò àti ọ̀wọ́-ẹ̀kọ́ tí kò sí ní CSV rẹ́ bákan náà,menyo20k,13
Kolibri kò lè pèsè ohun àmúlò yìí,menyo20k,7
O lè fi Kolibri forúkọsílẹ̀ tàbí wọlé sí orí àwọn àtòjọ-ètò mìíràn.,menyo20k,12
Ìkówọlé kò ṣe é ṣe nítorí àwọn ìṣìṣe wọ̀nyí:,menyo20k,9
A kò yan àwọn ìdánwò kékeré kankan fún ọ,menyo20k,9
A kò yan àwọn ẹ̀kọ́ kànkan fún ọ,menyo20k,8
Àwọn àyípadà ní ṣókí bí o bá fẹ́ ṣe ìkówọlé:,menyo20k,10
Bákan náà ni o lè ní onírúurú ohun-èlò ní orí ẹ̀rọ kan náà.,menyo20k,13
Ṣètò àkórí ètò àwọ̀ dúdú,menyo20k,5
Ṣètò àkórí ètò àwọ̀ eléerú,menyo20k,5
Ṣàfihàn àtẹ̀ìpàṣẹ 'ìgbàwálẹ̀' pẹ̀lú ohun àmúlò,menyo20k,6
Ṣíra-tẹ àwọn àlẹ̀mọ́ náà láti yí àwọn iná náà padà.,menyo20k,10
"Ìdá, láìpẹ̀lú àwọn àmì ìṣirò lọ́wọ́lọ́wọ́",menyo20k,6
"Ìdá, pẹ̀lú àwọn àmì ìṣirò òǹkà ìsàlẹ̀ lọ́wọ́lọ́wọ́",menyo20k,8
Ṣàyẹ̀wò àwọn òǹkà rẹ tó lápẹẹrẹ,menyo20k,6
Tẹ̀ àwọn àlẹ̀mọ́ náà láti yí àwọn iná náà padà.,menyo20k,10
Se ìyọ̀nda ìráyè fún àlejò?,menyo20k,5
Jọ̀wọ́ ní sùúrù. Àgbékalẹ̀ lè gba àwọn ìṣẹ́jú díẹ̀,menyo20k,9
Àwọn ìbéèrè tí ó ti di dídáhùn,menyo20k,7
Àwọn ìbéèrè tí ó jẹ́ dídáhùn dáradára,menyo20k,7
Ìdáhùn sí ìbéèrè kúkurú yìí kòì bẹ̀rẹ̀,menyo20k,7
Kò sí ohun àmúlò lórí ohun ẹ̀rọ yìí,menyo20k,8
Lọ sí ojú ewé ìgbẹ̀dà àkápọ̀-iṣẹ́,menyo20k,6
Ṣàfikún tí ó bágbà mu sórí Kolibri láti rí àwọn ohun àmúlò,menyo20k,12
O lè ṣe àbójútó àwọn ìkànnì àti ìgbàláàyè àwọn òǹṣàmúlò mìíràn.,menyo20k,11
Mọ̀ sí i níbi ìpín ojú ewé Ìgbàláàyè.,menyo20k,8
Múṣiṣẹ́pọ̀ pẹ̀lú Ẹnu-àbáwọlé Ìwífún-alálàyé Kolibri bí o bá ti forúkọsílẹ̀.,menyo20k,10
Mú ìwífún-alálàyé ohun èlò gbogbo ṣiṣẹ́pọ̀,menyo20k,6
Ní gbogbo ìgbàláàyè ó sì lè ṣe àbójútó àwọn ìgbàláàyè ẹ̀rọ àwọn òǹṣàmúlò mìíràn,menyo20k,14
Kò lè so pọ̀ mọ́ ojúlé ìṣàsopọ̀ ẹ̀rọ-ayélujára yìí,menyo20k,9
"Jọ̀wọ́ fi ojúlé IP, URL, tàbí orúkọibùdó tí ó tọ́ sílẹ̀",menyo20k,11
Ìgbìyànjú láti so pọ̀ mọ́ apèsè...,menyo20k,6
O gbọdọ̀ ti gbààyè alábòójútó àràmàndà láti wo ojú-ewé yìí,menyo20k,10
Àwọn àyípadà kò di àpamọ́,menyo20k,5
Àwọn àyípadà ti di àpamọ́,menyo20k,5
Ìfisí ìwífún-alálàyé ti ajẹmágbègbè tí ó ti jẹ́ gbígbà,menyo20k,9
Ń pèsè ìwífún-alálàyé ajẹmágbègbè láti firánṣẹ́,menyo20k,6
Ń pèsè ìwífún-alálàyé ọ̀nà jínjìn,menyo20k,5
Ti ṣàyọkúrò ohun elò láìsíyọnu,menyo20k,5
Kò sí ìdánwò kúkúrú tó ń ṣiṣẹ́,menyo20k,7
Kò sí ìdánwò kúkúrú tí ò ṣiṣẹ́,menyo20k,7
Agbedeìpín àmì ìdinwọ̀n ìbéèrè kúkurú,menyo20k,5
Agbedeìpín àkókò tí a lò,menyo20k,5
Gbogbo akẹ́kọ̀ọ́ ni yóò gba yóò gba àmì òdinwọ̀n ìparí àti ìjábọ̀ àwọn ìbéèrè.,menyo20k,14
Àìtọ́ ni a ó ka àwọn ìbéèrè àìṣeparí sí.,menyo20k,9
"Jọ̀wọ́ kọ ojúlé IP, URL, tàbí orúkọapèsè",menyo20k,7
ṣẹ̀dá àwọn ọ̀wọ́ ẹ̀kọ́ tuntun (fún èyíkéyìí ìtọ́kasí orúkọ ọ̀wọ́ ẹ̀kọ́ tí kò sí tẹ́lẹ̀tẹ́lẹ́rí),menyo20k,15
ṣààtò ọ̀wọ́ ẹ̀kọ́ tí ọ̀kọ̀ọ̀kan akẹ́kọ̀ọ́ forúkọsílẹ̀ fún,menyo20k,8
ṣààtò ọ̀wọ́ ẹ̀kọ́ tí a fi ọ̀kọ̀ọ̀kan akọ́ni sí,menyo20k,9
Ó mọ bí ó ṣe má a tọ́jú ara rẹ̀ àti Tinú.,menyo20k,12
Kí Àlàmú kọ́ bí ó ṣe máa tọ́jú ara rẹ̀.,menyo20k,10
Ìrísí rẹ̀ fi inú dídùn rẹ̀ hàn.,menyo20k,7
Ó sọ fún ara rẹ̀ pé òun kò ní ìṣòro kankan.,menyo20k,11
Kò ní nǹkankan láti dààmú fún.,menyo20k,6
Kí ló ṣe tí inú rẹ̀ kò ní dún?,menyo20k,9
Ọjọ́ rẹ̀ ti níye nínú ilé Àlàmú.,menyo20k,7
Ọjọ́ ìbànújẹ́ àti wàhálà rẹ̀ ti níye.,menyo20k,7
"Ẹjọ́ ìkọ̀sílẹ̀ ti wà lọ́nà, òun náà ti fẹ́rẹ̀ ẹ́ palẹ̀mọ́ àwọn nǹkan rẹ̀ tán.",menyo20k,15
"Ládúrú ìnira tó wà nílẹ̀ ó sì rẹ̀wà síbẹ̀, ìdúró rẹ̀ dún síbẹ̀.",menyo20k,13
Kò sí ẹni tó má ri tá sọ pé obìnrin tó ní ìṣòro ni.,menyo20k,14
"Fún ìdí èyí, kò sí àbámọ̀, ó rẹ́rìn-ín tàríyá-tàríyá, ó palẹ̀mọ̀, ó jó.",menyo20k,13
Ṣùgbọ́n dúró ná ó ... kí gan-an ló ń sẹlẹ̀?,menyo20k,10
Làbákẹ́ dúró díẹ̀ láti bi ara rẹ̀ ní èyí.,menyo20k,9
"Ó sé èémí fún ìṣẹ́jú kan, ó ń wòye.",menyo20k,9
Kíni ìdí fún gbogbo àfihàn ìdùnnú àti ìyírí yìí?,menyo20k,9
Ṣe òun ti ń ya wèrè? Ṣe òun náà ti ń ya wèrè ni?,menyo20k,14
"""""""Rárá, Rárá o,"""" ó dá ará rẹ̀ lóhùn ... Rárá.""",menyo20k,10
"Àlàmú ló ń sínwín, kódà, Àlàmú ló tí ya wèrè.",menyo20k,10
Kìí ṣe òun ...kì í ṣe òun!,menyo20k,7
Kò sí ìṣòro fún un mọ́.,menyo20k,6
"Ó sì ṣubú sínú àga tí ó wà nítòsí, ó ń mí lókèlókè.",menyo20k,13
Màdáámù ti ń kanra ganan lẹ́nu ọjọ́ mẹ́ta yìí.,menyo20k,9
Sùgbọ́n kò fẹ́ jọ pé ọgbọ́n yẹn máa ṣiṣẹ́ mọ́.,menyo20k,10
Níbí Màdáámù! Níbí Màdáámù! Sènábù dáhùn.,menyo20k,6
"Láìpé, wọn á dá ẹ padà fún àwọn ènìyàn rẹ̀.",menyo20k,10
Fúnmi lọ́jọ́ méjì sí mẹ́ta.,menyo20k,5
"Làbákẹ́ tú ọwọ́ rẹ̀, Sènábù sì subú, gbà!.",menyo20k,8
Kò sẹ́nikẹ́ni nítòsí láti sọ gbogbo èyí fún.,menyo20k,8
Tí ó tún bá òun nìkan nílé!,menyo20k,7
Màdáámù ti ya wèrè! Sènábù kéde fún màmá àgbà.,menyo20k,9
"Wọ́n ti ya wèrè gan-an! Ó ti jọ ehànnà, bí ológbò-igbó.",menyo20k,11
"Èékánná rẹ̀ ti wá gùn gan-an ó sì mú, à fi bí ti ẹnu ẹyẹ.",menyo20k,15
Ó fi etí àti ẹ̀rẹ̀kẹ́ rẹ̀ wíwú han màmá.,menyo20k,9
Ohun gbogbo á dára níkeyìn ...,menyo20k,6
Ó dára bí Làbákẹ́ ṣe ń yí lórí.,menyo20k,8
Ohun tí wọn ń retí ni.,menyo20k,6
Èyí kò sì jẹ́ ìyàlẹ́nu fún màmá.,menyo20k,7
Irun-orí àti èékánná Làbákẹ́ ni màmá wá gbà ní ìgboro.,menyo20k,10
Èṣùníyì fẹ́ lò ó láti fi túnbọ̀ ba ti Làbákẹ́ jẹ́.,menyo20k,11
"Èṣùníyì ti sọ ọ́, màmá sì mọ́ pé bí ó ṣe máa sẹlẹ̀ gan-an nìyẹn.",menyo20k,15
"Nígbẹ̀yìn gbẹ́yín, Làbákẹ́ á fí orúnkún rẹ̀ ráwọ ọgbà Èsúńiyì pẹ̀lụ́ ìronúpíwàdà.",menyo20k,12
"Ní ti Àlàmú, Èṣùníyì ti sọ fún màmá pé kò séwu lóko mọ́.",menyo20k,13
Ipò tí Àlàmú wà á máa yàtọ̀ sí dáadáa láti ìsínyì lọ.,menyo20k,12
"Àlàmú padà délé, ó sì bá ìyá rẹ̀ pẹ̀lú ìrísí tó fi inú dídùn hàn.",menyo20k,15
Ó kí ìyá náà pẹ́lù ẹ̀rín músẹ́ lẹ́nu ní ìdọ́bálè.,menyo20k,10
"Fún ìgbà àkọ́kọ́ nínú oṣù mẹ́sàn-án, Àlàmú mí ìmí ìtura.",menyo20k,10
"Níbáyìí, òpin àdììtú yẹn ti wà nítòsí.",menyo20k,7
Òpin sí dàrúdápò ọpọlọ àti ìrora rẹ̀ ti súnmo itòsí.,menyo20k,10
Àlàmú kò gbà etí rẹ̀ gbọ́.,menyo20k,6
Ọjọ́ mẹ́ẹ̀dógún sí i! Ó ń ka wákàtí! ìsẹ́jú!,menyo20k,9
Ó jẹ́ ìyàlenu fún Àdìó bí Àlàmú ṣe ń ṣe àfihàn ìrusókè ìdùnnú rẹ̀.,menyo20k,14
"Bẹ́ẹ̀, ọ̀sẹ̀ méjì sì ni wọ́n sọ, ìdájọ́ á sì wáyé?",menyo20k,11
Ìyẹn kéré púpọ̀ níye sí oṣù mẹ́sàn-án tí ó ti fi ń dúró.,menyo20k,13
"Ṣé yóò sunkún ni, tàbí yóò rẹ́rìn-ín músẹ́ lẹ́yìn ọ̀sẹ̀ méjì?",menyo20k,11
Wọn tisọ fún un pé á rẹ́rìn-ín músẹ́.,menyo20k,8
Gbogbo nǹkan ló sì tọ́ka sí i dájúdájú pé yóò rẹ́rìn -ín músẹ́.,menyo20k,13
"Màmá ń wo ọmọ rẹ̀, ọkàn rẹ̀ sì kọrin fáyọ̀.",menyo20k,10
Màmá dúró pẹ̀lú sùúrù pé kí Làbákẹ́ dé.,menyo20k,8
Èṣùníyì ti sọ bí ó ṣe máa lò ó fún un.,menyo20k,11
"Ní òpin gbogbo rẹ̀, màmá bú sẹ́rìn-ín.",menyo20k,7
"Irun yẹn ... bẹ́ẹ̀ ni, ọ̀kan lára àwọn nǹkan ti ìyá wá wá rè é.",menyo20k,15
"Lẹ́yìn náà ní èékáná gígùn ọwọ́ Làbákẹ́, èékán gígùn pupa rè.",menyo20k,11
Ìyen tún ní nǹkan tí ó wá mú.,menyo20k,8
"Nígbẹ̀yìn, ó wo Làbákẹ́ tààrà ó sì ní;",menyo20k,8
"""""""Ẹm Ẹm Ẹm!,"""" ó kọ́kọ́ tún ọ̀nà òfun rẹ̀ ṣe. """"Ẹm....Ìwọ. Ìwọ sì wá níbí?""""""",menyo20k,15
"""Ó wo o. """"Kí ni ó ń sọ, ìyá àgbà?""""""",menyo20k,10
"""""""Bi mí ní kí ni, ìyá àgbà?""""""",menyo20k,7
"""""""Bóyá o ò se kí ni, ìyá àgbà!""""""",menyo20k,8
"""""""Ṣe o fẹ́ nà mí ni?""""""",menyo20k,6
"""Nípa rírì wọ́n bọ inú àwọ̀ híhunjo àgbàyà kan""""""",menyo20k,9
"""""""Tani? Ìwọ àgbàyà yìí ni! Ìwọ lo ya wèrè!""""""",menyo20k,9
"Bẹ́ẹ̀ni, wèrè! Ó wò yípo yípo bí i ẹni tí gìrì wárápá gbé.",menyo20k,13
Ó lẹ̀ mọ́ ògiri bí ajá gbígbó tó rẹ̀.,menyo20k,9
"Làbákẹ́ dúró, ó ń mí lókèlókè lé màmá.",menyo20k,8
"Màmá rẹ́rìn-ín músẹ́, ó sì fi ọgbọ́n ẹ̀wẹ́ jáwọ́.",menyo20k,9
"Kò bínú, kò bínú rárá.",menyo20k,5
Òògùn ló ń sisẹ́ lára Làbákẹ́.,menyo20k,6
"Màmá yọwó, ó sì gbà Làbákẹ́ láàyè láti tẹ̀síwájú láti máa sọ̀rọ̀ fitafita pẹ̀lú ìrunú.",menyo20k,15
"Àsìkò rẹ̀ tíẹ titó, sáré rẹ̀ sí tì wà nílẹ̀.",menyo20k,10
Má wà sí ìgboro mọ́ láé.,menyo20k,6
Làbákẹ́ ti ya wèrè báyìí.,menyo20k,5
"Bẹ́ẹ̀ ni, kò tẹ̀síwájú! Ṣe ó ti rẹ̀ é ní?",menyo20k,10
Kò tí ì yẹ kí ó rẹ̀ ẹ́! Ó gbọ́dọ̀ jẹ́ kí ó tẹ̀síwájú lọ́nàkonà!,menyo20k,15
Ó ti mọwọ́ màmá tó bẹ́ẹ̀ tí ìbánisọ̀rọ̀ ti wá rọrùn láàrin wọn.,menyo20k,13
Màmá gbà á ó sì tètè fi sínú apẹ̀rẹ̀ rẹ̀.,menyo20k,10
Àwọn nǹkan méjì náà wà ní ìpamó nínú apẹ̀rẹ̀ rẹ̀.,menyo20k,10
Àwọn nǹkan méjì yìí ti wà nílẹ̀ fún Èṣùníyì.,menyo20k,9
"""Màmá wò Èṣùníyì, """"Kí la wá fẹ́ ṣe pẹ̀lú Làbákẹ́ báyìí?.""""""",menyo20k,11
"""""""A ní láti tì í jáde,"""" Èṣùníyì tẹ̀síwájú, """"kíákíá sì ní pẹ̀lú.""""""",menyo20k,12
Lẹ́yìn náà ní á tó le rímú mí.,menyo20k,8
Sùgbọ́n pẹ̀lú nǹkan méjì tí ẹ ti mú wáyìí ...,menyo20k,10
Màmá tún ọ̀nà ọ̀fun rẹ̀ ṣe.,menyo20k,6
"""""""Ohun tí màá fẹ́ kí ẹ ...ẹ ...ẹ ...""""""",menyo20k,9
Èyí ni àbùdá àhámọ́ Èṣùníyì kan.,menyo20k,6
Ìjà tí wọ́n máa ń já fún ti bẹ̀rẹ̀ níyẹn.,menyo20k,10
"Nígbàkugbà tí wọ́n bá si bẹ̀rẹ̀, gbẹgẹdẹ máa ń gbiná.",menyo20k,10
Ariwo àwọn wèrè náà mú ohùn màmá wálẹ̀.,menyo20k,8
Kí ó mú un wálẹ̀ lórí orúnkún rẹ̀.,menyo20k,8
"Èṣùníyì dìde gírí, ó sáré sọ́na ibi tí ariwo náà ti ń wá.",menyo20k,13
"Láàárín ìṣẹ́jú kan, ó ti sárẹ padà.",menyo20k,7
Ó sáré wọ yàrá kan nínú iyẹwù tirẹ̀.,menyo20k,8
Ó jáde pẹ̀lú àtòrì kan tí ó ká yí orí rẹ̀.,menyo20k,11
"Á rẹ́rìn-ín músẹ́ jẹ́jẹ́, á máa wojú yín bí ó ṣe ń sọ̀rọ̀.",menyo20k,13
"Nígbà yẹn ó dàbí i gbogbo ọkùnrin, bí ọkùnrin gidi bí ìwọ àti èmi.",menyo20k,14
A gbá ẹni tí ó ṣè mú pẹ̀lú ìwà èérí àti ìrorò ẹkùn.,menyo20k,13
"Iṣan apá rẹ̀ á yi, á wá le koko.",menyo20k,9
"Egungun rẹ̀ á nà, á fẹ́rẹ̀ ẹ́ lè kán.",menyo20k,9
"Yàtọ̀ sí ti ipá ojú kó-ojú, Èṣùníyì ní àwọn ìlànà mìíràn.",menyo20k,11
"Ó sì máa ri bẹ́ẹ̀, bí ó tilẹ̀ jẹ́ fún ìgbà díẹ̀.",menyo20k,12
"Sùgbọ́n nísìnyí, ìlànà wámú-wámú-wámú ni ó fẹ́ lò.",menyo20k,8
Ibí yìí kì í ṣe ibi lásán rárá.,menyo20k,8
"""Ó mọ ohun tí ìtumọ̀ """"bí bẹ́ẹ̀kọ́"""" Èṣùníyì jẹ́...""",menyo20k,9
"Bí bẹ́ẹ̀kọ́, àwọn wèrè fúnrawọn náà ágbàjọba ilé náà.",menyo20k,9
"Bí bẹ́ẹ̀kọ́, wọn á sọ ibẹ̀ di pápá ogun.",menyo20k,9
Kò sí nǹkan tí wọn ó le ṣe tí òfin àti àsẹ bá dàrú.,menyo20k,14
Ò ní ìdí láti máa fọpẹ́ fún Elédúmàrè.,menyo20k,8
"Èṣùníyì wo màmá, ó sì ṣàkíyèsí ìkorò tó wá lójú rẹ̀.",menyo20k,11
"Màmá, kò sí ìdí fún ìbẹ̀rù.",menyo20k,6
Ohun gbogbo á dára níkẹyìn.,menyo20k,5
Gbogbo isẹ́ náà ti fẹ́rẹ̀ ẹ́ parí.,menyo20k,7
Sùgbọ́n ẹ ṣì ní láti mú u wá sibí,menyo20k,9
"""""""Mú tani wá?"""" Màmá bèèrè""",menyo20k,5
"""""""Ẹ mú ọmọ yín wá màmá. Ọmọkùnrin ti yin?""""""",menyo20k,9
"""""""Èyí túmọ̀ sí pé... pé... Àlàmú tún ní láti... láti... wá""""""",menyo20k,11
"Bẹ́ẹ̀ ni, ó ní láti wà níbí, fúnrarẹ̀.",menyo20k,8
Ọmọ yín ní láti ní ìdáàbòbò tó péye.,menyo20k,8
Nǹkankan ò gbọdọ̀ yọ ọ́ lẹ̀.,menyo20k,6
Ìwò ìdààmú wà lójú màmá.,menyo20k,5
Kí ni yóò sọ fún un tó bá ti wá dé?,menyo20k,11
ṣé kí ó wá sọ òótó fún un ni?,menyo20k,9
Òtítò tí ó korò nípa ipò rẹ̀?,menyo20k,7
Òtítò ti òun gan alára kò mọ̀ láti iye ọjọ́ yìí?,menyo20k,11
Màmá rò ó fún ìsẹ́jú kan.,menyo20k,6
"Bẹ́ẹ̀, kò sí àní-àní, kò sí àní-àní, ó ní láti ṣe é.",menyo20k,12
Ó jẹ́ isẹ́ tí ó gbọ́dọ̀ ṣe.,menyo20k,7
"Paríparí ẹ̀, ọmọ rẹ̀ ṣáà ni, ọmọ rẹ kan ṣoṣo.",menyo20k,10
"""""""O ti ya wèrè!,"""" Á jẹ́ kí ọmọ rẹ̀ mọ̀, á dijú sọ ọ́ láìdéènàpẹnu.""",menyo20k,15
"Dájúdájú kò ní gba eti rẹ̀ gbọ́, ó lè dùn-un, ó lè tàbùkù bá a.",menyo20k,15
Ṣùgbọ́n kò ní wò ìyẹn.,menyo20k,5
Á tún un sọ dáadáa.,menyo20k,5
"""""""Ó ti ya wèrè Àlàmú! Ìṣọwọ́sọ̀rọ̀ rẹ̀ gan-an fi hàn pé o ya wèrè.""",menyo20k,14
Ìhùwàsí rẹ fihàn pé o ya wèrè.,menyo20k,7
Bí ó ṣe ń wò gan-an fi hàn pé ó ya wèrè.,menyo20k,12
"Bẹ́ẹ̀ ni. Ọmọ mí ó ti ya wèrè! Sùgbọ́n Àlàmú, isẹ́ àwọn ọ̀tá ní.",menyo20k,14
"""Ó máa ṣe pàtàkì láti jẹ́ kí ó mọ̀, """"Iṣẹ́ àwọn ọ̀tá ni èyí.""""""",menyo20k,14
Bóyá Àlàmú gba èyí gbọ́ tàbí kò gbà á kò ṣe pàtàkì sí i.,menyo20k,14
Kò kàn án bín-in-tín báyìí.,menyo20k,5
"Nítorí tìrẹ. Mo ti rubo àwọn òrìsà pẹ̀lú ewúrẹ́, orógbó, ataare àti epo pupa.",menyo20k,14
"Rárá, kò ní wulẹ̀ gbé orí sókè láti wojú ọmọ rẹ̀.",menyo20k,11
"""""""Àlàmú gbaradì,"""" á pàpà sọ fún un """"A jọ ń lọ rí Èṣùníyì nísìnyí.""""""",menyo20k,14
Màmá fúnrarẹ̀ á lé e mú.,menyo20k,6
Màmá wóye ara rẹ̀ bí ó ṣe ń lé Àlàmú lọ sọ́nà igbó olókùúta náà.,menyo20k,15
Kí ó tó di wí pé ó kọjá ibi tí kò ti ní lè padà.,menyo20k,15
"Màmá, ẹ padà sábúlé! Ẹ lọ sinmi lábúlé! Èmi á padà sí ìgboro.",menyo20k,13
"Èṣùníyì rẹ́rìn-ín, Màmá jókòó sára, ó déédé tají lójú àlá àsìkò tí ó ń lá.",menyo20k,15
Tayọ̀tayọ̀ ló máa fi tẹ̀lé wa.,menyo20k,6
"Màmá tún mí kanlẹ̀, ó ní ìgbẹkẹ̀lé tó dúró gírí nínú agbára bàbá olóògùn.",menyo20k,14
"Pẹ̀lú ọkùnrin yìí, Èṣùníyì, ó fẹ́rẹ̀ ẹ́ lè má sí nǹkan tí ò ṣeéṣe.",menyo20k,14
"Fún ìdí èyí, ó gbọ̀nà abúlé lọ, pẹ̀lú ìtura lọ́kàn rẹ̀.",menyo20k,11
Kò nílò láti padà sí ìgboro ní ọjọ́ náà.,menyo20k,9
Èṣùníyì lè fẹ́ kí ó sùn mọ́jú.,menyo20k,7
"Fún ìdí ìyẹn, Àlàmú lè wá sí Abúlé kí ó sì sùn mọ́jú ọjọ́ kejì.",menyo20k,15
"Ó fún imú rẹ̀, omi jáde lójú rẹ̀, etí rẹ̀ di fún ìsẹ́jú kan.",menyo20k,14
Ìjìyà gbá à ní ayé jẹ́.,menyo20k,6
Bí ó ṣe rí fún màmá gan-an rè é.,menyo20k,9
"Ó ti jìyà, irú ìyà ti obìnrin kankan ò jẹ rí.",menyo20k,11
Àlàmú nìkan lọmọ kan ṣoṣo tí ó ṣẹ́kù fún un.,menyo20k,10
Ń ṣe ní ó dàbí ẹni pé Àlàmú ti rìn ìrìnàjò àrèmabọ̀.,menyo20k,12
Màmá nìkan ló dàbí ẹni pé ó kù láyé.,menyo20k,9
"""""""Aṣọ"""" rẹ̀ kanṣoṣo ní wọn ti bọ́ lára rẹ̀.""",menyo20k,9
Ó wá wà ní ògòlòǹto.,menyo20k,5
Ayé ti pàdánù àwọ̀ àti ẹwà rẹ̀.,menyo20k,7
"Ṣùgbọ́n síbẹ̀síbẹ̀, Màmá ò gbàgbọ́.",menyo20k,5
"""""""Ọmọ yín onífẹ̀ẹ́ òótọ́ - Àlàmú """"""",menyo20k,7
"Màmá á lajú rẹ̀, á sì ṣàṣàrò sí ara rẹ̀ ni àìgbàgbọ́.",menyo20k,12
Ṣe gbogbo èyí lè jẹ́ òtítọ́ ṣá?,menyo20k,7
Gbogbo èyí lè jẹ́ àlá dídùn lásán.,menyo20k,7
"Ọmọ rẹ̀ tí ó mọ̀, lọ́kàn ara rẹ̀ ti lọ sí ìrìnàjò àrèmabọ̀.",menyo20k,13
Ó jẹ́ ìgbésẹ̀ tí ó ń tẹ̀síwájú.,menyo20k,7
Màmá rò ó wí pé òpin ìjìyà òun ti dé nígbà ti ọmọ rẹ̀ dé.,menyo20k,15
"Gbogbo èyí, fún ìfẹ́ ọmọ.",menyo20k,5
Kò ṣeé ṣe láti mọ̀ ìjìnlẹ̀ ìyà ìyá lórí ọmọ.,menyo20k,10
Èyí ni ìdí kan pàtàkì tó fi jẹ́ pé ìyá ní ó lọmọ lóòótọ́.,menyo20k,14
Kòní í dúró de ẹ̀san díẹ̀díẹ̀ ti babaláwo yẹn mọ́.,menyo20k,10
"Lọ́jọ́ tí ó bá tún padé Làbákẹ́, á pa á run ní kíákíá.",menyo20k,13
"""""""Kó ẹrù rẹ̀ kí ó lọ nísìnyí! Á jẹ́ àṣẹ.""",menyo20k,10
Kò sí ìtàkùrọsọ pẹ̀lú ọ̀tá tí ó wà nílé mọ.,menyo20k,10
Obìnrin tí wọn fí ń sépè obìnrin! Ọmọ ìyá àjẹ́! Asojú Èṣù! Lọ! Máa lọ!,menyo20k,15
"Nígbà tí ó yá, ó bẹ̀rẹ̀ si í sunkún gidi.",menyo20k,10
Ṣé á lè ní okun láti kojú Làbákẹ́?,menyo20k,8
Ṣé ọwọ́ rẹ̀ tí ò lágbara yìí ò ní dójú tì í lọ́jọ́ náà?,menyo20k,14
"Ṣùgbọ́n, kí ó mú Àlàmú wá ná! Kí ó gba ọmọ rẹ̀ sílẹ̀ ná!",menyo20k,14
"Inú màmá kò dùn sí fífi okun inú rẹ̀ ṣòfò lórí wàhálà ojú-fún-ojú, eyín-fún-eyín.",menyo20k,14
Ìyẹn á wáyé bí ó bá ya.,menyo20k,7
"Ṣùgbọ́n báyìí, kí wọ́n kọ́kọ́ gba Àlàmú sílẹ̀ ná.",menyo20k,9
Èṣùníyì ti ṣe ìlérí láti tẹ̀lé e.,menyo20k,7
Wọ́n jọ máa lọ sí ìgboro láti mú un wá ni.,menyo20k,11
"Ní gbogbo òru, Màmá kò le sùn.",menyo20k,7
"Ṣùgbọ́n bí ó ṣe yẹ kí ó rí nìyẹn, ó yẹ kí ó yée.",menyo20k,14
A gbìyànjú láti ní òye... O gbọ́dọ̀ yé e.,menyo20k,9
Màmá bẹ̀rẹ̀ sí i ṣẹ́ ojú... ṣẹ́ ojú.,menyo20k,8
Ọkàn ìyá àgbàlagbà kúrò nínú gbogbo nǹkan nígbà tó yá.,menyo20k,10
Ó kúrò nínú híhó ẹyẹ òwìwí lórí àwọn igi igbó àyíká.,menyo20k,11
Ó kúrò nínú gbígbó àwọn ajá ń ààrin gùngun ìlú.,menyo20k,10
"Ní báyìí, ó mí àmíkàn ó sì wo gbogbo nǹkan inú ilé yíká tìlọ́ra tìlọ́ra.",menyo20k,15
"Bóyá, ọjọ́ rẹ̀ tí ó kẹ́yìn, ní ó ń lò yìí nílé Àlàmú.",menyo20k,13
Ó ti bá awakọ̀ ọ̀kọ̀ akẹ́rù kan dú nàá-dúrà sílẹ̀.,menyo20k,10
Ó ti sọ fún dẹ́rẹ́bà náà bí ó ṣe fẹ́ kí isẹ́ náà ṣe rí.,menyo20k,15
Kò gbọdọ̀ pe àkíyèsí àwọn aládúgbò rárá.,menyo20k,7
Ìdágbére ìkẹyìn! Èyí kì í ṣe ohun tí ó rọrùn fún ẹnikẹ́ni.,menyo20k,12
Kò sì lè jẹ́ nǹkan tí ó rọrùn fún Làbákẹ́ náà.,menyo20k,11
Okàn rẹ bẹ̀rẹ̀ sí í lù kì kì kì.,menyo20k,9
Àwọn nǹkan tí ó fẹ ki pé ó dì gbóṣe pọ̀.,menyo20k,11
"Ní ìṣẹ́jú kan, ó jáde kúrò nínú yàrá kékeré, ó sì yọjú wo ìyàrá Àlàmú.",menyo20k,15
Ó wo yàrá ofìfo náà fírí...,menyo20k,6
Atòjọ fáílì ìwé dúró lórí tábílì rẹ̀.,menyo20k,7
Lẹ́yìn náà ni àwọn jà-ǹ-kárìwọ̀ kọ̀rọ̀ yàrá.,menyo20k,7
Òórùn burúkú kan gba afẹ́fẹ́ inú yàrá Àlàmú.,menyo20k,8
Làbákẹ́ fi ọwọ́ di ihò imú rẹ̀.,menyo20k,7
"Ní ìṣẹ́jú mìíràn, ó jáde níbẹ̀ ó sì wọ yàrá ìgbafẹ́, ojú rẹ̀ pọ́n gidi.",menyo20k,15
Òpin nì yẹn! Ó kù gìrì jáde kúrò ní ilé náà wọ òpópónà.,menyo20k,13
"Tiyè-tiyè, ó padà wo ilé wọn.",menyo20k,6
Irú àwòrán ìbẹ̀rù wo ní ilé Àlàmú wá dà lójú rẹ̀.,menyo20k,11
Wọ́n ra kápéétì ara ọ̀tọ̀ fún yàrá ìgbafẹ́.,menyo20k,8
Àwọn kọ́tíìnì àti ìbòjú fèrèsé jẹ́ gidi.,menyo20k,7
Gbogbo nǹkan inú ilé ló wà létò-létò.,menyo20k,7
Ilé ọkọ náà ti bẹ̀rẹ̀ ní ara ọ̀tọ̀ bí ó ṣe jọ.,menyo20k,12
Làbákẹ́ padà bẹ̀rẹ̀ si í tún ara rẹ̀ bi.,menyo20k,9
Ilé ọkọ gidi kún fún ènìyàn àti ìmọ̀lára ènìyàn.,menyo20k,9
Kì í ṣe ilé lásán - òrùlé àti ògiri.,menyo20k,9
"Kì í ṣe bí á ṣe dára sí àwọn yàrá, Làbákẹ́ ṣẹ̀ṣẹ̀ mọ̀.",menyo20k,13
"Kò pẹ ẹ́, lásìkò yìí, kí ó tó dé Òkè-Àdó.",menyo20k,10
Gbogbo wọn ni wọ́n bẹ̀rù òfin tuntun tí àwọn ìjọba fẹ́ fi lẹ́lẹ̀ láìpẹ́.,menyo20k,14
"Láìpẹ́, Làbákẹ́ ti dé ìyẹ̀wù àwọn agbejọ́rò.",menyo20k,7
Àyíká ìyẹ̀wù náà kì í bà á lẹ́rù mọ́.,menyo20k,9
Ó tí mọ́ ọn lára.,menyo20k,5
Ara rẹ̀ balẹ̀ báyìí bí ó ṣe ń bá olùgbàlejò iléeṣẹ́ náà sọ̀rọ̀.,menyo20k,13
"""""""Ẹ ṣoríire lónìí màdáámú,"""" olùgbàlejò náà sọ̀rọ̀ pẹ̀lú ẹ̀rín músẹ́ lẹ́nu,""",menyo20k,11
"""""""Bẹ́ẹ̀ ni, ẹ mọ̀ ọ́n rìn. Wọ́n wà nínú ilé."""" """"Ṣé lóòótọ́?""""""",menyo20k,12
"""""""Bẹ́ẹ̀ ni,"""" """"Mo ṣoríire nìyẹn,"""" """"Lóòótọ́ ni màdáámú.""",menyo20k,8
Ṣùgbọ́n ẹ ní láti dúró fún bí i ìṣẹ́jú díẹ̀.,menyo20k,10
Èyí ni ìgbà ẹ̀ẹ̀kẹ́rin tí Làbákẹ́ ti ṣe àbẹ̀wò sí ìyẹ̀wù náà.,menyo20k,12
Ní ọ̀pọ̀ ìgbà wọ́n ti sọ fún un pé wọ́n jáde.,menyo20k,11
"Nígbà kan, wọ́n sọ fún un pé agbẹjọ́rò Mústàfá ti lọ fún ìrìnàjò òwò lókè-òkun.",menyo20k,15
Kò ya Làbákẹ́ lẹ́nu láti gbọ́ ìyẹn.,menyo20k,7
Ó rántí pé ó ti sọ nǹkan tí ó jọ èyí ní ìgbàtí órí iyẹn.,menyo20k,15
"Ó ní òun á rìn ìrìnàjò lọ sí Englandi, Àbí ṣé Amẹ́ríkà ni?",menyo20k,13
"Wón ti ṣe àkọsílè ẹjọ́ rẹ̀, ọ̀nà àti ṣiṣẹ́ rẹ̀ sì ti jáde.",menyo20k,13
Làbákẹ́ ti tẹ́tí pẹ̀lú ìfọkànsí.,menyo20k,5
Wọn átètè parí tirẹ̀ ní ìjókòó ẹ̀ẹ̀mejì.,menyo20k,7
"Ní báyìí, oríti bá Làbákẹ́ ṣe é, Á gbọ́ ọ̀rọ̀ lẹ́nu ọlọ́rọ̀.",menyo20k,12
"Ìkejì agbẹjọ́rò Mústàfá wà nínú ilé, á sì lọ bá a láìpẹ́ lórí ọ̀rọ̀ náà.",menyo20k,15
Á pàdé agbẹjọ́rò kejì yìí fún ìgbà àkọ́kọ́.,menyo20k,8
"Olùgbàlejò tó kóni mọ́ra náà fi í lára balẹ̀, ó ń bá a sọ̀rọ̀ tímọ́tímọ́.",menyo20k,15
"""""""Wọ́n wà dáadáa, ẹ ṣeun,"""" Kí tún ni kí Làbákẹ́ sọ?""",menyo20k,11
Ojú rè wò. rá-rà-rá oníkálùkù pẹ̀lú ìṣòro tirẹ̀.,menyo20k,8
"Bàbá Tinú wà lálàáfíà, àbí ṣe yóò sọ pé kò sí lálàáfíà ni?",menyo20k,13
Ojú Làbákẹ́ rí aago ọ̀rún-ọwọ́ wúrà tí ó ń kọ mọ̀nà lọ́rùn ọwọ́ olùgbàlejò náà.,menyo20k,15
Ó ṣàkíyèsí ọwọ́ aago náà tí ó ń tàn.,menyo20k,9
Èyí jẹ́ àǹfàànì fún un láti yí kókó ọ̀rọ̀ wọn padà sí nǹkan gbogbo ògbò.,menyo20k,15
Oṣù méjì sèyín la rà á.,menyo20k,6
"Ìlú Washington la ti rà á, nígbà ìgbádùn àṣẹ̀ṣẹ̀ṣe ìgbéyàwó.",menyo20k,10
Ọ̀ko mi náàní irú ẹ̀.,menyo20k,5
"Ṣéẹ rí i, a jọ máa ń ra nǹkan papọ̀ ni.",menyo20k,11
"Bí mo bá ra búláòsì, òun náà á fẹ́ ṣẹ́ẹ̀tì!",menyo20k,10
Bí mo ra ṣẹ́ẹ̀tì kan òun náà á fẹ́ ṣòkòtò kan.,menyo20k,11
"""Bí mo bá ra irun aláwọ̀sórí, Olúwa ò! Dàpọ̀ náàá fẹ́ fìlà.""""""",menyo20k,12
"""""""Mo rí i. Ó dáa bẹ́ẹ̀""""""",menyo20k,6
Ọ̀pọ̀lọpọ̀ nǹkan tó rẹwà ni ó wà láti rà.,menyo20k,9
"""Ọ̀pọ̀lọpọ̀ àwọn èèyàn dáadáa dáadáa ló wà níbẹ̀ láti pàdé""""""",menyo20k,10
"Ó lọ sí Philadelphia, Los Angeles àti San Francisco; New Orleans àti Chicago.",menyo20k,13
Ọ̀rọ̀ tó wà nílẹ̀ nísinsìnyí yàtọ̀,menyo20k,6
"""""""Amẹ́ríkà rẹwà"""" olùgbàlejò náà tún un sọ, tí ojú rẹ̀ ń dán.""",menyo20k,12
Ó ṣẹ̀ṣẹ̀ ṣe ìgbéyàwó ni lóòótọ́!,menyo20k,6
Abájo tí ìdùnnú ṣe kún ojú rẹ̀ tí ó wá di ẹlẹ́jọ́ wẹ́wẹ́.,menyo20k,13
Abájọ tí ìyè fi kún inú rẹ̀.,menyo20k,7
Làbákẹ́ rí ṣéènì olólùfe tí ó ń mì lọ́rùn rẹ̀.,menyo20k,10
"""""""Ẹtàsé rírí ọkọ mi,"""" olùgbàlejò náà tẹ̀síwájú, ẹnu rẹ̀ kò ṣe é dá dúró!""",menyo20k,14
"Ṣe ẹ rí i, màdáámú, òjòwú ọkùnrin ni mo ní lọ́kọ.",menyo20k,11
Kò ní í jẹ́ kí n dájáde.,menyo20k,7
"Làbákẹ́ gbójú kúrò, ó sún pèlú ìnira lórí ìjókòó.",menyo20k,9
Ó ti ń jowu olùgbàlejò yìí pẹ̀lú ìgbéraga àti ayọ̀ tó farahàn.,menyo20k,12
"""""""Ẹ̀yin ni ìyáàfin Àlàmú Ọláoyè?""""""",menyo20k,5
"""""""Bẹ́ẹ̀ ni... bẹ́ẹ̀... bẹ́ẹ̀ ni, """"Fún ìsìnyí màdáámú?""""""",menyo20k,8
"""""""Èmi ni ẹjọ́ yín wà ní ìkáwọ́ rẹ̀, ṣé ó tẹ́ ẹ yín lọ́rùn?""""""",menyo20k,14
"""""""Bẹ́ẹ̀ ni,"""" """"Ẹ́ fẹ́ kọ ọkọ yín sílẹ̀?""""""",menyo20k,8
"""""""Bẹ́ẹ̀ ni."""" """"Ẹnìkejì mi ti fún mi ní ẹ̀kúnrẹ́rẹ́ àlàyé.""",menyo20k,10
Ohùn yín tí a gbà sílẹ̀ náà wà níbí.,menyo20k,9
"""""""Rárá. Kò sí nǹkankan. Rárá ẹm ...""""""",menyo20k,7
"""""""Màdáámú ẹ wá. Ẹ sọ̀rọ̀ sókè. Dáadáa.""""""",menyo20k,7
"""""""Ẹnnn ...yàtọ̀ sí pé mo fẹ́ kí ẹjọ́ náà yanjú ni kòpẹ́ kòpẹ́ yìí ẹm..ẹm.""""""",menyo20k,15
"""""""Ó yé mi bí o ṣe ń ṣe yín màdáámú.""",menyo20k,10
A ti ṣetán ní ọ̀dọ̀ wa níbí.,menyo20k,7
"""""""Ẹ ṣeun, mo fẹ́ kí ẹjọ́ náà tètè níyanjú kíákíá nítorí pe.""""""",menyo20k,12
"""""""Bẹ́ẹ̀ ni, màdáámú. Ẹ túra ká... Nítorí pé?""""""",menyo20k,8
"""""""Nítorí pé ọkùnrin yìí lè pamí lára nígbàkúùgbà""""""",menyo20k,8
"""""""Bẹ́ẹ̀ ni, orí rẹ̀ ti yí. Ó ti ya wèrè...""""""",menyo20k,10
"""""""Ẹ sọ fún mi! ó dáa.""",menyo20k,6
"Ẹ má ṣèyọnu màdáámú, tó bá dọ̀la à á lọ sílé ẹjọ́.",menyo20k,12
"""Ṣé ẹ fẹ́ ẹ́ bẹ́ẹ̀?""""""",menyo20k,5
"""Nǹkan tí mo fẹ́ nìyẹn.""""""",menyo20k,5
"""""""Ṣé inú yín ti dùn báyìí ìyáàfin Ọláoyè?""""""",menyo20k,8
Ó lẹ̀ jẹ́ nítorí pé ó ṣẹ̀ṣẹ̀ ń pàdé rẹ̀ fún ìgbà àkọ́kọ́.,menyo20k,13
Kò dá a lójú pé agbẹjọ́rò náà kò ṣàkíyèsí àìbalẹ̀ ara rẹ̀.,menyo20k,12
"Ṣàdéédé, ni agbẹjọ́rò náà gbé ohùn rẹ̀ sókè, ó ní:",menyo20k,10
Làbákẹ́ wò mí! Wojú mi!,menyo20k,5
Ṣé o ò mọ̀ mí ni?,menyo20k,6
"""Ṣá à ti pàdé láìmọye ìgbà rí?""""""",menyo20k,7
"Làbákẹ́ wò ó láìgbàgbọ́, nǹkan tí ó ṣẹlẹ̀ nínú rẹ̀ lẹ́sẹ̀kẹsẹ̀ ò ṣe é ṣ̀àpèjúwe.",menyo20k,15
"Fún ìgbà pípẹ́, ó wò, wò,ó wò.",menyo20k,7
"Àwọn méjèèjì jókòó láìsọ̀rọ̀, wọ́n wo ara wọn pẹ̀lú ìyàlẹ́nu ńlá àti àìgbàgbọ́.",menyo20k,13
Ṣùgbọ́n àsìkò yìí ni agbẹjọ́rò Àdìó tí ń dúró dè tipẹ́.,menyo20k,11
"""""""Àdìó sọ ọ́ jẹ́jẹ́. Ó dáa, má ṣèyọnu rárá.""",menyo20k,9
"""Ǹ jẹ́ a lè ṣe ìyẹn Làbákẹ́?""""""",menyo20k,7
Àdìó fún un lásìkò díẹ̀ láti fi í lára balẹ̀.,menyo20k,10
"Ènìyàn méjì pẹ̀lú ẹ̀mí kan, ni wọ́n máa ń pè wọ́n.",menyo20k,11
"Wọ́n bá ara wọn mu bí ìdodo ẹ̀fọn, ọ̀rọ̀ wọn kòtàsé ara wọn rí.",menyo20k,14
"Nígbà náà, Àdìó jẹ́ akẹ́kọ̀ọ́ ìmọ̀-òfin, tí Àlàmú sì jẹ́ akẹ́kọ̀ọ́ ìmọ̀-ìṣirò.",menyo20k,12
Yunifásitì kan náà ni àwọn méjèèjì si lọ.,menyo20k,8
Làbákẹ́ rántí ẹ̀ẹ̀mejì tí Àdìó dá sí ìjà wọn lórí ọ̀rọ̀ Josephine àti Caroline.,menyo20k,14
Làbákẹ́ rántí àbẹ̀wò òpin-ọ̀sẹ̀ wọn lọ sí àwọn ìgbèríko nígbàtí wọ́n ṣì wà ní Englandi.,menyo20k,15
Ó wo Àdìó dáadáa nísinsìnyí. Òun fúnrarẹ̀ ṣe wá gọ̀ báyìí. Ó ponú.,menyo20k,13
Báwo ni ó ṣe yára gbàgbé Àdìó kíá bẹ́ẹ̀?,menyo20k,9
Ó ń fi ara rẹ̀ ṣe yẹ̀yẹ́.,menyo20k,7
Ó ń wò ó láìsọ̀rọ̀.,menyo20k,5
"Lèyín tí ó jàjà mí ìmí ìtura, Àdìó bèèrè pé:",menyo20k,10
"""""""Rárá...rárá...,"""" Làbákẹ́ rọra dáhùn tìrònú tìrònú""",menyo20k,6
"""""""Ki í ṣe bẹ́ẹ̀. Ṣùgbọ́n. Ṣùgbọ́n. ẹm...""""""",menyo20k,7
"""Ṣùgbọ́n nǹkan tí mò ń sọ ni pé, a ṣì lè yanjú ọ̀rọ̀ náà...""""""",menyo20k,14
"""""""Hun....bẹ́ẹ̀ ni"""" """"Ó dáa bẹ́ẹ̀.......mo dúpẹ́ lọ́wọ́ ẹ fún ìyẹn Làbákẹ́.""",menyo20k,11
Ṣé o ní Àlàmú fìyà jẹ ẹ́?,menyo20k,7
"""""""Bẹ́ẹ̀ ni."""" """"Báwo? - ṣé ó ń nà ọ́ ni?""",menyo20k,10
"""""""Rárá."""" """"Ṣé kò tí ì gbé ọwọ́ rẹ̀ sókè láti nà ọ́ lẹ́ẹ̀kan rí?""",menyo20k,14
"""Kí ó gbá ọ létí? tàbí nǹkan?""""""",menyo20k,7
"""""""Kò tí ì ṣe ìyẹn""""""",menyo20k,5
"""""""Mo rí bẹ́ẹ̀. Á jẹ́ pé ó ti fìyà jẹ ẹ́ lọ́nà mìíràn nìyẹn?""""""",menyo20k,14
"""""""Hùn...hùn..."""" """"Àwọn ìdáhùnsi ìmúnibínú ńkọ́?""",menyo20k,5
Bí i kó pariwo. Kí ó kígbe mọ́ ẹ?,menyo20k,9
"""Kí ó fìbínú dáhùn, àti àwọn mìíràn."""" """"Rárá.""""""",menyo20k,8
"""""""Kò sí nǹkan tí ó jọbẹ́ẹ̀?""",menyo20k,6
"Àdìó béèrè, ó sì rẹ́rìn-ín músẹ́.",menyo20k,6
"""""""Báwo ni ọ̀rẹ́ mi ṣé wá fìyà jẹ ọ́ Làbákẹ́?""",menyo20k,10
"""""""Mi ò mọ̀, Ṣùgbọ́n mo ṣáà mọ̀ pé ó fìyà jẹ mí.""""""",menyo20k,12
Ẹ wo bí Làbákẹ́ ṣe ń koṣé níbi ìfọ̀rọ̀wánilẹ́nuwò abẹ́lé!,menyo20k,10
"""""""Ṣé o ní Àlàmú ti ya wèrè, Làbákẹ́?""""""",menyo20k,8
"""""""Bẹ́ẹ̀ ni, ìyẹn ò rúni lójú""""""",menyo20k,6
"""""""Ẹẹẹn? Ṣé ìyẹn lè jẹ́ òótọ́ ṣá?""",menyo20k,7
"""Báwo ni o ṣe mọ ìyẹn?""""""",menyo20k,6
"""""""Ẹ̀rín ni ó máa ń rín ní gbogbo ìgbà.""",menyo20k,9
Ọtí mímu àti sìgá fífà ní gbogbo ìgbà.,menyo20k,8
Ó ti kó gbogbo ohun èèlò inú ilé lọ tán.,menyo20k,10
"""""""Kí lo ti ṣé nípa gbogbo èyí?""",menyo20k,7
"""Ṣé o ti gbìyànjú àti bá a sọ ó rí?""""""",menyo20k,10
"""""""Ó máa ń lọ́ra láti sọ̀rọ̀""""""",menyo20k,6
"""""""Ṣé o mọ̀ bóyá ó ní ìṣoro kankan?""""""",menyo20k,8
"""""""Ìṣoro? Bóyá, irú ìṣòro wo?""",menyo20k,5
"""Èmi ò mọ̀ síìṣòro kankan.""""""",menyo20k,5
"""""""O ò tí ì ṣàmúlò àsìkò láti fi wádìí.""",menyo20k,9
Àwọn ìṣòro tí ó tó mú ọkàn rẹ̀ kúrò - ọkàn ẹnikẹ́ni.,menyo20k,12
Ìṣòro tí ó tó láti mú ayé sú ẹnikẹ́ni.,menyo20k,9
Èmi pẹ̀lú ọkọ rẹ máa ń ríra dáadáa.,menyo20k,8
Kò ya wèrè. Mo mọ ìyẹn dájú.,menyo20k,7
Ó lè má fọkàn sí o.,menyo20k,6
Ọ̀rẹ́ mi ò ya wèrè.,menyo20k,5
Làbákẹ́ ti bẹ̀rẹ̀ si í làágùn.,menyo20k,6
Dánudúró! Dánudúró! Agbẹjọ́rò aláhọ́n oyin! Má yí mi lọ́kàn padà!,menyo20k,10
"""Má fi ẹnu dídùn rẹ tàn mí mọ́! Màá kọ ọ̀rẹ́ rẹ sílẹ̀!.""""""",menyo20k,13
"Ṣùgbọ́n kàkà kí óṣéèyí, Làbákẹ́ lẹ̀dí mọ́ àga tí ó jókòó lé.",menyo20k,12
Nǹkan tí Àdìó ń sọ ń ṣiṣé àmúmọ́lẹ̀.,menyo20k,8
Ó ti gbaradì pípé nìgbà tí Àdìó ní;,menyo20k,8
"Wọ́n ṣépè, wọ́n sì gégùn-ún fún mi.",menyo20k,7
Mi ò lè sọ gbogbo nǹkan tójú mi rí lọ́wọ́ ìyá rẹ̀ tán báyìí.,menyo20k,14
Mi ò sì lè gbàgbé.,menyo20k,5
"""Mi ò lérò pé mo lè dárí jìn ín láé pẹ̀lú.""""""",menyo20k,11
"""""""Ìyẹn dára,"""" ó sọ èyí, """"O rí i sọ Làbákẹ́.""",menyo20k,10
"O sì sọ ọ dáa, Ṣùgbọ́n rántí, Làbákẹ́, màmá ti dàgbà.",menyo20k,11
Ó yẹ kí o mọ gbogbo èyí Làbákẹ́.,menyo20k,8
"Ọ̀rẹ́ mi ò lè fọwọ́ sí ti màmá, àbíṣé ó fọwọ́ sí ọ̀rọ̀ màmá?",menyo20k,14
"Mo jẹ́ rìí ọ̀rẹ́ mi. Làbákẹ́ rò ó, ó sì sọ ọ́ jẹ́jẹ́ pé,",menyo20k,14
"""""""Rárá. Rárá... Kò ṣe bẹ́ẹ̀, Kò tiè gbọ́ sí i.""",menyo20k,10
"Ìgbà kán wà ti mo fẹ́ sọ fún un, Ṣùgbọ́n kò ní í gbọ́.",menyo20k,14
"Nítorí náà, mí ò sọ fún un mọ́.",menyo20k,8
"""""""Lọ́rọ̀ kan,"""" Àdìó dáhùn, """"ọ̀rẹ́ mi ò mọ nǹkankan nípa ìhùwàsí màmá?""""""",menyo20k,12
Má jẹ́ kí a dá a lẹ́bi Làbákẹ́.,menyo20k,8
Àdìó tún ti ní àmì ayò mìíràn!,menyo20k,7
Làbákẹ́ ń bínú sí ara rẹ̀.,menyo20k,6
"Ṣùgbọ́n kí ó tó ráyè ṣé ìpinnu, Àdìó ti sọọ̀rọ̀ mìíràn lù ú...",menyo20k,13
"""""""Làbákẹ́. Làbákẹ́. Kò sí iyèméjì nípa rẹ̀.""",menyo20k,7
"O ti jìyà, mo mọ̀ ọ́n.",menyo20k,6
"""Làbákẹ́ kò wí """"bẹ́ẹ̀ ni,"""" kò sì wí """"bẹ́ẹ̀ kọ́."""" Ìrújú bá a.""",menyo20k,13
Kò gbọdọ̀ sọ nǹkankan báyìí.,menyo20k,5
Agbẹjọ́rò Àdìó ti sa ipá rẹ̀.,menyo20k,6
Ó ti ṣiṣé rẹ̀ dáadáa.,menyo20k,5
"Làbákẹ́ dúró ní ibùdókọ̀. Ó bọ́ sílẹ̀, ó sì ń dúpẹ́ lọ́wọ́ awakọ̀ Àdìó.",menyo20k,14
"Ní ìṣẹ́jú kan, ọkọ̀ náà yípo ó sì tẹná lọ sọ́nà Òkè-Àdó.",menyo20k,12
Ó jẹ́ ọkọ̀ mẹ̀sí ọlọ́yẹ́.,menyo20k,5
Ìdí nìyẹn tí kò fi ṣeéṣe fún Làbákẹ́ láti dá a mọ̀ lẹ́sẹ̀kẹsẹ̀.,menyo20k,13
"Ṣùgbọ́n láìsí àní-àní, ó ń gbìyànjú gbìyànjú, ó ń siṣé kárakára. Olóríire ọkùnrin...",menyo20k,13
Làbákẹ́ dura kọjá láàárín àwọn èrò yanturu tó wà ní ìdíkọ̀.,menyo20k,11
Èyí jẹ́ ibìkan tí kò nífẹ̀ẹ́ láti máa dé.,menyo20k,9
Kò sì ṣeéṣe láti ya awakọ̀ olódodo sọ́tọ̀ sí àwọn ògbólógbòó ọmọ ìta àti ọlọ́sà.,menyo20k,15
"Gáréèjì náà rí jálajàla, ó dọ̀tí, èrò ti pọ̀jù, ó sì já gbangba.",menyo20k,13
"Ní gbẹ̀yìn gbẹ́yín, ó dé ọ̀dọ̀ àwọn awakọ̀ ọkọ̀ akẹ́rù náà.",menyo20k,11
Awakọ̀ ọkọ̀-akẹ́rù náà mi èjìká rẹ̀ nígbà Làbákẹ́ sọ nípa ìsúnsíwájú náà fún un.,menyo20k,14
"""Ẹ pẹ̀lẹ́. Mà á tún kàn sí i yín.""""""",menyo20k,9
"""Ó dáa màdáámú, kò sí wàhálà,"""" ó fèsì pẹ̀lú ohùn tí ò fì dùnnú hàn.""",menyo20k,15
Ìyẹn ni òpin òwò kékéré tí ò bá mówó kíá wọlé fún un.,menyo20k,13
"""""""Bàbá o! Àjẹpẹ́ ayé sà.""""""",menyo20k,5
Lẹ́yìn náà ni ó kọjú sí Làbákẹ́ padà...,menyo20k,8
Làbákẹ́ wo ọkùnrin náà. Ojú rẹ̀ ti gán-án-ní nọ́mbà ọkọ̀ náà.,menyo20k,11
Ẹ̀ẹ̀ẹ̀ẹ́n! Làbákẹ́ wo nọ́ḿbà náà pẹ̀lú ìgbọ̀nrìrì ojú kan.,menyo20k,9
Ọkàn rẹ̀ bẹ̀rẹ̀ si í ṣiṣẹ́ lemọ́lemọ́... Ọkọ̀ Àlàmú! Ọkọ̀ Àlàmú tẹ́lẹ̀tẹ́lẹ̀!,menyo20k,12
Ni ó ṣì wà ní ipò tó dára yìí!,menyo20k,9
"""""""Ṣé ẹm...ọkọ̀ ayọ́kẹ́lẹ́ ọkùnrin náà nìyẹn?""",menyo20k,6
"Làbákẹ́ béèrè, ó dạ́tọ́ mì.",menyo20k,5
"Bẹ́ẹ̀ ni, ọkọ̀ ayọ́kẹ́lẹ́ rẹ̀ ni. Ó rà á ní àlòkù. Àlòkù?",menyo20k,12
"Bẹ́ẹ̀ ni, àlòkù, lọ́wọ́ ọkùnrin kan tí wọ́n ló wà nínú ìṣòro.",menyo20k,12
"Ẹ̀m...màdáámú, wàhálà pọ̀ láyé yìí o.",menyo20k,6
"Bẹ́ẹ̀ ni màdáámú, ọkùnrin alákọ̀wé náà kan ìjọ̀gbọ̀n, ìjọ̀gbọ̀n owó.",menyo20k,10
"Ó ju ẹ̀rín lọ. Ó dáa fún un làsìkòyìí pé, kí ó tètèkúrò.",menyo20k,13
"Màdáámú...màdáámú..., Ọlọ́run nìkan ló lè gba èèyàn lọ́wọ́ ìṣòro ayé yìí o.",menyo20k,12
"Bẹ́ẹ̀ ni, wọ́n ní ìyàwó rẹ̀ ni ó fi òògùn yí i lóri.",menyo20k,13
"Ẹ gbà á gbọ́? Mo gbà á gbọ́ o, màdáámú.",menyo20k,10
"Ẹ má bínú o màdáámú, ṣùgbọ́n mi ò lè fọkàn tán obìnrin.",menyo20k,12
"Àwọn ìyàwó mi mẹ́tẹ̀ẹ̀ta nílé mọ́. ṣùgbọ́n, àjẹ́ ni ìyàwó ọkùnrin yìí máa jẹ́.",menyo20k,14
"Láti gbé e yín sílé, ọkùnrin ní láti múra dáadáa.",menyo20k,10
Mo mọ̀ pé ẹ kì í ṣé irú obìnrin tí...tí...tí...,menyo20k,10
Ọmọ ńkọ́? Ṣé àlàáfíà ni ọ̀gá wà?,menyo20k,7
"Màdáámú, èmi ni o...èmi ni mò ń kíi yín, màdáámú.",menyo20k,10
Làbákẹ́ fi ojú ìrira wo àwọn tó ni ohùn náà.,menyo20k,10
ṣùgbọ́n... dúró... dúró... dúró... Làbákẹ́ dúró fún ìṣẹ́jú àáyá mẹ́ta... Ó ti mọ̀ wọ́n báyìí.,menyo20k,15
Àwọn ọkùnrin gbàǹgbà méjì tó sin Àlàmú wálé!,menyo20k,8
"Nílé, Làbákẹ́ pariwo, Jáde! Jáde! Àlàmú!",menyo20k,6
"Tinu dúró lẹ́yìn rẹ̀. Àwọn nikan ni wọ́n wà nílé, Ṣènábù sọ fún màdáámú.",menyo20k,14
"Ọ̀gá ni àwọn ń lọ sí Èkó, ọgá ní kí ó tọ́jú ilé dáadáa.",menyo20k,14
Ọ̀gá sọ pé Tinú ò gbọdọ̀ ké. Ọgá tún sọ pé...,menyo20k,11
"Làbákẹ́ ti Sènábù kúrò lọ́nà, ó wọ yàrá rẹ̀, ó sì ti ilẹ̀kùn lẹ́yìn.",menyo20k,14
"""Mi ò ní í sùn lónìí, ó gbin, """"Mi ò níí di ojú mi.""",menyo20k,14
"Màá jókòó báyìí, á bá mi lórí ìjókòó báyìí...mo ń dúró...mò ń dúró...",menyo20k,13
"Lóòótọ́, Làbákẹ́ kò dijú rẹ̀ - títí mọ ìgbà tí ilẹ̀ ti ṣú dáadáa.",menyo20k,14
"Ó gbọ́ ohùn orin fújì láti ọ̀nà jíjìn, ní ibi ìnáwó kan ní ìgboro ìlú.",menyo20k,15
"Làbákẹ́ tẹ́tí, lẹ́yìn ìgbà díẹ̀, orin náà kò dún mọ́. Ariwo rẹ̀ lọlẹ̀.",menyo20k,13
Ọgọọgọ́rùn-ún náírà - títí mọ́ ẹgbẹẹgbẹ̀rún - ló ti ṣòfò.,menyo20k,10
"Ìdạ́kẹ́ rọ́rọ́ wá wà ní gbogbo ìlú, afẹ́fẹ́ náà tutù, ó sì dákẹ́ rọ́rọ́.",menyo20k,14
"Ayé Àlàmú wá jẹ́ àdììtú sí i, Àlàmú nìkan ló sì lè tú u.",menyo20k,14
Ó wòye irú ipa tí ọ̀rẹ́ Àlàmú á tún fẹ́ kó nínú ọ̀rọ̀ náà.,menyo20k,14
Báwo ni wọ́n ṣe fẹ́ gba ọ̀rọ̀ ìyá ọkọ rẹ̀ mú?,menyo20k,11
"Fún ìdáhùn kíákíá, níbo ni Àlàmú lọ?",menyo20k,7
Kí ló sì fà á tí ó fi sun ibẹ̀ mọ́jú?,menyo20k,11
Kíni ìdí tí kò fi sọ fún un tẹ́lẹ̀ pé òun á sùnta?,menyo20k,13
Ohùn ìlù òwúrọ̀ kùtùkùtù orí rédíò aládùúgbò kan ló dáhùn ìbéèrè rẹ̀.,menyo20k,12
Ìdáhùn tí kò tẹ́ni lọ́rùn tó ń sọ pé ilẹ̀ ti mọ́.,menyo20k,12
"Orí fọ́ Làbákẹ́ gidi, ara ń ro ó, ó sì yán.",menyo20k,11
Ṣé nǹkan tí wọ́n ń pè ní ìjìyà ìfẹ́ rè é?,menyo20k,11
Ìfẹ́ wá jẹ́ nǹkan gidi kan tó ń mú èèyàn jìyà báyìí.,menyo20k,12
Ìlú ńlá ní dàájí! Gbogbo nǹkan ti tún jí sáyé.,menyo20k,10
"Àwọn ará ìlú tètè ń gbọ̀nà ibi iṣẹ́ wọn lọ, bí ikòkòrò tẹ́rù ń bà.",menyo20k,15
Iṣẹ́ iṣẹ́ iṣẹ́ ṣáà ni fún gbogbo wọn. Iṣẹ́ àti ìyá.,menyo20k,11
Àwọn ìbùsọ-ọkọ̀ ni ẹ̀rọ̀ kún bámú.,menyo20k,6
"Làbákẹ́ na ẹsẹ̀ rẹ̀, ó sì jókòó sí ìta ilé wọn.",menyo20k,11
Àwọn aránṣọbìnrin ìbílẹ̀ náà ti wà lọ́nà ìsọ̀ wọn.,menyo20k,9
"Nìgbà tó ṣì wà ní Englandi, ó kọ́ ẹ̀kọ́ nínú ìránṣọ àti ìdáràsí.",menyo20k,13
"Ṣùgbọ́n ní àkókò yìí, ìyàwó ilé tí kò níṣẹ́ àṣejẹ ni.",menyo20k,11
Mo ti fẹ́ máa lọ nísinsìnyí mà.,menyo20k,7
Làbákẹ́ wo kiní kékeré iwájú rẹ̀ láwòfín.,menyo20k,7
"Bẹ́ẹ̀ ni, Sènábù ni, ó fẹ́ máa lọ, ó sì ń tọrọ ààyè lọ́wọ́ rẹ̀.",menyo20k,15
Ibo lò ń lọ Sènábù? Mò ń lọ ilé mà.,menyo20k,10
"Kwárà? Bẹ́ẹ̀ ni, Kwárà, ilé mi mà.",menyo20k,7
"""Kílódé? Kí ló ṣé ọ́ Sènábù?""""""",menyo20k,6
Sọ̀rọ̀ Sènábù! Kí ló ṣẹlẹ̀ ?,menyo20k,6
Ẹm... ẹm... Kò sí... Kò sí màdáámú.,menyo20k,7
Ò ń ṣièrè ni! Ṣó o ya wèrè ni!,menyo20k,9
"Ẹ̀rẹ̀kẹ́ Sènábù hunjọ, irun ojú rẹ̀ yi, ó sì dijú rẹ̀.",menyo20k,11
"""Màdáámú...màdáámú, óké jáde, """"Nǹkan tí wọ́n ló ń ṣe yín nìyẹn.""""""",menyo20k,11
Kíni? Wọ́n sọ pé ẹm... ẹm... pé... pé ẹ ti ya wèrè màdáámú.,menyo20k,13
Èmi? Ta ló sọ bẹ́ẹ̀ fún ọ?,menyo20k,7
Sènábù na ìka ọwọ́ rẹ̀ sí àwọn ilé tó wà lá yìí ká wọn.,menyo20k,14
Àwọn ará àdúgbò! Àwọn aládùúgbò puruntu yìí!,menyo20k,7
Àwọn ọ̀wọ́ aládùúgbò aláì mọ̀kan-mọ̀kàn yìí.,menyo20k,6
Àwọn tí wọ́n mọ̀ ọ́n ṣe ò ju kí wọ́n ba ti ènìyàn jẹ́.,menyo20k,14
"Nísinsìnyí, àwọn aládùúgbò burúkú wọnyì ti ń ṣiṣé lórí ọmọ-ọ̀dọ̀ wọn tí ò mọ̀ kan.",menyo20k,15
"Kání pé wọ́n sọ fún Sènábù pé Àlàmú nìkan ló ya wèrè, ìbá dáa.",menyo20k,14
"Ṣùgbọ́n kí wọ́n sọ pé òun, Làbákẹ́ náà ti ya wèrè? Irú ọ̀rọ̀kọ́rọ̀ wo nìyẹn?",menyo20k,15
"Sènábù... Sènábù... sọ fún mi, ṣé wọ́n sọ fún ọ pé Àlàmú ya wèrè?",menyo20k,14
"Bẹ́ẹ̀ ni, wọ́n sọ fún mi pé wèrè ti yín le jù.",menyo20k,12
"Ní báyìí, Sènábù, ṣé ìyẹn ló fà á tó o fi ń sunkún?",menyo20k,13
Ṣé ìdí tí o fi fẹ́ padà sílé ní Kwárà nì yẹn?,menyo20k,12
"Rárá, màdáámú. Kí wá ni?",menyo20k,5
Wọ́n ní ẹ máa fi eyín ya ẹran ara mi... ní alẹ́.,menyo20k,12
Ṣùgbọ́n wọ́n ní ẹmá a dúró di ìgbà tí mo bá ti sùn wọra.,menyo20k,14
"Lẹ́yìn náà lẹ ẹ́ wá gbá mi mú. Nítorí pé, ẹ ti ya wèrè.",menyo20k,14
"Wọ́n sọ gbogbo èyí fún mi màdáámú. Ìwọ náà sì gbà wọ́n gbọ́, Sènábù?",menyo20k,14
"Bí Sènábù bá kà ásẹ́ṣẹ̀, òun ní láti gba arà rẹ̀ sílè.",menyo20k,12
"Màdáámú, àwọn èèyàn náà sọ ìdí rẹ̀ fún mi. Ṣé wà á dẹ́kun!",menyo20k,13
"Níbá yìí, kí lo wá fẹ́ṣe Sènábù?",menyo20k,7
"Màdáámú, mo ti kó ẹrù mi.",menyo20k,6
Ẹ̀n ẹ́n? Mo dẹ̀ ń padà lọ sí ilé.,menyo20k,9
Ò ń sá lọ ilé - láìsí àní-àní - ò ń sáfún wèrè obìnrin àbí?,menyo20k,15
Mo kàn fẹ́ padà sílé ni...mo fẹ́ lọ bá bàbá àti ìyá mi.,menyo20k,13
Èrù ba Làbákẹ́ díẹ̀. ṣé ọmọ kékeré yìí ya wèrè ni?,menyo20k,11
Ó dáa... Màá dúró de ọ̀gá.,menyo20k,6
"Ó ti rẹ̀ ẹ́ gidi, oorun sì ń kùn un gidi.",menyo20k,11
Kò gba ojú Làbákẹ́ ní ìṣẹ́jú mẹ́ta láti pàdé.,menyo20k,9
Kò gba àyà rẹ̀ ní ìṣéju mẹ́ta láti bẹ̀rẹ̀ si í mí.,menyo20k,12
Àlàmú kò rìrìn àjò lọ sí Èkó.,menyo20k,7
"Wákàtí méjì sẹ́yìn, Àdìó ńṣe àwíjàre ọ̀rẹ́ rẹ̀ nílé ẹjọ́.",menyo20k,10
Ìyẹn ni ìgbà kẹ́ta tí yóò ṣé àwíjàre ẹjọ́ Àlàmú.,menyo20k,10
"""Ọ̀gbẹ́ni Àlàmú Ọláoyè ti wàní ẹnu iṣé yín fún ọdún márùn-ún?""""""",menyo20k,11
Bẹ́ẹ̀ ni. Ẹ̀ẹ̀mélòó ni ẹ ti fìwé pè é lẹ́jọ́ ?,menyo20k,11
A kò béèrè rí. Ìkìlọ̀ ńkọ́ ?,menyo20k,7
Kò sí ìwé. Mo kàn sọ fún àwọn àjọ náà pé kí...kí...kí...,menyo20k,12
Ṣé ẹ gba ohùn sílẹ̀ nígbà tí wọ́n ṣè pàdé ìgbìmọ̀ ìwádìí náà?,menyo20k,13
"Rárá, a kò gbà á. Ṣé ẹ kàn ṣé àgékúrú ìwádìí yín lásán ni?",menyo20k,14
Bẹ́ẹ̀ ni. Mò ń sọ pé ìwádìí yin gba ọ̀rọ̀ lẹ́nu Àlàmú tipátipá.,menyo20k,13
Ìdí nìyí tí ó fi rọrùn fún un látiṣé awúrúju yìí.,menyo20k,11
Kí Ọ̀gbẹ́ni Àlàmú Ọláoyè padà sínú iléeṣẹ́ náà gẹ́gẹ́ bí i aṣírò-ọrọ̀ àgbà ní kíá.,menyo20k,15
Ẹgbẹ̀rún márùn-ún náírà ni olùjẹ́jọ́ gbọ́dọ̀ san fun Ọ̀gbẹ́ni Àlàmú Ọláoyè fún ìbàjẹ́.,menyo20k,13
"Aago mẹ́ta ló lù báyìí lọ́sàn-án, gbogbo nǹkan ló dákẹ́ rọ́rọ́ ní ilé Àlàmú.",menyo20k,14
Àdìó jẹ́ kí ìjà ìdákẹ́rọ́rọ́ náà lọ láàárín tọkọtaya wọn fún ìgbà díẹ̀ láìsíì díwọ́.,menyo20k,15
"Ẹ jẹ́ kí a jókòó sọ̀rọ̀, Àdìó tẹnumó ọn.",menyo20k,9
"Sọ̀rọ̀ nípa kíni! Làbákẹ́ pariwo, ó ṣì ń sunkún.",menyo20k,9
"Ṣé... ṣé... a lè tún jọ́kọ̀ó sọ̀rọ̀ nípa nǹkankan mọ́ láé?, Ó kálòlò.",menyo20k,13
Làbákẹ́ tún rí àwọn nǹkan àlòkù tí wọ́n ń tà ní ọjà kékeré ní ibùdókọ̀.,menyo20k,15
"Àlàmú... Àlàmú...' Làbákẹ́ tesíwájú, 'Kí ló ṣẹlẹ̀ sí iṣẹ́ rẹ?'",menyo20k,10
Mo pàdánù rẹ̀ Làbákẹ́. Làbákẹ́ ti fẹ́rẹ̀ ẹ́ dákú pẹ̀lú gbogbo ìfihàn yìí.,menyo20k,13
Àlàmú ṣẹ̀ṣẹ̀ ń sọ gbogbo èyí fún un báyìí. Ẹnu yà á láìgbàgbọ́.,menyo20k,13
"O sì ń fa sìgá, ò ń mu ọtí náà Àlàmú.",menyo20k,11
"Bẹ́ẹ̀ ni, Làbákẹ́ láti fi lé ìbànújẹ́ kúrò.",menyo20k,8
O ò sọ nǹkankan fún mi rí Àlàmú.,menyo20k,8
"Mo lẹ̀rọ pé á bà ọ́ lọkàn jẹ́ ni, Làbákẹ́",menyo20k,10
Gbogbo ìdáhùn tí ó wá láti ẹnu Àlàmú la ọkàn Làbákẹ́ kọjá bí i idà.,menyo20k,15
Pé Àlàmú kó gbogbo nǹkan tó pọ̀ báyìí pamọ́ fi ẹ̀dùn sínú iṣan ṛẹ̀.,menyo20k,14
Màmá! Ó wọ inú ilé - tí Èṣùníyì sì tẹ̀lé e.,menyo20k,11
"Làbákẹ́ súnmọ́ Àlàmú, ó sì sọ ọ́ sí i léti kẹ́lẹ́kẹ́lẹ́; Bàbá oniṣègùn ìyá rẹ.",menyo20k,15
"Tí wọ́n mú wá láti abúlé, láti wo aágànná rẹ sàn.",menyo20k,11
Bí a ṣe lè: Dènà ìdojúkọ Fíṣíìnì,menyo20k,7
"Òṣèré burúkú ni a pe irú ọ̀tá, tàbí adojúkọni báwọ̀nyí.",menyo20k,10
Ìdojúkọ Fíṣíìnì sábà máa ń rí gẹ́lẹ́ bíi iṣẹ́-ìjẹ́ láti tàn ọ́:,menyo20k,12
ìsopọ̀ adaríẹni s'ójú ìwé mìíì,menyo20k,5
Kí o gba ẹ̀da iṣẹ́-àìrídìmú sílẹ̀ sórí ẹ̀rọ-ayárabíàṣáà rẹ; tàbí,menyo20k,10
Kí o tẹ orúkọ ìdánimọ̀ àti ọ̀rọ̀-ìfiwọléè rẹ sórí ibùdó-ìtàkùn tó jọ ògidì.,menyo20k,13
Àwon oríìsí ìdojúkọ Fíṣíìnì tó wà,menyo20k,6
Fíṣíìnì fún Ọ̀rọ̀-ìfiwọlé (tí a mọ̀ sí kíkórèe ìwé-ẹ̀rí),menyo20k,9
Ojúlé ìtàkùn àgbáyé inú iṣẹ́-ìjẹ́ lè darí ẹni sí ibòmíràn.,menyo20k,10
"Bí o bá ṣe bẹ́ẹ̀, o ó fi ohun-ẹ̀rí ìfiwọléè rẹ ránṣẹ́ sí adojúkọni.",menyo20k,14
Yóò fi ògidì orúkọ agbègbè-ìkápá ojú ìwé náà hàn gbangba.,menyo20k,10
"Bí kò bá jọ ibùdó tí o mọ̀ tẹ́lẹ̀, máà tẹ̀síwájú!",menyo20k,11
"""Ẹ̀wẹ̀wẹ̀, https://www.paypaI.com/ (tí ò ní """"i"""" nílá dípò """"L"""" kékeré yàtọ̀ sí https://www.paypal.com/.""",menyo20k,13
"Rántí, ó rọrùn láti ṣe àyédèrú ímeèlì kí ó ba han ojúlé ìdápadà ímeèlì ẹ̀tàn.",menyo20k,15
Àwọ̀n fífẹ̀ ni onífíṣíìnì sábà máa ń lò fi ṣiṣẹ́ láabi wọn.,menyo20k,12
Ìrànwọ́ bí o ṣe lè gbógunti Ìdojúkọ Fíṣíìnì,menyo20k,8
Fi àfikún fún iṣẹ́-àìrídìmúù rẹ,menyo20k,5
"Lọ́pọ̀ ìgbà bí a bá ṣ'àkíyèsíi odù-aṣàṣìṣe, oníṣọnà iṣẹ́-àìrídìmú yóò gbé àfikún àtúnṣe jáde.",menyo20k,14
Gbígba àfikún iṣẹ́-àìrídìmúù rẹ lóòrèkóòrè yóò dín ewu iṣẹ́-àìrídìmú àìdára kù.,menyo20k,11
Aṣàkóso ọ̀rọ̀-ìfiwọlé aṣiṣẹ́fúnrarẹ̀ yóò ṣe àpamọ̀ ibùdó tí o ti ń lo ọ̀rọ̀-ìfiwọlé ọ̀hún.,menyo20k,14
Jẹ́rìí sí ímeèlì pẹ̀lú afiṣẹ́-ìjẹ́ ránṣẹ́,menyo20k,6
Ṣí ìwé afurasí nínú Google Drive,menyo20k,6
Àwọn ènìyàn ń fojú sọ́nà fún ìfimọ́ láti ọwọ́ ẹni tí o kò mọ̀.,menyo20k,14
"Fún àpẹẹrẹ, oníròyìn sábà máa ń gba ìwé láti ibi pàtàkì oríṣiríṣi.",menyo20k,12
"Kàkà bẹ́ẹ̀, gbé e sóríi Google Drive tàbí akàwé mìíràn lórí ayélujára.",menyo20k,12
Méjèèjì ló ń ṣiṣẹ́ lóríi ẹ̀rọ-ayárabíàṣá àgbélétan àti àgbélétábìlì.,menyo20k,9
Ṣọ́ra fún àlàyé inú ímeèlì,menyo20k,5
"Láìbọ́sírere, gbígbọ́ sí àwọn ọ̀daràn wọ̀nyí lẹ́nu lè ṣe àkóbá fún ààbò rẹ.",menyo20k,13
Bí a ṣe lè: f'ààyègba ìfẹ̀rílàdí Ọlọ́nà-méjì,menyo20k,7
O ó ti máa lo 2FA nínú ìgbé ayéè rẹ.,menyo20k,10
Báwo ni 2FA ṣe ń ṣiṣẹ́ lórí ayélujára?,menyo20k,8
"Bí o bá f'ààyègba iṣẹ́ yìí, wà á fi ọ̀rọ̀-ìfiwọlé àti ọ̀nà mìíràn ṣe ìfẹ̀rílàdí.",menyo20k,15
"Èyíkéyìí, ọ̀nà kejì ni ẹ̀rọ-ìbánisọ̀rọ̀ọ alágbèékáà rẹ, ohun tí ó sábà máa ń ní.",menyo20k,14
Kí ló dé tí mo fi gbọdọ̀ f'ààyègba 2FA?,menyo20k,9
"""Ọ̀pọ̀ nínú iṣẹ́ 2FA ní ń pèsè àkàsílẹ̀ """"àpamọ́"""" kúkúrú alálòlẹ́ẹ̀kan tàbí odù """"ìgbàpadà.""""""",menyo20k,14
"Láìbọ́sírere, àṣàyàn yìí kò sí lárọ̀ọ́wọ́tó fún gbogbo iṣẹ́ afààyègbà 2FA.",menyo20k,11
Wo ìtọ́nà bí a ṣe ń ṣẹ̀dá ọ̀rọ̀-ìfiwọlée wa fún olobó.,menyo20k,11
Báwo ni mo ṣe lè f'ààyègba 2FA?,menyo20k,7
"Èyí yàtọ̀ láti agbègbè s'ágbègbè, bẹ́ẹ̀ náà ni ìpèlórúkọ wọ́n yàtọ̀.",menyo20k,11
Ẹ̀kúnrẹ́rẹ́ àkàsílẹ̀ àwọn ibùdó tó l'átìlẹ́yìn fún 2FA wà ní https://twofactorauth.org/.,menyo20k,11
Lílo Alákòóso Ọ̀rọ̀-Ìfiwọlé fún Ìṣẹ̀dá Ọ̀rọ̀-ìfiwọlé tó Lágbára,menyo20k,8
"Ní rere, alákòóso ọ̀rọ̀-ìfiwọlé lè ṣerànwọ́.",menyo20k,6
Máa ń ṣàgbajáde ọ̀rọ̀-ìfiwọlé tó ṣòro fún ọmọ-ènìyàn láti mọ̀.,menyo20k,10
dáàbò bo ọ̀rọ̀-ìfiwọléè rẹ pẹ̀lú ọ̀rọ̀-ìfiwọlé olúwa (tàbí gbólóhùn ìfiwọlé ọlọ́rọ̀ kan).,menyo20k,12
KeePassXC ni irúfẹ́ alákòóso ọ̀rọ̀-ìfiwọlé tó jẹ́ irinṣẹ́ ìṣísílẹ̀ ọ̀fẹ́.,menyo20k,10
O lè yí èyí padà nínú ààtò.,menyo20k,7
Ò ń gbèrò bóyá alákòóso ọ̀rọ̀-ìfiwọlé ni irinṣẹ́ tó tọ́ sí ọ?,menyo20k,12
"Bí ọ̀tá ńlá bíi ìjọba bá ń lépaà rẹ, o lè máà jẹ́ bẹ́ẹ̀.",menyo20k,14
Lílo alákòóso ọ̀rọ̀-ìfiwọlé máa ń ṣẹ̀dáa ìkúnnà kan ṣoṣo.,menyo20k,9
Alákòóso ọ̀rọ̀-ìfiwọlé jẹ́ ìlépa gbangba fún ọ̀tá.,menyo20k,7
Ìwádìí ṣíni níyè wípé ọ̀pọ̀lọpọ̀ alákòóso ọ̀rọ̀-ìfiwọlé ni ìpalára lè bá.,menyo20k,11
Bí a ṣe ń lo dice fi ṣẹ̀dá ọ̀rọ̀-ìfiwọlé alágbára,menyo20k,10
Ó ní àwọn ọ̀rọ̀-ìfiwọlé alágbára tí ó yẹ kí o há s'ágbárí.,menyo20k,12
Ọ̀rọ̀-ìfiwọlé fún ìyí-dátà-padà-sí-odù-ààbò (bíi ìyí-dátà-padà-sí-odù-ààbò díìskì kíkún),menyo20k,7
"Ọ̀rọ̀-ìfiwọlé olúwa, tàbí gbólóhùn ìfiwọlé ọlọ́rọ̀ kan, fún alákòóso ọ̀rọ̀-ìfiwọléè rẹ",menyo20k,11
"""Lápapọ̀, àwọn ọ̀rọ̀ wọ̀nyí ni """"gbólóhùn ìfiwọlé ọlọ́rọ̀ kan.""""""",menyo20k,9
Gbólóhùn ìfiwọlé ọlọ́rọ̀ kan ni irúfẹ́ ọ̀rọ̀-ìfiwọlé aláàbò tó máa ń gùn.,menyo20k,12
"Fún ìyí-dátà-padà-sí-odù-ààbò díìskì àti alákòóso ọ̀rọ̀-ìfiwọléè rẹ, ó kéré jù, yan ọ̀rọ̀ mẹ́fà.",menyo20k,13
Kí ni ṣe tí ó fi yẹ kí o lo ọ̀rọ̀ mẹ́fà?,menyo20k,12
fídíò alálàyé kan rè é.,menyo20k,5
Gbìyànjú kí o lo àṣàkalẹ̀ ọ̀rọ̀ EFF láti ṣe gbólóhùn ìfiwọlé ọlọ́rọ̀ kan.,menyo20k,13
"""Kíyèsára fún """"ìbéèrè ààbò"""" tí ibùdó-ìtàkùn-àgbáyé ń lò fi ṣe ìfẹsẹ̀múlẹ̀ ìdánimọ̀ọ rẹ.""",menyo20k,13
"Fún àpẹẹrẹ, bí ìbéèrè ààbò bá ní:",menyo20k,7
Kí ni orúkọ ẹranko ilé tí o fẹ́ràn àkọ́kọ́ọ̀ rẹ?,menyo20k,10
Ìdáhùn rẹ lè jẹ́ ọ̀rọ̀-ìfiwọlé aláìròtẹ́lẹ̀ tí alákòóso ọ̀rọ̀-ìfiwọléè rẹ gbàjáde.,menyo20k,11
O lè fi ìdáhùn àìṣòdodo pọ́nbélé wọ̀nyí s'ínúu alákòóso ọ̀rọ̀-ìfiwọléè rẹ.,menyo20k,11
Ìmúṣiṣẹ́pọ̀ ọ̀rọ̀-ìfiwọléè rẹ lóríi ẹ̀rọ gbogbo,menyo20k,6
Ọ̀pọ̀ alákòóso ọ̀rọ̀-ìfiwọlé ń fi ààyè gba ọ̀rọ̀-ìfiwọléè rẹ lórí gbogbo ẹ̀rọ - nípa àmúṣiṣẹ́pọ̀.,menyo20k,15
(Wọ́n ní láti fọ́ gbólóhùn ìfiwọlé ọlọ́rọ̀ kan ti alákòóso ọ̀rọ̀-ìfiwọléè rẹ.),menyo20k,12
Tọ́júu ìkópamọ̀ ilée dátà ọ̀rọ̀-ìfiwọléè rẹ torí aìíṣeémọ̀.,menyo20k,8
Ìfẹ̀rílàdí Ọlọ́nà púpọ̀ àti ọ̀rọ̀-ìfiwọlé ẹ̀rìnkan.,menyo20k,6
Ọ̀nà kejì lè jẹ́ odù alálòlẹ́ẹ̀kan tàbí òǹkà tí ẹ̀rọ alágbèéká gbàjáde.,menyo20k,12
Ọ̀nà méjì ni a lè fi ṣe ìfẹ̀rílàdí ọlọ́nà méjì lórí ẹ̀rọ-ìbánisọ̀rọ̀ alágbèéká:,menyo20k,13
"""Wá iṣẹ́-àìrídìmú tí ó jẹ́ ti ìṣísílẹ̀ """"Ọ̀rọ̀-ìfiwọlé Ẹ̀̀rìnkan ṣoṣo Adálórí Àkókò"""" tàbí RFC 6238.""",menyo20k,15
"Nígbà mìíràn, O ní láti sọ Ọ̀rọ̀-ìfiwọléè rẹ",menyo20k,8
Òfin nípa sísọ ọ̀rọ̀-ìfiwọlé yàtọ̀ láti ibìkan dé òmíràn.,menyo20k,9
A lè lo ìdẹ́rùbà ìpalára ojúkorojú láti fi gba ọ̀rọ̀-ìfiwọlé lọ́wọ́ èèyàn.,menyo20k,12
Bí a ṣe ń: fo ìtẹríbọlẹ̀ Ayélujára dá,menyo20k,8
"Èyí ni àkótán kúkúrú nípa ìfòdá ìtẹríbọlẹ̀ orí ayélujára, ṣùgbọ́n kì í ṣe ẹ̀kúnrẹ́rẹ́.",menyo20k,14
"Èyí ni a pè ní ìsẹ́ ẹ̀rọ-ayélujára tàbí ìdígàgá, tí í ṣe irúfẹ́ ìtẹríbọlẹ̀ kan.",menyo20k,15
Atẹríbọlẹ̀ẹ́ lè dígàgá ojú ìwé ìtàkùn-àgbáyé kan ṣoṣo tàbí gbogbo ibùdó-ìtàkùn-àgbáyé pọ̀.,menyo20k,12
"Nígbà mìíì, ohuninú ojú ìwé orí ayélujára ní í máa ń fa ìdígàgá",menyo20k,13
Onírúurú ọ̀nà ni a fi lè fo ìtẹríbọlẹ̀ orí ayélujára dá.,menyo20k,11
"Àwọn kan ń fi ààbò ìṣọ́ni bò ọ́, ṣùgbọ́n ọ̀pọ̀ ò ṣe bẹ́ẹ̀.",menyo20k,13
"""Irinṣẹ́ tó ń lo gbólóhùn bíi """"anonymizer"""" kì í sábà pa ìdánimọ̀ọ rẹ mọ́ fínnífínní.""",menyo20k,15
Irinṣẹ́ ìfòdá tó dára jù fún ọ dá lóríi àwòṣe ìdẹ́rùbà rẹ.,menyo20k,12
"Bí àwòṣe ìdẹ́rùbà rẹ ò bá dá ọ lójú ṣáká tó, bẹ̀rẹ̀ níhìn-ín.",menyo20k,13
Bíbẹ aṣojú ìtàkùn wò láti wọ ibùdó-ìtàkùn tí a ti dígàgáa rẹ̀.,menyo20k,12
Lílo Ìṣàsopọ̀ Àìrí Ìkọ̀kọ̀ (VPN) láti wọ ibùdó-ìtàkùn tàbí iṣẹ́.,menyo20k,10
HTTPS ni ẹ̀dà ààbò fún ìfẹ́nukò HTTP tí ò ń lò fi wọ ibùdó-ìtàkùn-àgbáyé.,menyo20k,14
Nígbà mìíràn Atẹríbọlẹ̀ẹ́ lè dígàgá ẹ̀dà ibùdó àìláàbò (HTTP),menyo20k,9
Atẹríbọlẹ̀ ṣì lè rí orúkọ agbègbè ìkápáa gbogbo ibùdó-ìtàkùn-àgbáyé tí o bá lọ.,menyo20k,13
Ọ̀nà tó dára láti fo ìtẹríbọlẹ̀ dá lèyí.,menyo20k,8
Aṣojú tí dátà rẹ̀ ti yí padà sí odù ààbò,menyo20k,10
"Fún àpẹẹrẹ, wọ́n lè ní orúkọ àti àdírẹ́ẹ̀sì ímeèlì rẹ lákọsílẹ̀.",menyo20k,11
Ìyẹ́n túmọ̀ sí wípé irinṣẹ́ wọ̀nwọ̀nyí kì í pèsèe àìlórúkọ dójú àlà.,menyo20k,12
UltraSurf àti Psiphon jẹ́ àpẹẹrẹ irinṣẹ́ báwọ̀nyí.,menyo20k,7
"Fún àlàyé nípa àwọn iṣẹ́ VPN ní pàtó, ṣíra tẹ ibí.",menyo20k,11
Ní EFF a kò le è jẹ́rìí sí VPN wọ̀nyí.,menyo20k,10
VPN mìíràn tí ó ní ìlànà ààbò tó yàrá ọ̀tọ̀ lè jẹ́ ti ọ̀daràn.,menyo20k,14
O kò gbọdọ̀ lo VPN tí o kò fi ọkàn tàn.,menyo20k,11
Aṣàwáríkiri ìtàkùn-àgbáyé ni aṣàwáríkiri Tor tí a kọ́ sóríi ìṣàsopọ̀ àìlórúkọ òǹlò Tor.,menyo20k,13
"(Wo bí a ṣe ń: lo ìtọ́nà Tor fún Linux, macOS àti Windows)",menyo20k,13
---Àjọ̀dún òṣìṣẹ́: Abẹnugan ilé-ìgbìmọ̀ as̩ojú rọ òṣìṣẹ́ láti tẹramọ́ iṣẹ́ fún àbájáde rere.,menyo20k,13
"Nítòótọ́, Nàìjíríà àti àwọn ọmọ Nàìjíríà fi yín yangàn.",menyo20k,9
--- Àyájọ́ àwọn Òṣìṣẹ́: Olóri ilé-ìgbìmọ̀ aṣòfin àgbà kí àwọn òṣìṣẹ́ Nàìjíríà,menyo20k,12
--- COVID-19: Àwọn ènìyàn mẹ́rìnlélógún (24) mìíràn tún jẹyọ lórílẹ̀ èdè Nàìjíríà,menyo20k,12
--- COVID-19: A ti gba ìròyìn díẹ̀ lórí ìṣẹ̀lẹ̀ ní Kánò- Dókítà Osagie,menyo20k,13
--- Nàìjíríà ṣàwárí àwọn alárùn COVID-19 mé̩rìnlélúgba,menyo20k,7
"Okòóléló̩ò̩dúnrún dín ò̩kan (319) gba ìwòsàn, méjìdínlọ́gọ́ta sì kú.",menyo20k,9
Àjo̩ a-gbógun-ti-àjàkálẹ̀-ààrun ti Nàìjíríà (NCDC) ló so̩ èyí lórí ẹ̀rọ abẹ́yẹfò @NCCDCgov;,menyo20k,12
Alárùn COVID-19 mé̩rìnlélúgba ti farahàn;,menyo20k,5
--- COVID-19: Ikò̩ òṣìṣé mínísítà ti Kano s̩àgbékalè̩ ìròyìn gbà-á-gbè̩,menyo20k,10
--- S̩ís̩í àwo̩n ilé-è̩kó̩ kò tíì farahàn - Mínísítà,menyo20k,9
"""""""Ní kúkurú, kò sí èyíkèyí nínú àwo̩n ilé-è̩kó̩ yìí tó le s̩í lé̩yìn odi.""",menyo20k,14
Àwọn tí wọ́n bá ṣe lòdì sí àṣẹ yìí yóò dojúkọ ìdájọ́ òfin pó̩nńbélé;,menyo20k,14
--- Kò gbọ̣̣̣̣̣dọ̣̀ ṣí ilé-ìwé aládàáni kankan tó gbọ̣́dọ̣̀ bẹ̣̀rẹ̣̀ isẹ̣́ - Mínísítà FCT,menyo20k,14
Gbogbo àwọ̣̣n tó bá tàpá ṣófin yìí ni yóò fojú winá òfin ìjọ̣̣ba.,menyo20k,13
--- Ọ̀RỌ̀ ÀÀRẸ MUHAMMADU BUHARI LÓRI TE̩LIFÍS̩ÀN SỌ́MỌ NÀÌJÍRÍÀ,menyo20k,9
34.A ṣe àgbéyẹ̀wò ìtẹ̀síwájú ìké̩kò̩ó̩ àwo̩n o̩mo̩ wa láì s̩e àkóbá ìlera wo̩n.,menyo20k,13
"39.Síwájú síi, òfin tuntun táa s̩àgbékalè̩ káàkiri orílèèdè nìwọ̀nyí;",menyo20k,9
b.Kò ní sááyè fún ìrìnàjò aláìs̩epàtàkì láarin ìpínlẹ̀síìpínlẹ̀ títí di àkókò àìmò̩.,menyo20k,12
44.Àwọn ìlànà wọ̀nyí kò ní kan ìpínlẹ̀ Kano.,menyo20k,8
"52.Mo dúpẹ́ pé ẹ fetí sílẹ̀ fún mi, kỌ̣lọ́run bùkún fún orílèèdè Nàìjíríà.",menyo20k,13
--- Ààbò ọ̣̣mọ̣ Nàìjíríà ló jẹ̣ mí lógún jùlọ - Ààrẹ Buhari,menyo20k,12
--- COVID-19: Ààrẹ Buhari pàṣ̣ẹ ètò kónílé-gbélé nípìnínlẹ̀ Kánò,menyo20k,9
--- NIS gbo̩mọ̣̣̣̣ Nàìjíríà mẹ́tàlá tó ń ti Tógò bò̩,menyo20k,10
--- Ààrẹ Buhari yóò bọ́mọ orílèèdè sọ̀rọ̀ lágogo mẹ́jọ àsálẹ́.,menyo20k,10
Ohun Nàìjíríà náà yóò gbesáfé̩fé̩ lórí ẹ̀rọ abẹ́yẹfò.,menyo20k,8
Ẹ tèlé wa lórí VON Social Media handles:,menyo20k,8
Olùrànlọ̣́wọ́ ààrẹ lórí ìròyìn àti ìkéde ló kéde yìí.,menyo20k,9
--- Ilé-ìgbìmọ̀ aṣ̣ojú yóò padà sẹ̣́nusẹ́ ní April 28,menyo20k,9
--- Ìjọba àpapọ̣̣̀ ń ṣe ìwádìí alárùn kòrónà ní ìpínlẹ̀ Kánò- Mínísítà,menyo20k,12
--- Ààrẹ Buhari ló lè yóhùn padà lórí ètò kónílégbélé - Mínísítà,menyo20k,12
"""Ó ní, """"Ààrẹ̣̣ yóò lọ̣̣gbọ̣̣́n rẹ̀ láti sọ̣̣ bétò kónílé-gbélé yóò se dópin lórílèèdè yìí.""",menyo20k,15
--- COVID-19: Àwọ̣̣n ènìyàn mẹ̣́tàdínláàdọ̣̣́rùn ún (87) míràn tún jẹ̣̣yọ lórílẹ̀ èdè Nàìjíríà,menyo20k,13
--- Àjọ̣̣ WHO yan Okonjo-Iweala láti jẹ́ aṣ̣ojú ikọ̀ tó ń gbógun ti ààrùn COVID-19,menyo20k,15
--- COVID-19: Ìyàwó ààrẹ Buhari pín àwọn ohun ilé-ìwòsàn,menyo20k,9
"Àwọn ohun míràn tún ni aṣọ ìbọ̀wọ́, gíláásì ìbòjú, àwọn ohun ìbùsùn abbl.",menyo20k,13
--- Abba Kyari jẹ́ olóòótọ́ fún ààrẹ Buhari àti agbẹnusọ rere fún Amẹ́ríkà: Ìjọba Amẹ́ríkà,menyo20k,15
--- COVID-19: Àwọn ènìyàn méjìdínláàdọ́fà (108) míràn tún jẹyọ lórílẹ̀ èdè Nàìjíríà,menyo20k,12
Ní èyí tí ó jẹ́ kí iye àwọn tó ní ààrùn Corona jẹ́ mọ́kàndílógúndínlẹ́gbẹ̀rún (981),menyo20k,15
--- Ààrẹ Bùhárí fi ìkíni ránṣẹ́ sí àwọn Mùsùlùmí bí Ramandan ṣe bẹ̀rẹ̀,menyo20k,13
--- COVID-19: Àwọn ènìyàn mọ́kànléláàdọ́rùn ún (91) míràn tún jẹyọ lórílẹ̀ èdè Nàìjíríà,menyo20k,13
--- Ilé igbimo Aṣ̣òfin ti ìpínlè̩ Èkó bẹ̀bẹ̀ fún ìfaradà ìpèníjà sísémó̩lé látàrí ààrùn Kòrónà.,menyo20k,15
--- Gómìnà ìpínlẹ̀ Ọ̀yọ́ dáròo onídàjọ́ àgbà tẹ́lẹ̀rí- Mákindé,menyo20k,9
--- Ilé-isẹ́ ológun gbẹ̀mí àwọn ọmọ-ogun ọlọ̀tẹ̀ mọ́kànlélógún ní ìpínlẹ̀ Zamfara,menyo20k,11
--- COVID-19: ìpínlẹ̀ Kánò bẹ̀rẹ̀ oúnjẹ pínpín fụ́n àwọn ará ìlú,menyo20k,11
Àmọ́ṣá Gàndújè ní ó se é se kí àtúnṣe bá ètò ọ̀hún.,menyo20k,12
--- COVID-19: Àwọn ènìyàn mẹ́rìndínláàdọ́rùn ún (86) míràn tún jẹyọ lórílẹ̀ èdè Nàìjíríà,menyo20k,13
--- Abba Kyari: Ààrẹ Buhari bá ìpínlẹ̀ Borno kẹ́dùn,menyo20k,9
"Ó ní, Abba jẹ́ ẹni tí a fẹ́ràn jùlọ.",menyo20k,9
Ó ṣe ǹkan tí ó jẹ́ kí orílẹ̣̀ èdè Nàìjíríà di ńlá.,menyo20k,12
--- Àwọn ènìyàn mẹ́tàdínláàdọ́ta pàdánù ẹ̀mí wọn lórí ìkọlù tó ṣẹlẹ̀ ní ìpínlẹ̀ katsina,menyo20k,14
--- Ilé ìgbìmọ̀ aṣojú kẹ́dùn ikú Abba Kyari,menyo20k,8
--- Erín wó! Ààrùn Corona (COVID-19) pa adarí òṣìṣẹ́ ààrẹ Buhari,menyo20k,11
"Adarí òṣìṣẹ́ fún ààrẹ orílẹ̀ èdè Nàìjíríà, Abba Kyari ni ààrùn (COVID-19) ti pa báyìí.",menyo20k,15
--- COVID-19: Àwọn ènìyàn mọ́kànléláàdọ́ta (51) míràn tún jẹyọ lórílẹ̀ èdè Nàìjíríà,menyo20k,12
Àwọn ìpínlẹ̀ mọ́kàndínlógún ní ààrùn COIVD-19 tí jẹyọ báyìí.,menyo20k,9
--- COVID-19: Mínísítà ro̩mo̩ Nàìjíríà láti s̩àfihàn àwo̩n a-lo-ò̩nà-àìtó̩ wo̩ e̩nubodè.,menyo20k,11
Ó ní pé ìjo̩ba àpapò̩ ń wá ò̩nà láti s̩e àdínkù o̩gbà è̩wò̩n.,menyo20k,13
--- COVID-19: FCTA gbé ìlànà tuntun jáde lásìkò òfin kónílé-gbélé,menyo20k,10
Àwo̩n o̩jó̩ o̩jà ni o̩jó̩rú àti àbámé̩ta nìkan. Ra nǹkan ló̩jà tó súnmó̩ re̩.,menyo20k,14
Ìdádúró ò̩kadà ní Kubwa àti Dutse.,menyo20k,6
Ìdásílè̩ ilé-e̩jó̩ alágbèéká láti dájó̩ àwo̩n arúfin.,menyo20k,7
"--- Ààrẹ Buhari bádarí ìjọba Gè̩é̩sì, Johnson yọ̀ fún bíborí Corona",menyo20k,11
"--- COVID-19: Ààrẹ Buhari gbósùbà fún akọ̀ròyìn, àjọ elétò ààbò àti ì̀lera",menyo20k,12
"Lákòókò ìgbóhùnsáfẹ́fẹ́ sí àwo̩n ọmọ orílẹ̀-èdè Nàìjíríà ló̩jó̩ ajé, Ààre̩ ní:",menyo20k,11
--- Ọwọ́ ọlọ́pàá tẹ ọ̀daràn tó pa ajíhìnrere Grace Ajíbọ́lá nílùú Ìbàdàn,menyo20k,12
--- COVID-19. A ò ní foríjin ẹni tó bá tàpá sófin kónílé-gbéle- Kọmísọ́nà ìpínlẹ̀ Ọ̀yọ́,menyo20k,15
--- COVID-19: Àwọn ènìyàn márùn ún (5) míràn tún jẹyọ lórílẹ̀ èdè Nàìjíríà,menyo20k,13
--- COVID-19: Ẹ máa lo òṣèlú fún akitiyan ìjọba nípa ààrùn Corona-IBB,menyo20k,12
--- Easter: Abẹnugan ìpínlẹ̀ Ọ̀ṣun rọ Nàìjíríà láti ní ìrètí nínú Ọlọ́run,menyo20k,12
"--- Easter: Ẹ jẹ́ kí ìgbàgbọ́ yín duro ṣinṣin - Sèyí Mákindé, Oyo State Governor",menyo20k,15
Góm̀inà ṣọ̀rọ̀ yìí nínú ọ̀rọ̀ Àjíǹde tí ó fi ránṣẹ́ sí àwọn ọmọ ìpínlẹ̀ Ọ̀yọ́.,menyo20k,15
Gómìnà Mákindé wá ṣèlérí pé ìjọba yóò mú ìgbáyé-gbádùn àwọn ará ìpínlẹ̀ náà lọ́kùńkúndùn.,menyo20k,14
Ìrántí Àjíǹde ọdún yìí wáyé lásìkò tí ìtànkálẹ̣̀ ààrùn COVID-19 jẹyọ ní gbogbo àgbáyé.,menyo20k,14
Eleyìí jẹ́ kàyéfì àti ìbànújẹ́ púpọ̀.,menyo20k,6
Ìgbáyé-gbádùn àwọ̣n ènìyàn mi ló jẹ mí lógún jùlọ.,menyo20k,9
Wọ́n le loo àǹfààní yìí láti ṣe àwọn ìkọlù kan sí orílẹ̀ èdè wa.,menyo20k,14
Mo kí gbogbo yín kú àjọ̀dún ọjọ́ àjíǹde Kristi.,menyo20k,9
Muhammadu Buhari Ààrẹ orílẹ̀ èdè Nàìjirià,menyo20k,6
--- Ó gbóná fẹli-fẹli:Ìjàm̀bá iná ṣẹlẹ̀ nílé-iṣẹ́ ìsirò -owó,menyo20k,9
--- COVID-19: Àwọn ènìyàn mẹ́fà (6) míràn tún jẹyọ lórílẹ̀ èdè Nàìjíríà,menyo20k,12
--- Ẹ pín ìrẹsì tí ẹ gbà lọ́wọ́ àwọn fàyàwọ́ fún ọmọ orílẹ̀ èdè Nàìjíría-Buhari,menyo20k,15
"--- Ọjọ́ Àjíǹde kristi: Ìjọba orílẹ̀ èdè Nàìjíríà pàṣẹ ọjọ́ Ẹtì, Ajé fún ìsinmi",menyo20k,14
Arégbéṣọlá wá kí gbogbo àwọn omọ lẹ́yìn kristi kú ayẹyẹ àjọ̀dún Àjíǹde.,menyo20k,12
"--- COVID-19: Gómìnà ìpínlẹ̀ Ọ̀yọ́ yege àyẹ̀wò, yóò bẹ̀rẹ̀ iṣẹ́ lónìí",menyo20k,11
--- COVID-19: Àwọn ènìyàn mẹ́jọ (8) míràn tún jẹyọ lórílẹ̀ èdè Nàìjíríà,menyo20k,12
--- COVID-19: Gómìná ìpínlẹ̀ Èkó yóò tẹ̀síwájú nípa ètò ìrànwọ́,menyo20k,10
--- COVID-19: Àwọn ènìyàn mẹ́wàá (10) míràn tún jẹyọ lórílẹ̀ èdè Nàìjíríà,menyo20k,12
--- COVID-19: Àwọn ènìyàn márùn ún míràn tún jẹyọ lórílẹ̀ èdè Nàìjíríà,menyo20k,12
--- A ó sa ipá wa láti gbógun ti ààrùn Corona ní Nàìjíríà- Chikwe Ihekweazu,menyo20k,15
--- COVID-19: Ìpínlẹ̀ Anambra àti ìpínlẹ̀ míràn ti bẹ̀rẹ̀ gbígba owó ìrànwọ́,menyo20k,12
--- COVID-19: Ẹ máa san owó oṣù àwọn òṣìṣẹ́ lásìkò - ààrẹ Buhari,menyo20k,13
--- Alákóso àwọn asọ́bodè gbósùbà fún àwọn òsìsẹ́ rẹ̀,menyo20k,9
--- COVID-19: ilé-iṣẹ́ ológun ní irọ̣́ ni fídíò tí wọ́n ń gbé káàkiri,menyo20k,13
--- COVID-19: Àwọn mẹ́tàlélógún (23) mìíràn tún jẹyọ lórílẹ̀ èdè Nàìjíríà,menyo20k,11
--- COVID-19: Ẹ wo ìlú Àbújá bó se pa lọ́lọ́,menyo20k,10
Ó di dandan ká bọ̣́ lọ́wọ́ ààrùn corona.,menyo20k,8
--- Títìpa: ìjọba àpapọ̀ bẹ̀rẹ̀ pínpín ogún ẹgbẹ̀rún náírà nílùú Àbújá,menyo20k,11
--- Owó epo ọkọ̀ ayọ́kẹ́lẹ́ tún ti dínkù sí N123.50,menyo20k,10
--- COVID-19: Àwọn méjìlá míràn tún jẹyọ lórílẹ̀ èdè Nàìjíríà,menyo20k,10
Àwọn alárùn kòrónà ní Nàìjíríà (COVID-19) ti di mọ́kànléláàdọ́jọ (151) lórílẹ̀ èdè Nàìjíríà báyìí.,menyo20k,14
"--- COVID-19: Ààrẹ Buhari dúpẹ́ lọ́wọ́ àwọn ènìyàn, ilé-iṣẹ́ fún àtìlẹ́yìn",menyo20k,11
Ó ro̩ gbogbo afúnni láti fowó náà ráns̩é̩ sí ikò̩ ààre̩ amójútó ààrùn kòrónà (COVID-19).,menyo20k,15
--- Covid-19: Ìgbìmọ̀ yóò tẹ̀lé ìlàna kí wọ́n tó ṣèrànwọ́ lásìkò ìgbélé,menyo20k,12
"Òun, ìgbìmọ̀ náà yóòọ̀ kéde láìpé̩ ìlànà tí wọn yóò tẹ̀lé.",menyo20k,11
--- Ìgbélé COVID-19: Àwo̩n Gómìnà s̩èlérí mímójútó ìlo̩kiri e̩rù pàtàkì,menyo20k,10
--- COVID-19: Olùdarí òs̩ìs̩é fún Ààre̩ Bùhárí sò̩rò̩ lórí ipò rè̩,menyo20k,11
"Ò̩rò̩ láti e̩nu Olùdarí àwo̩n òs̩ìs̩é̩ ti Ààre̩, nípa ipò ìlera rè̩:",menyo20k,12
"--- COVID-19:Àar̀ẹ Buhari pàsẹ pé kí wọ́n ti Èkó, Ògùn àti Àbújá (FCT) pa",menyo20k,14
"Bákan náà, gbogbo àwọn adarí ilé-iṣẹ́ elétò ààbò àti ìtọpinipin ti mọ̀ nípa ètò ọ̀hún.",menyo20k,15
--- O̩gọ́ta ọjọ́ lepo lè dé -NNPC,menyo20k,7
--- Ààre̩ Buhari yóò bá Nàìjíríà sò̩rò̩ ní Súńńdè,menyo20k,9
Ohun Nàìjíríà yóò máa já geere ní ààyè lóri è̩ro̩ Twitter wa @voiceofnigeria.,menyo20k,13
"--- COVID-19: Gómìnà Èkìtì pàsẹ ìgbélé, ti gbogbo e̩nuubodè",menyo20k,9
"""""""Nítorí náà, a kò le fààyè àìléra láwùjo̩.""",menyo20k,8
Gbogbo o̩mo̩ ìpínlè̩ Èkìtì ní a rò̩ láti dúró sílé wo̩n.,menyo20k,11
"Àwọn ni ọmọ ilé - ìgbìmọ̀ aṣojú, ìjọba ìpínlẹ̀ àti ilé-ẹjọ́.",menyo20k,11
--- COVID-19: Mé̩tàdínló̩gò̩rún lálàrún kòrónà dì ní Nàìjíríà,menyo20k,8
Ó ti di ènìyàn mẹ́tàdínlọ́gọ́rùn tó ti ní ààrùn Corona báyìí ní Nàìjíríà.,menyo20k,13
--- COVID-19: Ààrẹ Nàìjíríà pàs̩e̩ títi pápá o̩kò̩ òfurufú àti e̩nuubodè,menyo20k,11
A nílò àtìle̩yìn àti ìfo̩wó̩sowó̩pò̩ yín lásìkò àìdè̩rùn yìí.,menyo20k,9
"""Bí a bá fo̩wó̩sowó̩pò̩, ó dájú pé a ó borí ààrùn yìí.""""""",menyo20k,12
--- COVID-19: Nàìjíríà tún s̩àwárí ènìyàn mẹ́rìnlá,menyo20k,7
"A rí às̩ìs̩e nínú ìròyìn wan í 8:35pm, ó ye̩ kó jé̩:",menyo20k,12
"--- COVID-19: Igbákejì ààrẹ, Ọ̀sínbàjò kò láàrùn Kòrónà",menyo20k,8
"Igbákejì ààrẹ Nàìjíríà, ọ̀jọ̀gbọ́n Yemí Ọ̀sínbàjò, ti yege àyẹ̀wò ààrùn Kòrónà.",menyo20k,11
Èyí hàn nínú àyẹ̀wò tí wọ́n ṣe fúngbàkejì ààrẹ.,menyo20k,9
"""Bẹ́ẹ̀ni, igbákejì ààrẹ ṣàyẹ̀wò, sùgbọ́n kò ní ààrùn Kòrónà, Ẹ̣ sé.""""""",menyo20k,11
--- COVID-19: Igbákejì ààrẹ Òsínbàjò ń dágbé.,menyo20k,7
"Wó̩n fagi lée, wo̩n ò si so̩ ìdí kan pàtó fúnté̩sìwájú rè̩.",menyo20k,12
"""---Ààmì ìpinlẹ́mìí ni ìkọlù t""""ó wáyé ní Garkida - Ààrẹ Buhari.""",menyo20k,11
---Ọmọ ogun bàbujá ìkọlù Boko Haram ní Adamawa.,menyo20k,8
"""---Ààrẹ Buhari dúpẹ́ lọ́wọ́ àwọn """"Dókítà Láìní Ààlà"""" fún àtìlẹ́yìn wọn ní Nàìjíríà.""",menyo20k,13
"""Èyí ni láti ṣ""""ètò ìrànwọ́ fún irú àwọn ènìyàn báyìí.""",menyo20k,10
"""---Mínísítà fún ètò ìròyìn ṣ""""àlàyé nípa Ẹ̀yáwó Ẹ̀ẹ́dẹ́gbẹ̀ta mílíọ̀nù dọ́là láti China""",menyo20k,12
---Ààrẹ Buhari fọkàn ìpínlẹ̀ Plateau balẹ̀ lórí ètò àlàáfíà àti àṣeyọrí.,menyo20k,11
Àwọn orílẹ̀ èdè mìíràn máa ń dá owó padà.,menyo20k,9
Sùgbọ́n níbí ẹ fi dùn wá ti ẹ sì ní fún wa ní Kọ́bọ̀.,menyo20k,14
"""""""Irú ọjá tó wà ní orílẹ̀ èdè Nàìjíríà, kò sí irú rẹ̀ ní àgbáyé.""",menyo20k,14
---Coronavirus: Ìjọba Nàìjíríà ti múra sílẹ̀.,menyo20k,6
Ilé ìgbìmọ̀ aṣòfin Nàìjíríà àti Iran yóò fọwọ́sowọ́pọ̀,menyo20k,8
"""""""Mo mọ̀ pé orílẹ̀ èdè Iran ń la ìpèníjà kọjá bíi orílẹ̀ èdè Nàìjíríà.""",menyo20k,14
---Ilé ìgbìmọ̀ aṣòfin fòǹtẹ̀ lu adarí ilé-iṣẹ́ ọkọ̀ òfuurufú tuntun.,menyo20k,10
---Ilé-iṣẹ́ Ààrẹ rọ ọmọ orílẹ̀ èdè Nàìjíríà láti yàgò fún àwọn akọ̀ròyìn ayédèrú,menyo20k,13
---Gómìnà Borno sàbẹ̀wò ṣí Niger láti gba àwọn àtìpó tó wà níbẹ̀ padà,menyo20k,13
Ó wá bá àwọn agbègbè méjì tó kábàámọ̀ nínú ìṣẹ̀lẹ̀ náà kẹ́dùn.,menyo20k,12
Ilé-iṣẹ́ ọlọ́pàá ìpínlẹ̀ náà ti ní àwọn ti mú ọ̀kan lára ọ̀daràn ọ̀hún.,menyo20k,13
---Mínísítà pè fún ìbálẹ̀ọkàn ní ìpínlẹ̀ Bayelsa-.,menyo20k,7
Sylva sọ̀rọ̀ yìí lọ́jọ́ Àìkú nínú àtẹ̀jáde kan tí ó gbé síta nílùú Àbújá.,menyo20k,14
Ààrẹ Buhari kí Nasir el-Rufai kú orí-ire ọgọ́ta ọdún.,menyo20k,9
Ọ̀jọ̀gbọ́n Yakasai ni olùdarí ayẹyẹ ọ̀hún.,menyo20k,6
---Orílẹ̀ èdè Nàìjíríà gba orísirísi ìlànà láti tún ojú pópó ṣ̣e.,menyo20k,11
---Ààrẹ Buhari dé sí New York fún Ìpàdé Àpérò Àjọ UN.,menyo20k,11
---Àrùn Ebola àkọ́kọ́ ṣẹlẹ̀ ní ìlú Goma ní Orílẹ̀-èdè Ìjọba Àwarawa Olómìnira Congo.,menyo20k,13
Bí àrùn Ebola ṣ̣e wọ ìlú Goma,menyo20k,7
- Àjọ Elétò Ìlera Àgbáyé (WHO),menyo20k,6
---NMA dá àwọn Ìpínlẹ̀ lẹ́bi fún ipò àìdára ètò ìlera abẹ́lé,menyo20k,11
"""Ètò ìlera abẹ́lé jẹ́ kọnti nínú àtúnṣe ètò ìlera ní orílẹ̀-èdè.""""""",menyo20k,11
---Nàìjíríà tún ìpinnu rẹ̀ sọ láti ṣe ìgbélárugẹ ẹ̀tọ́ ọmọnìyàn,menyo20k,10
"""Ọ̀gbẹ́ni Hamza l""""ó ṣójú fún ọ̀gbẹ́ni Akpata níbi ayẹyẹ náà .""",menyo20k,11
"""---Igbákejì Ààrẹ Ọ̀ṣínbájò yóò ṣèpàdé pẹ̀lú Mike Pence, àti àwọn t""""ó kù l""""órílẹ̀-èdè Amẹ́ríkà""",menyo20k,14
---Muhammad-Bande di Ààrẹ Àpérò Àjọ UN,menyo20k,6
Oṣù Kesan-an ọdún 2019 ni ó bẹ̀rẹ̀ iṣẹ́.,menyo20k,8
"""---Awon ọmọ orílẹ̀-èdè Nàìjíríà ní ẹ̀yìn odi ń ṣ""""alágbàáwí fún ìdìbò láti ìlú òkèèrè.""",menyo20k,14
Gbogbo wa ni a ní lati ṣiṣẹ́ pọ̀ lati ṣe àṣeyọrí.,menyo20k,11
---Ààrẹ Buhari forílé orílẹ̀-èdè Saudi Arabia fún Ìpàdé àpérò OIC.,menyo20k,10
---Nàìjíríà rawọ́ ẹ̀bẹ̀ ìrànwọ́ sí U.S láti kojú ìṣòro àìríṣẹ́ṣe.,menyo20k,10
---Ààrẹ Buhari tẹ̀síwájú nínú ètò ìlànà ẹ̀sìn ní Makkah,menyo20k,9
"Gómìnà agbègbè Makkah, Prince Khalid Bin Faisal Al-Saud ni ó kí Ààrẹ káàbọ̀ ní Makkah.",menyo20k,15
"Lẹ́yìn ìgbàlejò, lógán ni ó bẹ̀rẹ̀ iṣẹ́ Umrah ní àṣálẹ́ ọjọ́ ẹtì.",menyo20k,12
---Ààrẹ Buhari yóò wà ní Saudi Arabia láti ṣe àwọn ìlànà-ẹ̀sìn ti Umrah.,menyo20k,13
---Orílẹ̀-èdè Nàìjíríà àti Angola yóò fọwọ́sowọ́pọ̀ láti mú ètò ààbò agbègbè-ságbègbè gbópọn sí i.,menyo20k,14
Augusto àti Onyeama ni wọ́n jọ tọwọ́bọ ìwé àdéhùn náà.,menyo20k,10
"Àwọn orílẹ̀-èdè méjèèjì ti gba àwọn wàhálà, àwọn ìpèníjà ìyípadà ojú-ọjọ́ àti ìwà ìpànìyàn.",menyo20k,14
"""---Ilé ìgbìmọ̀ aṣòfin f""""ọ̀ǹtẹ̀ lu Àbíké Dábírí-Erewa gẹ́gẹ́ bí adarí Àjọ Ẹ̀yìn odi""",menyo20k,13
"""---Ìjì-líle kọlu ìlú ilé-ìsìn l""""órílé-ẹ̀dè India lẹ́yìn tí ọ̀pọ̀ ènìyàn sá kúrò níbùgbé wọn""",menyo20k,14
"---Ọ̀pọ̀ farapa yánayàna, ẹnìkan pàdánù ẹ̀mí rẹ̀ nínú ìkọlù Venezuela.",menyo20k,10
---Ìpàdé àpérò lórí ìdàgbàsókè ètò ọrọ̀-ajé láàárín orílẹ̀-èdè Nàìjíríà-UK wáyé nílùú Àbújá.,menyo20k,12
"""---Ààrẹ Buhari p""""àṣẹ fún Adájọ́ Àgbà orílẹ̀-èdè Nàìjíríà láti dá sí ọ̀ràn Zainab""",menyo20k,13
Àjọ JAMB ṣe ìdánwò ní orílẹ̀-èdè méje ní ìlú òkèèrè.,menyo20k,10
Amẹ́ríkà kan sáárá sí fọwọ́sowọ́pọ̀ pẹ̀lú orílẹ̀-èdè Nàìjíríà láti fòpin sí àìsàn ibà.,menyo20k,13
---Ààrẹ Buhari fẹ́ ìmóríyá fún àwọn àgbẹ̀.,menyo20k,7
---Orílẹ̀-èdè Nàìjíríà pè fún ètó ààbò lórí ìmọ̀ ẹ̀rọ ìgbàlódé.,menyo20k,10
---ilẹ̀-rírì lórílè-èdè Indonesia: ó tó ènìyàn màrúndínlógún tí ó ti kú lẹ́yìn ọ̀pọ̀ ọdún ìjàmbá,menyo20k,15
---Orílẹ̀-èdè Korea fún Nàìjíríà ni ẹ̀gbẹ̀rún lọ́nà ẹ̀ẹ́dẹ́gbẹ̀ta owó dọ́là.,menyo20k,10
"---Èka èdè Yorùbá, Ohùn Nàìjíríà (VON) bẹ̀rẹ̀ ìgbòhùn sáfẹ́fẹ́ ní ìlú Àbújá.",menyo20k,12
---Igbákejì Ààrẹ yóò kópa níbi ìpàdé Africa-Europe ni Austria.,menyo20k,9
"""Ó lépa ìdásí Àjọṣe fún Ìmúrò Ìdókoòwò àti ìpèsè Iṣé.""""""",menyo20k,10
---Ààrẹ Buhari ṣèbọ̀wọ̀ fún àwọn tó pàdánù ẹ̀mí wọn lásìkò Ìṣẹ̀lẹ̀-ìpaninípakúpa.,menyo20k,11
---Nàìjíríà bá Amẹ́ríkà kẹ́dùn lórí ikú George Bush.,menyo20k,8
---Nàìjíríà kò ní pẹ́ gbé àwọn àkọsílẹ̀ ìwé àṣà fún ìdàgbàsókè ìgbáfẹ́ jáde.,menyo20k,13
"---WANEP, AU ṣe ìdánilẹ́kọ̀ọ́ nípa ààbò lásìkò ìjàm̀bá ètò ìdìbò.",menyo20k,10
Ààrẹ Buhari ní òun kì í ṣe ẹda.,menyo20k,8
"""Ó ṣàpèjúwe àwọn tí ó ń sọ̀rọ̀ yìí gege bi """"Aláìmọ̀kan àti aláìlẹ́sìn.""",menyo20k,13
Èmi kò ní pẹ́ ṣe ayẹyẹ ọjọ́ ìbí kẹrìndínlọ́gọ́rin mi.,menyo20k,10
---Ikọ̀ ọmọ-ogun ọlọ̀tẹ̀ Taliban ṣekú-pa ọlọ́pàá Afghan méjìlélógún.,menyo20k,8
---Ààrẹ Buhari gbà àmì ẹ̀yẹ fún akitiyan láti dénà àrùn rọmọlápá-rọmọlẹ́sẹ̀.,menyo20k,11
---Trump yóò yan ọ̀gágun tẹ́lẹ̀rí gẹ́gẹ́ bí aṣojú sílẹ̀ Saudi Arabia.,menyo20k,11
"""Nàìjíríà fẹ́ ìjìyà tó nípọn fún àwọn t""""ó ń ṣe owó ìlú mọ́kumọ̀ku.""",menyo20k,13
"""""""A gbọ́dọ̀ gbógun ti ìwà ìbàjẹ́ ní gbogbo ọ̀nà.""",menyo20k,9
Adaríkùnrin àti Adaríbìnrin ti Cornwall dé sí orílẹ̀-èdè Nàìjíríà.,menyo20k,9
Wíwá sí orílẹ̀-èdè Nàìjíríà wà lára ìrìnàjò rẹ̀ lọ sí ìlú Áfíríkà.,menyo20k,12
---Nàìjíríà ṣèlérí láti jẹ́ kí àwọn ènìyàn jẹ̀gbádùn ètò ìjọba tiwa-n-tiwa.,menyo20k,11
"""Ààrẹ tún ní """"Mo máa ń rí ọ ní gbogbo àwọn ìpínlẹ̀ orílẹ̀-èdè yìí.""",menyo20k,14
"""---Àwọn tó ń wa ekùsà l""""órílẹ̀-èdè Nàìjíríà yóò jẹ́ àǹfààní bílíọ́nù márùn-ún owó ìrànwó.""",menyo20k,14
---NIBUCAA: Àjọ Ìṣọ̀kan Àgbáyé yóò sàtìlẹ́yìn fún Nàìjíríà láti gbógun ti àrùn kògbóògùn.,menyo20k,13
Àjọ NIBUCAA ti ran àwọn ìpínlẹ̀ wọ̀nyí lọ́wọ́.,menyo20k,8
---Orílẹ̀-èdè Nàìjíríà ṣèlérí láti pèsè ètò ìrànwọ́ fún Sao Tome àti Principe.,menyo20k,12
"""---Àwọn orílẹ̀-èdè t""""ó wà lábẹ́ ECOWAS ṣèlérí láti ṣe okoòwò pẹ̀lú China.""",menyo20k,12
Àwọn ẹ̀kùn wa ní ọ̀pọ̀lọpọ̀ ohun nǹkan ìgbáfẹ́.,menyo20k,8
Alága ECOWAS dúpẹ́ lọ́wọ́ orílẹ̀-èdè China fún ètò okoòwò wọn nílẹ̀ Áfíríkà.,menyo20k,12
"""""""China tún ń pèsè ètò ìrànwọ́ fún àwọn aláìní.""",menyo20k,9
Jordan kìlò lórí ohun tó lè ṣẹlẹ̀ tí Amẹ́ríkà bá fòpin sí ìrànlọ́wọ́ Palestine.,menyo20k,14
"Nàìjíríà, Germany àti UN yóò ṣèpàdé lórí ikọ̀ ọlọ́tẹ̀ Boko haram.",menyo20k,11
"August 30, 2018 --- Gómìnà ìpínlẹ̀ Èkó gba adarí ìjọba Britain lálejò.",menyo20k,12
Ọ̀pọ̀ àwọn ọmọ orílẹ̀-èdè Britain ló ní okoòwò nílùú Èkó.,menyo20k,10
"""Ó sọ pé """"a ti sọ̀rọ̀ nípa ìmọ̀ ẹ̀rọ, ohun amáyédẹrùn àti ìdásílẹ̀ ilé-iṣẹ́.""",menyo20k,14
Ìbáṣepọ̀ tó wà láàárín ìlú Èkó àti orílẹ̀-èdè Britain bẹ̀rẹ̀ láti ọ̀pọ̀lọpọ̀ ọdún ṣ́eyìn.,menyo20k,14
Mo dúpẹ́ lọ́wọ́ gómìnà ìpínlẹ̀ Èkó.,menyo20k,6
---Ààrẹ Buhari ṣe ìpàdé bòńkẹ́lẹ́ pẹ̀lú Adarí ìjọba orílẹ̀-èdè Britain.,menyo20k,10
Ààrẹ Buhari àti àwọn Adarí ilé-iṣẹ́ ìjọba àpapọ̀ ni wọ́n wá pàdé May.,menyo20k,13
Orílẹ̀-èdè Nàìjíríà wà lára orílẹ̀-èdè tí May fẹ́ kàn sí nílẹ̀ Áfíríkà.,menyo20k,12
---Turkey ti àwọn afurasí mọ́lé látàrí ìkọlù sílé aṣojú orílẹ̀-èdè Améríkà.,menyo20k,11
"Ilé-iṣẹ́ ọlọ́pàá sọ pé, méjì nínú àwọn afurasí náà mu otí àmupara lásìkò ìkọlù náà.",menyo20k,15
"Ẹ̀wẹ̀, ìròyìn tún fi múlẹ̀ pé ẹnikẹ́ni kò farapa nínú ìkọlù náà.",menyo20k,12
---Iran ṣèlérí láti ṣàtìlẹyìn fún àtúnṣe orílẹ̀-èdè Syria.,menyo20k,8
"""---Ọkọ̀ òfuurufú tí wọ́n jígbé ní Seattle-Tacoma ti já l""""Érèkùsù kan.""",menyo20k,11
---Ìjọba Nàìjíríà yóò gbé àwọn oníbàrá ìrinnà ọkọ̀ òfuurufú Russia lọ sílé ẹjọ́.,menyo20k,13
A ò ní jẹ́ kí wọn lọ láì jìyà.,menyo20k,9
"Nítorí náà, ẹ fún wa ni ìwé àkọsílẹ̀ ti ẹ ni nípa wọn.",menyo20k,13
---Ààrẹ Trump yóò ṣàtúnṣe sí bàálù òfuurufú ti ààrẹ.,menyo20k,9
Ìpílẹ̀ tuntun àmọ́ṣá ìpílẹ̀ tuntun yìí yóò parí lọ́dún 2021.,menyo20k,10
"""Trump tún sọ pé """"a ó ní ọ̀pọ̀lọpọ̀ Ààrẹ, tí wọn yóò jẹ ànfààní yìí.""",menyo20k,15
Ilé-iṣẹ́ ọmọ ogun orí òfuurufú orílẹ̀-èdè Amẹ́rikà ní bàálù méjì̀.,menyo20k,10
---Ààrẹ Buhari dé sí Hague fún ìpàdé àgbáyé ICC.,menyo20k,9
---Ààrẹ Buhari dárò ikú aṣòfin Longjan,menyo20k,6
Ààrẹ wá gbàdúrà pé kí Ọlọ́run tẹ́ olóògbé náà sí afẹ́fẹ́ ire.,menyo20k,12
---Ilé-iṣẹ́ ọlọ́pàá kò ní kàárẹ̀ láti túbọ̀ máa gbógun ti ìwà ọ̀daràn.,menyo20k,12
Ilé ìgbìmọ̀ aṣòfin ń ṣe ìpàdé bòǹkẹ́lẹ́ pẹ̀lú adarí àwọn ọlọ́pàá Nàìjíríà.,menyo20k,12
"---Ààrẹ Muhammadu Buhari kẹ́dùn ikú ààrẹ orílẹ̀ èdè Kenya tẹ́lẹ̀rí, Arap Moi.",menyo20k,12
Ààrẹ wá gbàdúrà pé kí ọlọ́run tẹ́ olóògbé náà sí afẹ́fẹ́ ire.,menyo20k,12
"---Mínísítà sọ wípé ìgbóhùn sáfẹ́fẹ́ èdè Nàíjíríà, ọ̀kan nínú ohun tó ní òmìnira jùlọ.",menyo20k,14
---Gómìnà ẹgbẹ́ òṣèlú APC yóò fi àtúnṣe ètò òfin ránsẹ́ sí ilé ìgbìmọ̀ aṣòfin.,menyo20k,14
--- Anthony Joshua ń jíròrò lórí ibi ìgbáradì ṣaájú ìfigagbága pẹ̀lú Jarrell Miller.,menyo20k,13
--- Martial sún àkókò rẹ̀ síwájú nínú ikọ̀ Manchester United.,menyo20k,10
--- Sarri- Mi ò dí Hazard lọ́wọ́ tó bá fẹ́ lọ,menyo20k,11
--- Ikọ̀ agbábòọ̀lù obìnrin Dream Stars ṣàfihàn akọ́nimọ̀ọ́gbá tuntun.,menyo20k,9
--- Kò sí ìdánilójú ìṣàwárí Emiliano Sala tó di àwáàrí.,menyo20k,10
--- Petr Cech ti ikọ̀ Arsenal ṣetán àti fẹ̀yìntì nípàrí sáà yìí.,menyo20k,12
--- Àjọ NFF yan pápá ìṣeré Keshi fún ìfẹsẹ̀wọnsẹ̀ Seychelles àti Egypt.,menyo20k,12
--- Orílẹ̀-èdè Egypt ni ààyò láti gbàlejò ìdíje AFCON ti ọdún 2019.,menyo20k,12
--- Mbappe gba àmì-ẹ̀yẹ agbábọ́ọ̀lù orílẹ̀-èdè France tí ó dára jùlọ.,menyo20k,11
---Atamátàsé Ọmọ Ààrẹ Weah yóò dara pọ̀ mọ́ ikọ̀ agbábọ́ọ̀lù Celtic pẹ̀lú àyálò.,menyo20k,13
Weah sọ ọ́ di mímọ̀ lọ́jọ́ ìṣẹ́gun (Tuesday).,menyo20k,8
--- Èyí ni àtúpalẹ̀ àwọn ìfẹsẹ̀wọnsẹ̀ ìdíje EPL tí ó wáyé lópin ọ̀sẹ̀.,menyo20k,13
"Bákan náà, ikọ̀ agbábọ̀ọ̀lu Leicester City fẹ̀yìn Chelsea bẹ́lẹ̀ pẹ̀lú àmì ayò kan sí òdo.",menyo20k,15
--- ÀTẸ ÀJỌ FIFA: Ikọ̀ Super Eagles parí ọdún 2018 sípò kẹrìnlélógójì.,menyo20k,12
"Ipò àtẹ àjọ FIFA/Coca-Cola mìíràn yóò tún jáde lọ́jọ́ keje, oṣù kejì, ọdún 2019.",menyo20k,14
--- Mourinho kí mi káàbọ̀ padà sínú ìdíje Premier League - Ranieri,menyo20k,12
Ọ̀rẹ́ mi dạ́adáa ló jẹ́.,menyo20k,5
"Akínkanjú ọkùnrin, akọ́nimọ̀ọ́gbá àti Alákòóso ni ó jẹ́.",menyo20k,8
"--- Ilé-iṣẹ́ Ààrẹ, Àjọ NFF lọ pàdé ikọ̀ Super Falcons ní ìlú Àbújá.",menyo20k,13
"Ẹ jọ̀wọ́, ẹ sinmi dáradára.",menyo20k,5
--- Berhalter ti di kíkéde gẹ́gẹ́ bí akọ́nimọ̀ọ́gbá ikọ̀ agbábọ́ọ̀lù àwọn ọkùnrin orílẹ̀-èdè US.,menyo20k,14
À ń fojúsọ́nà láti ṣafihàn rẹ̀ lọ́jọ́ ìṣẹ́gun (Tuesday) nílùú New York.,menyo20k,12
--- Ààrẹ Buhari kí ikọ̀ Super Falcons kú oríire gbígba ife ẹ̀yẹ ilẹ̀ Adúláwọ̀.,menyo20k,14
--- Pinnick gbóríyìn fún ilé ìfowópamọ́ Zenith fún ìpegedé AFCON ọdún 2019,menyo20k,12
--- Ikọ̀ Super Falcons pegedé sí àṣekágbá ìdíje AWCON,menyo20k,9
"Pẹ̀lú èsì yìí, orílẹ̀-èdè Nàìjííríà ti pegedé sí àṣekágbá ìdíje AWCON ọdún 2019.",menyo20k,13
--- Didier Drogba fẹ̀yìntì nínú eré bọ́ọ̀lù àfẹsẹ̀gbá,menyo20k,8
--- Ààrẹ Buhari kí ikọ̀ Super Eagles kú oríire ìpegedé sínú ìdíje AFCON ọdún 2019,menyo20k,15
Ààrẹ Bùhárí fi àtilẹ́yìn gbogbo ìgbà Ìjọba Àpapọ̀ dá ikọ̀ Super Eagle lójú.,menyo20k,13
--- Belgium dúró ṣinṣin nínú ìdíje Líìgi UEFA Nations.,menyo20k,9
--- ìdíje Líìgì UEFA Nations: Croatia fìyà jẹ Spain,menyo20k,9
--- Djokovic po Zverev mọ́lẹ̀ nínú àṣekágbá ìdìje ATP,menyo20k,9
"--- IÌfẹsẹ̀wọnsẹ̀ pẹ̀lú Bafana: Musa, Balogun, àti àwọn ogún mìíràn gbáradì ní Asaba",menyo20k,13
"--- A kò bẹ̀ẹ̀rù ikọ̀ Nàìjííríà, Baxter tún un sọ.",menyo20k,10
--- Ikọ̀ orílẹ̀-èdè China dara pọ̀ mọ́ àwọn tí wọn ń lépa àtira Victor Moses,menyo20k,15
--- Rohr mú Afelokhai gẹ́gẹ́ bí arọ́pò Uzoho,menyo20k,8
--- Ikọ̀ Man City gòkè lẹ́yìn ìfakọyọ ńlá,menyo20k,8
--- Ìdìje Ìpege AFCON: Bafana Bafana dárúkọ ikọ̀ tí yóò kojú orílẹ̀-èdè Nàìjííríà,menyo20k,13
--- Ikọ̀ Nàìjííríà yóò pegedé sí ìdíje ife ẹ̀yẹ ilẹ̀ Adúláwọ̀ (AFCON) ọdún 2019: Rohr,menyo20k,15
"--- Ikọ̀ orílẹ̀-èdè Nàìjííríà gòkè, ipò kẹrìnlélógójì ni wọ́n wà báyìí lórí àtẹ ipò FIFA",menyo20k,15
Tunisia ni ó wà ní ipò kejìlélógún nígbà tí Senegal wà ní ipò karùndínlógbọ̀n.,menyo20k,14
--- Pliskova yege sínú ìpele tó kángun sí àṣekágbá ìdíje WTA,menyo20k,11
--- Messi di yíyọ sẹ́gbẹ̀ẹ́ fún ọ̀sẹ̀ mẹ́tà látàrí èṣe apá.,menyo20k,11
--- Mikel Obi gbósùnbà fún ikọ̀ Eagles,menyo20k,7
--- ìdíje ìpegedé (AFCON) ọdún 2019: Ìpàgọ ikọ̀ Eagles di ṣíṣí lónìí.,menyo20k,12
--- Rafael Nadal dúró lókè téńtè síbẹ̀ lórí àtẹ ATP,menyo20k,10
--- Musa gba àmì-ẹ̀yẹ agbábọ́ọ̀lù ọ̀sẹ̀ tí ó dára jùlọ nílẹ̀ Saudi.,menyo20k,12
--- ìdíje AFCON àwọn ọ̀jẹ̀ wẹ́wẹ́: Àjọ NFF yóò fún Eaglets ní ìmúrasílẹ̀ tó mọ́nyánlórí.,menyo20k,15
À ń wò tayọ Tanzania pẹ̀lú.,menyo20k,6
"--- Eaglets lu ikọ̀ Niger, wọn yóò kojú ikọ̀ Starlets Ghana ní aṣekágbá",menyo20k,13
Ó tún kópa fún ikọ̀ ilẹ̀ Gẹ̀ẹ́sì Manchester City àti Chelsea.,menyo20k,11
--- Hiddink jẹ́ yíyàn gẹ́gẹ́ bí akọ́nimọ̀ọ́gbá ikọ Olympic orílẹ̀-èdè China,menyo20k,11
"""--- ÀWỌN ÀWÒRÁN: Ikọ̀ Super Eagles ń yá òòrùn ilẹ̀ Seychelles""""""",menyo20k,11
--- LÍÌGÌ UEFA NATION: France ta ọ̀mị̀ òdo sí òdo pẹ̀lú Germany,menyo20k,12
--- Ikọ̀ Nàìjííríà gbéra lọ sí Idíje Ajẹmáyòtẹníísì àgbááyé.,menyo20k,9
--- Mà á ríi pé mo dúró pé nínú ikọ̀ City - Kompany,menyo20k,13
--- Ayò Hockey: Ìdíje Líìgì ọdún 2018 yóò bẹ̀ẹ̀rẹ̀ lọ́ àbámẹ́ta (Saturday),menyo20k,12
--- Ikọ̀ Falconets lè lu ikọ̀ Spain - Garba Manu,menyo20k,10
--- Ìpè fún ìṣonígbọ̀wọ́ ti jẹ́ fífi síta fún àwọn eré ìdárayá lórílẹ̀-èdè Nàìjííríà.,menyo20k,14
Ó sọ ọ́ di mímọ̀.,menyo20k,5
--- Àkàndá ẹ̀dá oníjó gba àwọn ọmọ orílẹ̀-èdè Kenya níyànjú.,menyo20k,10
--- Ìdí tí mo fi gba iṣẹ́ ikọ̀ Juventus - Ronaldo,menyo20k,11
"""""""Mo fẹ́ràn ìfigagbága, mo sì mọ̀ pé èyí yóò le.""",menyo20k,10
"""""""Ìdúrókíni tí mo gbà ní Allianz níbi jọ mí lójú.""",menyo20k,10
Ronaldo ṣèlérí láti fi òpin sí ọ̀dá ife European tí ó bá ikọ̀ Juventus.,menyo20k,14
--- VON gba àmì ẹyẹ ìdíje Teníìsì orí tábìlì Obìnrin tí NUJ gbé kalẹ̀.,menyo20k,14
--- Ìròhìn gbangba: Ronaldo dara pọ̀ mọ́ ikọ̀ Juventus pẹ̀lú àdéhùn àrùnlélọ́gọ́rùn-ún mílíọ́nu owó pounds.,menyo20k,15
--- Mahrez tọwọ́ bọ ìwé àdéhùn ọdún márùn-ún pẹ̀lú ikọ̀ Man City,menyo20k,12
Wíwò wọ́n lókèèrè jẹ́ oun tí ó máa ń wù mí..,menyo20k,11
---Spain yan Luis Enrique gẹ́gẹ bí akọ́nimọ̀ọ́gbá tuntun.,menyo20k,8
Luis Enrique tọwọ́ bọ àdéhùn ọdún méjì.,menyo20k,7
--- Ife ẹ̀yẹ àgbááyé di ṣíṣàfihàn ní Moscow,menyo20k,8
--- Tite gba àdéhùn ọdún mẹ́rin mìíràn.,menyo20k,7
Ìsọ̀kan àwọn Oníròyìn náà fẹ ọ̀rọ̀ náà lójú:,menyo20k,8
Díaz tún jẹ́ olùkópa nínú ẹgbẹ́ Ohùn Àgbáyé fún ọdún mẹ́wàá.,menyo20k,11
Ó ti ṣe àwárí ìjápọ̀ nínú ìlú (láti ìtakò sí ibi ìṣẹ̀ṣe) #NiboniLuisCarlosWa.,menyo20k,13
Kò sí ẹ̀rí tí ó fi ẹsẹ̀ rinlẹ̀.,menyo20k,8
Wákàtí méje ti ré kọjá lọ tí Luis Carlos Díaz ti di àwátì.,menyo20k,13
"radionet Luis Carlos Díaz, ti wà nínú àtìmọ́lé agbófinró Ìlú.",menyo20k,10
A bá a kẹ́dùn ipò tí ó wà.,menyo20k,8
Ẹ̀ṣẹ̀ ni bí o bá gbó ìjọba lẹ́nu (tako ìjọba),menyo20k,10
Abala 3a sí b (i) ti ìwé àbádòfin ìlò ẹ̀rọ alátagbà sọ wípé:,menyo20k,13
Èyí léwu nítorí ó fi àyè gba àwọn onípò àṣẹ láti lo agbára nílòkulò.,menyo20k,14
Ta ní í sọ bóyá gbólóhùn kan lè fa rògbòdìyàn?,menyo20k,10
Àwọn aṣojú-ṣòfin tí ó wà lẹ́yìn ìwé àbádòfin ẹ̀rọ alátagbà náà,menyo20k,11
Àjọ Elétò (INEC) gba ẹ̀sùn náà mọ́ra.,menyo20k,7
Moro kó owó sápòo rẹ̀ bẹ́ẹ̀ náà ó fo òfin ìgbanǹkan Aṣọ́bodè dá.,menyo20k,13
"""""""Kò nílò ìdákẹ́ jẹ́jẹ́, ìbẹ̀rù bojo tàbí ìkáàánú-araẹni"""" - #SayNoToSocialMediaBill!""",menyo20k,10
"Ó jẹ́ ohun ìyàlẹ́nu, àwọn olóṣèlúu ló léwájú níbi ká gbé gbólóhùn irọ́ sórí ayélujára.",menyo20k,15
Twitter di pápá ogun fún gbólóhùn irọ́ lásìkò ìdìbò orílẹ̀-èdèe Nàìjíríà ọdún-un 2019,menyo20k,13
"A sọ, a kọ, a p'èdè.",menyo20k,6
Ìwé àbádòfin ìlò ẹ̀rọ alátagbà náà ti jẹ́ kíkà ní ìgbà kejì nínú ìgbìmọ̀ Aṣojú-ṣòfin.,menyo20k,15
"""""""Èyí ni ìpinnu tí ó dára jù lọ tí ilé-ẹjọ́ yóò ṣe""""""",menyo20k,12
Àwọn ọmọ orí ayélujára ṣíra láti fi ìdùnnúu wọn hàn lóríi ìdájọ́ náà.,menyo20k,13
Gyumi rọ Ilé-ẹjọ́ Gíga láti gbé àlàálẹ̀ LMA tì sẹ́gbẹ̀ẹ́.,menyo20k,10
Ilé-ẹjọ́ Gíga kò ṣe bẹ́ẹ̀.,menyo20k,5
Kà síwájú sí i: Mozambique sọ ìsoyìgì ọmọdé di ìwà ọ̀daràn,menyo20k,11
Mo lérò wípé ìjọba ní àwọn agbẹjọ́rò tó ká ojú òṣùwọ̀n.,menyo20k,11
"""""""Ọ̀pọ̀lọpọ̀ ìlú ti kọ̀yìn síjọba lórí ìgbésẹ̀ yìí""""""",menyo20k,8
Àgékù ohun tí ó ń ṣẹlẹ̀ ní Guinea láti ìròyìn ránpẹ́ France 24 kan.,menyo20k,14
A rọ àwọn ọ̀dọ́ ẹgbẹ́ òṣèlú náà láti kún fún ìṣọ́ra ní ojúu pópó.,menyo20k,14
Ìkọlù wáyé ní àwọn agbègbè tí ó wà ní àárín olú ìlú orílẹ̀-èdè náà.,menyo20k,14
Káràkátà dẹnu kọlẹ̀ ní àárín gbùngbùn ibi ìṣàkóso ìlú ní Kalou.,menyo20k,11
Ènìyàn díẹ̀ ni ó jáde ní ìgbèríko àti Òkèe Guinea.,menyo20k,10
"Àmọ́ ṣá, ọ̀pọ̀lọpọ̀ ìlú ti kọ̀yìn síjọba lórí ìgbésẹ̀ yìí.",menyo20k,10
"Ní oríi benbere.org, gbàgede ìtàkùrọ̀sọ fún àwọn ọ̀dọ́ ní Mali, akọ̀ròyin búlọ́ọ̀gù Adam Thiam kọ:",menyo20k,15
Àwọn ọmọ ìlú orí ayélujára fajúro sí ìṣẹ̀lẹ̀ náà lórí ẹ̀rọ alátagbà:,menyo20k,12
"Lọ́jọ́ 15 oṣù Ọ̀wàrà, akọ̀ròyin Guinea Bhiye Bary kọ:",menyo20k,9
"Ẹ̀yin aráa Guinea, ẹ mú ọkàn le!",menyo20k,7
Ajìjàǹgbara Guinea Macky Darsalam sọ ti ìgbésẹ̀ láti tọwọ́ bọ èròńgbà àwọn ará ìlú lójú:,menyo20k,15
#SexForGrades: Ètò Alálàyé-afẹ̀ríhàn tú àṣìírí ìwà ìyọlẹ́nu ìbálòpọ̀ ní àwọn Ifásitìi Ìwọ-oòrùn Ilẹ̀-Adúláwọ̀,menyo20k,13
"""Ìjọ Ajíhìnrere Foursquare ti dá Igbeneghu dúró """"lẹ́nu iṣẹ́ ìhìn rere.""""""",menyo20k,11
Àwọn ọ̀jọ̀gbọ́n oníṣìná ilé ẹ̀kọ́ gíga Nàìjíríà ti ba ti àwọn obìnrin jẹ́.,menyo20k,13
Ṣé Eré ìfẹ́ fún ojú-àmì Ẹ̀kọ́ #SexForGrades ni ìjìjàngbara ilé ìjọsìn #ChurchToo tuntun?,menyo20k,13
Kà síwájú sí i: Àlùfáà tàbí apanijẹ bí ẹ̀pa?,menyo20k,9
"Fún ọdún mẹ́fà tí ó ré kọjá lọ, Fátóyìnbó aródẹ́dẹ́ ti rí ìfẹ̀sùnkàn ìfipábánilòpọ̀ ọ̀kan-ò-jọ̀kan.",menyo20k,15
"Síbẹ̀, ìfọ̀rọ̀wánilẹ́nuwò tí Dakolo ti fẹ̀sùn kan Fátóyìnbó dá awuyewuye sílẹ̀ lórí ayélukára bí ajere.",menyo20k,15
Ó fún àwọn obìnrin ní àǹfààní láti wí ti ẹnu wọn.,menyo20k,11
Ìgbà àti àkókò nìkan ni yóò sọ.,menyo20k,7
Ilé-ẹ̀kọ́ Orin Kíkọ Àwọn Orílẹ̀-èdè Dhow f'orin ṣègbélárugẹ àṣàa Swahili,menyo20k,10
Ìfiyèsí Alákòóso Ìwé Títẹ̀: Òǹkọ̀wé àtẹ́jádé yìí ti ṣiṣẹ́ ọ̀fẹ́ pẹ̀lú DCMA.,menyo20k,12
Ìṣọdẹ-àjẹ́ ṣì ń gba ẹ̀mí àwọn ènìyàn ní ìgbèríko India,menyo20k,10
Ìletò kan ní ẹ̀báa Jamshedpur ní Jharkhand. Àwòrán láti ọwọ́ọ Anumeha Verma,menyo20k,12
Mẹ́jọ nínú àwọn ènìyànkéènìà wọ̀nyí ti wà ní akóló ọlọ́pàá.,menyo20k,10
"""Àrùn T""""ó Ń Peléke Sí i""",menyo20k,6
FLAC ti ń ṣe àtọ́nàa ìṣòfin tí ó tako ìṣọdẹ-àjẹ́ ní Jharkhand.,menyo20k,12
"Àgbájọ àwọn ènìyànkéènìà kan dìgbò lù ú, wọ́n sì pa ọkọ àti ọmọ rẹ̀ ọkùnrin.",menyo20k,15
Wọ́n sọ fún wọn wípé àwọn dúró lé oríi ẹ̀sùn tí wọ́n fi kan àwọn.,menyo20k,15
Prem Chand sọ wípé ó kan apá kan nínú àwọn ọmọ ìlú:,menyo20k,12
"Àwọn tí ó f'ara kááṣá wọ̀nyí ni àwọn Adivasis, Harijans àti Dalits.",menyo20k,12
Gẹ́gẹ́ bí Prem Chand ṣe ti sọ:,menyo20k,7
Ìṣẹ̀lẹ̀ 2017 ní ipínlẹ̀ Rajasthan.,menyo20k,5
"Nígbà mìíràn, àwọn èsùn náà àti ìjìyà ẹṣé máa wá láti ọ̀dọ̀ mọ̀lébíi wọn.",menyo20k,14
Chutni Mahato ti Saraikela ní Jharkhand jẹ́ ọ̀kan lára wọn.,menyo20k,10
"""Àwọn ènìyàn láti agbègbè náà máa ń pè é ní """"tigress.""""""",menyo20k,11
"Síbẹ̀síbẹ̀, mo ti jìyà nítorí ìwà pálapàla yìí.",menyo20k,8
Àwọn ẹni-tórí-kó-yọ àti ajàfẹ́tọ̀ọ́-ènìyàn rò wípé àwọn ènìyàn gbogbo kò ti ìfòpin sí ìṣọdẹ-àjẹ́ lẹ́yìn.,menyo20k,15
"""Akitiyan láti f""""òpin sí ìṣọdẹ-àjẹ́ lè tẹ̀lé ìlànà tí ìjọba fi polongo ètò mímọ̀ọ-kọ-àti-mímọ̀ọ-kà.""",menyo20k,14
Ẹsẹ̀ẹ rẹ̀ kan ti lu páḿpẹ́ àwọn ajérangbépa.,menyo20k,8
"Ọ̀dọ́ erin mìíràn, Ayeyar Maung náà rí nǹkan.",menyo20k,8
"Kí ó tó di èròo àgọ́ náà, erin oṣù mẹ́fà náà ti lu okùn.",menyo20k,14
"Lọ́wọ́ lọ́wọ́ báyìí, Myanmar yóò fẹ́rẹ̀ẹ́ ní tó erin ẹgàn 1,500.",menyo20k,11
Kí ni ohun tí ń pàwọ̀dà ní pàtó?,menyo20k,8
Ìpele ìpàwọ̀dà kejì yóò jẹ́ ìtọ́ka sí ìpàwọ̀dà iyùn kárí ayé àti ikú iyùn.,menyo20k,14
"Kódà, ìṣọ́ ọlọ́sẹ̀ méjìláa NOAA Tobago tan pinpin àyípadà yìí dé iyùn Lesser Antilles.",menyo20k,14
Ohun tí ó léwu ni ìpàwọ̀dàa iyùn.,menyo20k,7
"Bí ẹjá bá sì tán lómi, iṣẹ́ bọ́ lọ́wọ́ àwọn apẹja nìyẹn.",menyo20k,12
Kí ni a lè ṣe láti dẹ́kun rẹ̀?,menyo20k,8
Ó sọ síwájú sí i:,menyo20k,5
Ganase gbà wípé ọ̀ràn náà gba àtúnṣe ní kíákíá.,menyo20k,9
Ìrìn-àjò: Ìpẹ̀kun eré-ìdárayá fún Ọmọ-adúláwọ̀,menyo20k,5
Àwòràn olójìjì láti ọwọ́ọ Natasha Sinegina (CC BY-SA 4.0).,menyo20k,9
Àwòrán ojú-ewé ìwé ìrìnnà látọwọ́ọ Jon Evans (CC BY 2.0).,menyo20k,10
Àtúntò àwòrán-an látọwọ́ọ Georgia Popplewell.,menyo20k,5
"""Òǹkọ̀wée ọmọbíbíi Kenya Ciku Kimeria ṣe àlàyé gbígbé láìsí iyì """"ẹ̀tọ́ sí ìwé-ẹ̀rí-ọmọìlú-fún-ìrìnnà.""""""",menyo20k,13
"""Awọn àgbá bọ̀, inú dídùn l""""ó ń mú orí yá.""",menyo20k,10
Wọ́n pa ohùn mọ́ mi lẹ́nu!,menyo20k,6
Ìṣòro: Fún àwọn Ọmọ-adúláwọ̀ tí ó ń ṣe ìrìnàjò nínúu Ilẹ̀-adúláwọ̀,menyo20k,11
Ìpòyì lórí òfuurufú náà gbọ́mọ pọn pẹ̀lú owó kanangú fífò lókè láàárín Ilẹ̀-adúláwọ̀.,menyo20k,13
Ǹjẹ́ òtítọ́ ni wípé ó ṣeéṣe kí Ọmọ-adúláwọ̀ ó máà padà wálé?,menyo20k,12
Iṣẹ́ ìdóòlà-ẹ̀mí ní oríi omi Erékùsù Canary ní 2006.,menyo20k,9
Àwòrán láti ọwọ́ọ Noborder Network. (CC BY 2.0),menyo20k,8
Ọ̀gọ̀rọ̀ ló wá láti àwọn Ìlú Gúúsù Aṣálẹ̀ Sahara.,menyo20k,9
"Àwọn ìròyìn abanilórúkọjẹ́ wọ̀nyí, ni ó ń fa sábàbí ìlànà-iṣẹ́ ìwé ìrìnnà:",menyo20k,12
O leè ká apá kejì ìròyìn náà níbí.,menyo20k,8
"A ṣe ìbúra fún Buhari fún sáà kejì ọlọ́dún mẹ́rin lọ́jọ́ 29, oṣù karùn-ún, 2019.",menyo20k,15
Èyí fi ojú hàn lásìkò ìbò nígbàtí àwọn olóṣèlú lo ẹlẹ́yàmẹ́lẹ́yá fi polongo ìbò.,menyo20k,14
"Láti ilẹ̀, ìtàkùrọ̀sọ lórí ayélujára ní Nàìjíríà kò lọ láì sí ìkórìíra.",menyo20k,12
Kà sí i: Nàìjíríà: Gbígbógun ti àpọ̀jù ìkórìíra ẹ̀yà tẹ̀gbintẹ̀gbin - lójúkorojú àti lórí ayélujára,menyo20k,15
Twitter di irinṣẹ́ fún ìgbéròyìn ìkórìíra ẹ̀yà tẹ̀gbintẹ̀gbin jáde àti ohun èlò fún ẹgbẹ́ olóṣèlú.,menyo20k,15
Ó fẹ́ jọ àtúnwáyé ìṣẹ̀lẹ̀ 2015 ṣùgbọ́n pẹ̀lú atakànàngbọ̀n mìíràn.,menyo20k,10
A ká àwọn ìkíyèsí yìí sílẹ̀ láti orí ayélujára ní àsìkò yìí.,menyo20k,12
Àwòrán 1: Túwíìtì irọ́ ti Festus Keyamo,menyo20k,7
Àwòrán 2: Àṣírí bi tí àwòrán tí Keyamo tari síta wà ní ti òtítọ́.,menyo20k,14
Bí igí ṣe ń wù sí àárín ojú irin ní 1999 sí 2015...,menyo20k,13
Túwíìtì náà jẹ́rìí wípé Lebanon ni àwòrán ọ̀hún ti ṣẹ̀ wá.,menyo20k,11
Àwòrán 3: Ọ̀rọ̀ ìkórìíra ẹ̀yà tẹ̀gbintẹ̀gbin,menyo20k,6
Bákan náà ni ó mú túwíìtì ìsọkúsọ náà wálẹ̀ (Àwòrán 3).,menyo20k,11
Allah l'ó pa á láṣẹ láti gbẹ́ ilé Ọlọ́run fún ètò ìgbéyàwó sísàlẹ̀ ilẹ̀.,menyo20k,14
"Àwòrán láti ọwọ́ọ Amanda Leigh Lichtenstein, a fi àṣẹ lò ó.",menyo20k,11
Ìran náà wá nípasẹ̀ àwòrán ìtọ́nà tí ó rí lójú àwọn àláa rẹ̀.,menyo20k,13
"""""""Ọlọ́run fi nǹkankan bí àwòrán-ìtọ́nà hàn mí,"""" Ouma sọ fún BBC Swahili.""",menyo20k,12
"Nígbà yẹn, nígbà tí mò ń wa ilẹ̀, àwòrán-ìtọ́nà yìí ni mo tẹ̀lé.",menyo20k,13
"Nínú ìyẹ̀wù kan, ó ní òkúta kan tí a kọ ọ̀rọ̀ọ Jésù sí lára.",menyo20k,14
Ouma gbàgbọ́ wípé òun ń mú májẹ̀mú mìíràn pẹ̀lú Ọlọ́run padà wá sílé ayé.,menyo20k,14
Ìpele kejì ń bọ̀ lọ́nà.,menyo20k,5
Èyí ni ìpele àkọ́kọ́ ti májẹ̀mú náà.,menyo20k,7
Àwòrán láti ọwọ́ọ Amanda Leigh Lichtenstein.,menyo20k,6
"Ní ọ̀gànjọ́, ó ríran rí wúrà.",menyo20k,6
Àwọn àfẹ́sọ́nà kan ti ṣe ètò ìgbéyàwó níbé.,menyo20k,8
Kíni ìdí irẹ̀ tí Donald Trump ṣe l'ókìkí ní Nàìjíríà?,menyo20k,10
Trump ní ọ̀pọ̀lọpọ̀ olólùfẹ́ ní gúúsù orílẹ̀-èdèe Nàìjíríà,menyo20k,8
"Àwòrán láti ọwọ́ọ Samira Bouaou/The Epoch Times, CC BY 2.0.",menyo20k,10
Àwọn ọmọ Amẹ́ríkà rí i bí àkàndá ènìyàn.,menyo20k,8
Ìhùwàsíi rẹ̀ kò bá tayé mu.,menyo20k,6
Kì í ṣe ẹni tí wọ́n sọ pé ó jẹ́.,menyo20k,10
Àwọn Ọmọ lẹ́yìn-in Krístì nífẹ̀ẹ́ẹ Trump,menyo20k,6
"Cheta Nwanze, Olórí Ìwádìí ní SBM Intelligence sọ fún Ohùn Àgbáyé:",menyo20k,11
Ó hùn mí láti mọ IBI tí wọ́n ti ṣe ìwádìí-àyẹ̀wò yìí ní Nàìjíríà.,menyo20k,14
"Àárín gbùngbùn Àríwá, Àríwá Ìlà-oòrùn, Àríwá Ìwọ̀-oòrùn, Àjìǹdò-gúúsù, Ìwọ̀-oòrùn gúúsù, àti Ìlà-oòrùnun gúúsù.",menyo20k,13
"Síbẹ̀, ọ̀pọ̀ ọmọ Nàìjíríà ló fẹ́ràn-an Trump.",menyo20k,7
Twitter di pápá ìròyìn ayédèrú lásìkò Ìdìbò ọdún-un 2019 ní Nàìjíríà,menyo20k,11
O lè ka apá kìíní níbí.,menyo20k,6
Túwítà di ohun èlò fún ìsọkiri ọ̀rọ̀ ìkórìíra ẹ̀yà àti ọ̀rọ̀ ẹgbẹ́ òṣèlú.,menyo20k,13
Àsìkò ìdìbò ọdún 2019 ò yàtọ̀ rárá.,menyo20k,7
Àwọn ọmọ orílẹ̀-èdèe Nàìjíríà náà fi èròo wọn hàn.,menyo20k,9
Akọ̀ròyìn Abdulbaqi Jari túwíìtì pé:,menyo20k,5
Ìròyìn ayédèrú àti ìṣèlú ní àwọn orílẹ̀-èdè ilẹ̀ Adúláwọ̀,menyo20k,9
Obi jẹ́ gómìnà ìgbà kan rí ní ìpínlẹ̀ Anambra ní gúúsù-ìlà oòrùn Nàìjíríà.,menyo20k,13
Atọ́ka 2: Àwòrán Túwíìtì kan láti ọwọ́ Nasir El-Rufia,menyo20k,9
Ohun tí El-Rufai sọ yìí ò mú kí ipò igbákejì ààrẹ tọ́ fún Obi.,menyo20k,14
Kí ni ohun tí ó ṣẹlẹ̀ gan-an?,menyo20k,7
Atọ́ka 3: Àwòrán Túwíìtì kan láti ọwọ́ Jubril A. Gawat,menyo20k,10
Nàìjíríà jẹ́ orílẹ̀-èdè kan tí ọ̀rọ̀ ẹ̀yà ti rinlẹ̀ gan-an.,menyo20k,10
Atọ́ka 6: Àwòrán Túwíìtì kan láti ọwọ́ Souljah,menyo20k,8
Ọ̀rọ̀ Àtakò lórí Ayélujára: ọ̀ràn ní Nàìjíríà,menyo20k,7
Kà sí i: Báwo ni ìsọkiri yóò ṣe to ìdìbò ààrẹ orílẹ̀-èdèe Nàìjíríà ti 2019?,menyo20k,15
Ilẹ̀-Adúláwọ̀ rí àbọ̀ ẹgbẹẹgbẹ̀rún-lọ́nà-ẹgbẹ̀rún owóo dollar láti ọ̀dọ̀ Ilé-ìfowópamọ́sí ńláńlá fún ìgbéfúkẹ́ Iléeṣẹ́ ọgbọ́n àtinudá,menyo20k,15
Ó sọ̀rọ̀ síwájú sí i:,menyo20k,5
Bákan náà ni Omarah gbóríyìn fún iléeṣẹ́ eré orí ìtàgé Nollywood ti Nàìjíríà.,menyo20k,13
"Àlùfáà George Bako sọ̀rọ̀ níbi àpérò Ọjọ́ Ẹ̀rọ-ìgbóhùnsáfẹ́fẹ́ Àgbáyé ní Èkó, orílẹ̀-èdèe Nàìjíríà.",menyo20k,13
"Àwòrán láti ọwọ́ọ Ọmọ Yoòbá, tí a gba àṣẹ láti lò.",menyo20k,11
"""""""Iléeṣẹ́ Rédíò àkọ́kọ́ ní Nàìjíríà tí a dá sílẹ̀ ní Ìbàdàn ní ọdún-un 1939.""",menyo20k,14
"""Ìkànnì-i Kano ló tẹ̀lée ní 1944,"""" gẹ́gẹ́ bí iléeṣẹ́ ìròyìn oríaayélujára Legit ti ṣe ṣàlàyé.""",menyo20k,15
Kà síwájú sí i: Nàìjíríà: Ìlú tí ó kùnà - òótọ́ tàbí ìwòye?,menyo20k,13
"Mo tẹ àwọn ohun-àtẹ̀-àṣẹ ara rẹ̀, ó sì tàn.",menyo20k,9
"Àwòrán láti ọwọ́ọ Ọmọ Yoòbá, a gba àṣẹ láti lò ó.",menyo20k,11
Àwọn àgbà ọ̀jẹ̀ẹ sọ̀rọ̀sọ̀rọ̀ bíi Cordelia Okpei àti àwọn tó kù wá sí ayẹyẹ náà.,menyo20k,15
Ǹjẹ́ ìlànà ìṣọwọ́kọ Yorùbá tuntun yóò di lílò lọ́jọ́ iwájú bí?,menyo20k,11
"Olóyè Tolúlàṣẹ Ògúntósìn dúró lẹ́gbẹ̀ẹ́ ọba ilẹ̀-Yorùbá káàfàtà, Ọọ̀ni ti Ilé-Ifẹ̀, lórí ìjókòó.",menyo20k,13
Olóyè Ògúntósìn ló yànda àwòrán.,menyo20k,5
25 ni gbogbo àwọn àmì wọ̀nyí lápapọ̀.,menyo20k,7
Kà sí i: Ọ̀rọ̀ àyálò nínú èdè Yorùbá: Bí èdè ṣe yí padà,menyo20k,13
Ìṣàyèwò 'alífábẹ́ẹ̀tì tó ń sọ̀rọ̀ ',menyo20k,6
"Nígbà tí ó délé, òkùnkùn bo iyàrá birimùbirimù.",menyo20k,8
Ó tú gbogbo ilé kí ó tó wá rí i ní kọ̀rọ̀ ilé.,menyo20k,13
Mo lálàá wí pé mo lọ sí inú oòrùn.,menyo20k,9
Arẹ́gbẹ́ṣọlá ni Mínísítà fún Ètò Abélé fún orílẹ̀-èdè Nàìjíríà ní sáà ti a wà yìí.,menyo20k,15
Ìgbésẹ̀ tí ó mú ìwúrí dání ni alífábẹ́ẹ̀tì Odùduwà náà.,menyo20k,10
"Ṣùgbọ́n, sísún láti ìlànà Látíìnì sí ìlànà tuntun ni yóò mú ìpèníjà ńlá lọ́wọ́.",menyo20k,14
Ọ̀rọ̀ àyálò nínú èdè Yorùbá: Bí èdè ṣe yí padà,menyo20k,10
Ṣé àkàrà ni ò ń pè àbí bean cake?,menyo20k,9
Àjọṣepọ̀ láàárín onírúurú èdè ti wà láti ayébáyé.,menyo20k,8
Ìṣẹ̀lẹ̀ yìí kò yọ ìran Yorùbá sílẹ̀.,menyo20k,7
"""A pe """"phone"""" ní fóònù, """"ball"""" di bó̩ò̩lù, """"television"""" ni te̩lifís̩ó̩ò̩nù, àti bẹ́ẹ̀ bẹ́ẹ̀ lọ.""",menyo20k,15
"""Àwọn gbólóhùn """"àyálò"""" wọ̀nyí mú èdè Yorùbá fẹjú sí i.""",menyo20k,10
"Fún àpẹẹrẹ, àmàlà jẹ́ oúnjẹ tí ó ilẹ̀ Yorùbá lókìkí, pàápàá ní òkè òkun.",menyo20k,14
"Torí ìdí èyí, a fi àfòmọ́ ìparí -ious èdè Gẹ̀ẹ́sì kún ọ̀rọ̀ ìpìlẹ̀ Yorùbá.",menyo20k,14
"Ní ìparí, èyí yóò túbọ̀ mú kí iṣẹ́ ìwádìí èdè Niger-Congo ó rinlẹ̀.",menyo20k,13
Ọ̀pọ̀lọpọ̀ ògbufọ̀ tí ẹ̀rọ ṣe ni kò nítumọ̀.,menyo20k,8
"Aṣàmúlò Ẹgbẹ́ Wikimedia Orílẹ̀-èdè Nàìjíríà, oṣù Ọ̀wàrà ọdún 2018 láti orí Wikimedia Commons CC.BY.2.0.",menyo20k,14
"Bákan náà, ló kù díẹ̀ káàtó, kò ṣe déédéé?",menyo20k,9
"Fún àpẹẹrẹ, gbólóhùn Yorùbá bí i ayaba àti ọbabìnrin ní ìtumọ̀ tó yàtọ̀.",menyo20k,13
"""Ọ̀pọ̀lọpọ̀ ẹ̀rọ ní í máa tú ìmọ̀ gbólóhùn méjèèjì sí """"queen.""""""",menyo20k,11
Èyí sì ti fẹ bí a ti ṣe ń lo àwọn èdè wọ̀nyí lójú.,menyo20k,14
"Látàrí àwọn ẹ̀rọ tuntun wọ̀nyí, ìpèdè ọ̀pọ̀lọpọ̀ èdè Ilẹ̀-Adúláwọ̀ ti lé kún sí i.",menyo20k,14
"""Ẹ̀wẹ̀wẹ̀, èdè Igbo náà ní ọ̀rọ̀ bí i ekwè nti (""""telephone"""") àti ugbọ̀ àlà (""""vehicle"""").""",menyo20k,15
A ṣẹ̀dá àwọn orúkọ yìí ní ìbámu pẹ̀lú iṣẹ́ tí wọ́n ń ṣe.,menyo20k,13
Ìyè ni Ara-jíjẹ àti ẹ̀jẹ̀ mímu.,menyo20k,6
"Ènìyàn 89 ló ti lùgbàdì COVID-19 ní Greece, láìsí ẹni tó kù.",menyo20k,12
"Ó ti tó ẹni 28 tó ti kó o ní Romania, mẹ́fà ní Bulgaria.",menyo20k,14
Ilé ayé ti rí bí coronavirus àkọ́kọ́ irú ẹ̀ ṣe lè ràn níbi ìpéjọ ajẹmẹ́sìn.,menyo20k,15
1. Gbogbo onígbàgbọ́ yóò wọ ìbomúbẹnu lásìkò tí ìsìn bá ń lọ lọ́wọ́.,menyo20k,13
3. Wọn kò ní gba ẹnìkan lọ́wọ́.,menyo20k,7
4. Wọn kò ní f'ẹnu ko Àlùfáà ìjọ lọ́wọ́.,menyo20k,9
"5. Wọn kò ní fẹnu ko àwọn Ère, àmọ́ wọn ó tẹríba níwájú wọn.",menyo20k,14
6. Wọn kò ní lo àwọn ìwé àdúrà nígbà ìsìn.,menyo20k,10
8. Oúnjẹ Àpèjẹ Ifẹ̀ kò ní jẹ́ pínpín lọ́jọ́ Àìkú.,menyo20k,10
9. Àwọn ìpàdé ẹlẹ́gbẹ́jẹgbẹ́ àti ti àwọn tó ń kọ́ ìsìn Ọlọ́run kò ní wáyé.,menyo20k,15
Check Yẹ àwọn iṣẹ́ àkànṣe Ohùn Àgbáyé lórí arapa COVID-19 lágbàáyé.,menyo20k,11
"Ìfòfindèrìnàjò àwọn orílẹ̀-èdè 13 tí ènìyàn tó ti kó COVID-19 ju 1,000 lọ",menyo20k,13
"Àwòrán láti ọwọ́ Pete Linforth ní Pixabay. Ìlò àwòrán pẹ̀lú àṣẹ Pixabay, fún ìlò gbogboògbò.",menyo20k,15
Yẹ àkọsílẹ̀ àkànṣe Global Voices wò lórí ipa COVID-19 lágbàáyé.,menyo20k,10
"Ara rẹ̀ ti ń balẹ̀, ó sì ń dáhùn sí ìtọ́jú dáadáa.",menyo20k,12
Ìjọba àpapọ̀ sì fi òfin de fífún àwọn ènìyàn ní visa Nàìjíríà.,menyo20k,12
A gba àṣẹ láti lo àwòrán.,menyo20k,6
"Ojú ọ̀nà Santa Maria, Cape Verde. Àwòrán láti ọwọ́ọ Miccaela, Wikimedia Commons. CC-BY 3.0",menyo20k,14
Gẹ́gẹ́ bí ilé iṣẹ́ oníròyìn kan ti Orílẹ̀-èdè Portugal Lusa ti ròyìn:,menyo20k,12
Ẹni mélòó nínú ará ìlú Cape Verde l'ó ní afẹ́fẹ́ ẹ̀rọ ayélujára tó já geere?,menyo20k,15
"Lọ́dún náà, ìdá 50 ni ìdá àwọn tó ń lo ayélujára tó pọ̀jù lágbàáyé.",menyo20k,14
Mú àǹfààní ẹ̀bùn #StayAtHome yìí lò fún 25 meticals láàárín oṣù kan.,menyo20k,12
Ìgbésẹ̀ tí ó dáa ni.,menyo20k,5
Sé ó jẹ́ ojúlówó bákan náà?,menyo20k,6
Àìsàn #coronavirus yìí ti ṣípayá ìwà àìdọ́gba tí ó wà láwùjọ wa.,menyo20k,12
COVID-19 ṣe àgbéǹde ìṣẹ̀lẹ̀-àtẹ̀yìnwá tó burú jáì nípa ìdánwò egbògi ní Ilẹ̀-Adúláwọ̀,menyo20k,12
Ilẹ̀-Adúláwọ̀ kì í ṣe iyàrá àyẹ̀wò',menyo20k,6
"Àwòrán láti àkàtà Ọmọ-ogún Òfuurufú US Ẹ̀ka ìmọ̀ ẹ̀rọ , Jeremy T. Lock. Ìlò gbogboògbò.",menyo20k,15
"""Yẹ àkànṣe ìròyìn-in """"Ohùn Àgbáyé"""" lórí ipa tí COVID-19 ń kó lágbàáyé.""",menyo20k,12
"Ní Australia, àyẹ̀wò ti ń lọ lórí àwọn oníṣẹ́ ìlera ẹgbẹ̀rún 4.",menyo20k,12
Ìràwọ̀ agbábọ́ọ̀lù ọmọ orílẹ̀-èdè Ivory Coast Didier Drogba túwíìtì:,menyo20k,9
Wọ́n ti yàn wá láti ṣe àwọn àyẹ̀wò wọ̀nyí...,menyo20k,9
Àwa ni ẹni ayàn fún iṣẹ́ àyẹ̀wò náà níbí.,menyo20k,9
Ìṣẹ̀lẹ̀-àtẹ̀yìnwá tó burú jáì nípa ìdánwò egbògi ní Ilẹ̀-Adúláwọ̀,menyo20k,9
Ó tẹ̀síwájú nínú ọ̀rọ̀ọ rẹ̀:,menyo20k,5
"""Ìmúláradá lẹ́yìn """"orí fífọ́"""" ìfipámúnisìn""",menyo20k,5
"Ní Burundi, àwọn akọ̀ròyìn mẹ́rin tí a fi sátìmọ́lé ń dúró de ìpinnu ẹjọ́ kòtẹ́milọ́rùn",menyo20k,15
"Antoine Kaburahe, olùdásílẹ̀ ìwé ìròyìn tí ó ń gbé ní ẹ̀yin odi, kọ:",menyo20k,13
Ní yàjóyàjó: Òpin ìgbẹ́jọ́ ní Bubanza. Iwacu bọ́rí.,menyo20k,8
Ẹ̀sùn tí a kà sí àwọn akọ̀ròyìn náà lọ́rùn kì í ṣe tiwọn.,menyo20k,13
Iṣẹ́ẹ wọn ni àwọn akọ̀ròyìn náà ń ṣe: ìkóròyìnjọ.,menyo20k,9
"Àmọ́ adájọ́ kò tíì dájọ́, àbálọ-bábọ̀ ọ̀rọ̀ di lẹ́yìn oṣù kan.",menyo20k,11
Àwọn ẹgbẹ́ ọlọ́tẹ̀ agbébọrìn ti máa ń fi ibí yìí kiri àgbègbè náà.,menyo20k,13
Ìdájọ́ tí a fún wọn tó ọdún 15 nínú ẹ̀wọ̀n.,menyo20k,10
Àwọn obìnrin ní Nàìjíríà kojú àdó-olóró àgbẹ́sẹ̀léró àgbàwí ọ̀rọ̀ ìṣèlú lórí ẹ̀rọ-ayélujára,menyo20k,12
#BringBackOurGirls àti #ArewaMeToo ṣe àtúntò sí ìgbàwí ètò ìṣèlú ní orílẹ̀ èdè Nàìjíríà,menyo20k,13
"Ní Nàìjíríà, àdó-olóró àgbẹ́sẹ̀léró ni gbàgede àgbàwí ọ̀rọ̀ òṣèlú.",menyo20k,9
Àgbàwí àti ọ̀rọ̀ ìṣèlú sábà máa ń fi ti ọ̀rọ̀ ẹ̀sìn àti ẹlẹ́yàmẹyà ṣe.,menyo20k,14
Báwo ni wọ́n ṣe ń tẹ̀síwájú nínú iṣẹ́ wọn tàbí fọnrere iṣẹ́ wọn?,menyo20k,13
Ìjínigbé àwọn ọmọdébìnrin Chibok náà ṣe okùnfà ìlọ́wọ́sí àwọn orílẹ̀ èdè kárí àgbá ńlá ayé.,menyo20k,15
"Àwòrán láti ọwọ́ UN Women/Ryan Brown, ọjọ́ 14, oṣù Ọ̀wẹwẹ̀ ọdún 2014. (CC BY-NC-ND 2.0)",menyo20k,15
"Àmọ́ ṣá o, àṣeyọrí akitiyan yìí kò ṣẹ̀yìn-in ìnáwónára Ezekwesili.",menyo20k,10
Ezekwesili wí nínú àwòrán-olóhùn Twitter náà.,menyo20k,6
Àmọ́ ìṣààta ti olóṣèlú nípa ìgbésẹ̀ ìpolongo #BBOG ti gbé ìbínú tòun t'ìbánújẹ́ rẹ̀ mì.,menyo20k,15
Ọmọ Nàìjíríà rere Fakhriyyah Hashim túwíìtì àtìlẹ́yìn rẹ̀ fún Adamua pẹ̀lú lílo àmì #ArewaMeToo:,menyo20k,14
Àwọn ọlọ́pàá ṣe ọ̀kan lára àwọn olórí ìbílẹ̀ tí í ṣe alágbèékalẹ̀ ìyíde náà ṣìbáṣìbo.,menyo20k,15
"Lẹ́yìn wá, ọba Sokoto, tí í ṣe olórí àwọn Mùsùlùmí orílẹ̀ èdè Nàìjíríà fagilé ìwọ́de.",menyo20k,15
"Ní Nàìjíríà, ẹ̀wọ̀n gbére ni ìjìyà ìfipábánilòpọ̀. Ọmọdé lè fi ara gbá ẹ̀wọ̀n ọdún 14.",menyo20k,15
Ó sọ fún Ohùn Àgbáyé:,menyo20k,5
"Síbẹ̀, Hashim ṣe àtẹ̀jáde àwọn ọ̀rọ̀ ìrètí sí orí Twitter:",menyo20k,10
Ohùn Àgbáyé ń lo orúkọkórúkọ láti dààbò bó.,menyo20k,8
Ó yára fi òpin sí ìpè náà.,menyo20k,7
Èrí ìbanilọ́kanjẹ́ eléyìí tún kín in lẹ́yìn láti àwọn orísun mìíràn.,menyo20k,11
Èyí pẹ̀lú fi ara hàn ní orí ìkànnì alátagbà:,menyo20k,9
Ìbẹ́sílẹ̀ Àjàkálẹ̀ Àrùn àti Ìtèsíwájú Ìsèjọba,menyo20k,6
Ètò ìlera tí ó ti dẹnu kọlẹ̀,menyo20k,7
COVID-19 wà lára àjálù tí ó ń kujú ọmọnìyàn,menyo20k,9
Àìgbọ́raẹniyé Ìdànwò YKS tuntun: ìwà rere,menyo20k,6
Àwọn ìdánwò rẹ̀ jẹ́ èyí tí àwọn onímọ̀ akadá káàkiri àwọn fáfitì orílẹ̀-èdè wa ṣètò.,menyo20k,15
"Fún àwọn asàmúlò ìkànnì Twitter kan, ìdájọ́ yìí kò tó:",menyo20k,10
"""[Òkè] Ààrẹ ÖSYM sọ̀rọ̀ fún ìgbà àkọ́kọ́ lẹ́yìn ìdánwò! """"""",menyo20k,10
Wọ́n ti fi ìdí ìwádìí lọ́lẹ̀ láti wo ibi tí ìṣòro náà ti wọ́wá.,menyo20k,14
"""Àwọn tí wọ́n bá lọ́wọ́ nínú rẹ̀ yóò di gbígbọ́n dànù kúrò nínú ìṣètò ìdánwò.""""""",menyo20k,15
Ọ̀wọ́ àwọn alẹ́nulọ́rọ̀ láwùjọ náà tún rí wí sí ìpinnu àti ṣètò irú ìbéèrè báyìí:,menyo20k,15
Èsì Mabel Matiz sí àìgbọ́raẹniyé náà.,menyo20k,6
"Kò burú, Ìdánwò ayé kò lópin:) Iyán tún di àtúngún wàyí.",menyo20k,11
Mo ka ọ̀pọ̀lọpọ̀ àwọn àtẹjáde tí ó ṣègbè lẹ́yín mi.,menyo20k,10
Ká tún pàdé nínú ìdánwò mìíràn...,menyo20k,6
Matiz sì lókìkí síbẹ̀: lẹ́yìn ọjọ́ kan tí Aygun sọ̀rọ̀ sáfẹ́fẹ́.,menyo20k,11
Ó gba àmì-ẹ̀yẹ méjì nínú ìdíje àmì-ẹ̀yẹ kan nípasẹ̀ ìbò tí ó pọ̀jù.,menyo20k,13
Ó gba àmì-ẹyẹ ipele méjì.,menyo20k,5
"Ní ọjọ́ karùn oṣù keje, Mabel Matix tún túwíìtì:",menyo20k,9
Ìdánwò ọdún yìí wáyé nínú àìgbọ́raẹniyé - àti pé kì í ṣe nítorí àjàkálẹ̀,menyo20k,14
Àtẹ̀jáde ìtúmọ̀ 15 Ògún 2020 8:07 GMT,menyo20k,7
"Ní ọjọ́ 1 oṣù keje, Ìjọba gùnlé àwọn ìgbéṣẹ̀ ìdẹ́kun lóríṣiríṣi:",menyo20k,11
Ní ìparí oṣù keje mílíọ̀nù méjì àbọ̀ ni ó jókòó ṣe ìdánwò náà..,menyo20k,13
[Òkè] Ààrẹ ÖSYM sọ̀rọ̀ fún ìgbà àkọ́kọ́ lẹ́yìn ìdánwò!,menyo20k,9
""" (Ènìyàn tí ó gbé àkólé tí ó fi ń polongo pé """"Oníbálòpọ̀-akọsíakọ ni àwa""""""",menyo20k,15
Kí ni ẹ̀ ń gbìyànjú láti ṣe?,menyo20k,7
Èyin ọmọ ìgbìmọ̀ aṣèwádìí. Mo fẹ́ kí ẹ wo àwọn fọ́nrán Mabel Matiz.,menyo20k,13
Ìdí nìyẹn tí mabelmatiz ṣe jẹ́ ìsúra wa.,menyo20k,8
Eléyìí kó gbogbo rẹ̀ nílẹ̀:,menyo20k,5
Èsì Mabel Matiz sí àìgbọ́raẹniyé náà,menyo20k,6
"Kò burú, Ìdánwò ayé kò lópin:)",menyo20k,6
Iyán tún di àtúngún wàyí.,menyo20k,5
"Ní ọjọ́ 5 oṣù Keje, Mabel Matix tún túwíìtì:",menyo20k,9
Ẹ ṣé gan ẹ̀yin olùgbọ́ mi gbogbo.,menyo20k,7
"""""""I Have a Red in My Wipe"""" clip tẹ́lẹ̀.""",menyo20k,9
"Bí ìlàrí bá fẹ́ tẹ́, a ní kí lọba ó ṣe?",menyo20k,11
"Bí iná bá dun ọbẹ̀, a dá ọ̀rọ̀ sọ.",menyo20k,9
"Bí kò sí àkópọ̀, kí lewúrẹ́ wá dé ìsọ̀ adìẹ?",menyo20k,10
"Bí kò sí tọ̀bùn èèyàn, ta ni ìbá jí lówùúrọ̀ tí kò bọ́jú ṣáṣá?",menyo20k,14
Bí òfé ti ń fò la ti ń mọ̀ ọ́ lákọ ẹyẹ.,menyo20k,12
"Bí òkú fẹ̀, bí kò fẹ̀, ká bi ọmọ olókùú léèrè.",menyo20k,11
"Bí ojú bá rí, ẹnu a dákẹ́.",menyo20k,7
"Bí ojú kò bá rí, ẹnu kì í sọ nǹkan.",menyo20k,10
"Bí ojú kò bá ti olè, a ti ará ilé ẹ̀.",menyo20k,11
"Bí olóde ò kú, òdee rẹ̀ kì í hu gbẹ́gi.",menyo20k,10
Bí olóúnjẹ bá rojú à fi àìjẹ tẹ́ ẹ.,menyo20k,9
"Bí ọdún bá dún, bọnnọnbọ́nnọ́n a pàwọ̀ dà.",menyo20k,8
"Bí ọ̀lẹ́ ò lè jà, a lè kú tùẹ̀.",menyo20k,9
"Bí Ọlọ́run ò ṣe ẹni ní baba, à fi ìyànjú ṣe bí àgbà.",menyo20k,13
"Bí ọmọdé bá fẹ́ ṣìṣe àgbà, ọjọ́ oríi rẹ̀ ò níí jẹ́.",menyo20k,12
"Bí ọmọdé bá gun òkè àgbà, ó níláti gbọ́n.",menyo20k,9
"Bí ọmọdé bá ń ṣe ọmọdé, àgbà a máa ṣe bí àgbà.",menyo20k,12
"Bí ọmọdé ń lérí bébé, tí kò ní baba, ti baba là ń ṣe.",menyo20k,14
Dìgbòlugi-dìgbòlùùyàn ò jẹ́ ká mọ ajá tòótọ́.,menyo20k,7
Dídákẹ́ lerín dákẹ́; àjànàkú ló lẹgàn.,menyo20k,6
Eégún ju eégún; òrìṣá ju òrìṣà; Pààká lé oníṣàngó wọ̀gbẹ́.,menyo20k,10
"Eégún ò na obìnrin lágọ̀; obìnrín tú kíjìpá ìdíi rẹ̀, ó fi na eégún.",menyo20k,14
"""Eégún wọlé, ó ní òun ò rí Ejonto; Ejontó ní, """"Àkísà ni, àbí kíní wọlé?""""""",menyo20k,15
Eegun àjànàkú: ó há ìkokò lẹ́nu.,menyo20k,6
Ejò kì í ti ojú Ààrẹ gun ọgbà lọ.,menyo20k,9
"Èmí dákọ okòó, ìwọ́ dákọ okòó, ò ń pèmí ní mùkọ-mùkọ.",menyo20k,11
Epo ni mo rù; oníyangí má ba tèmi jẹ́.,menyo20k,9
Erin kì í fọn kọ́mọọ rẹ̀ ó fọn.,menyo20k,8
Èrò ọ̀nà ni yó ròyìn ọkà tó gbó.,menyo20k,8
Etí lobìnrín fi ń gbọ́ ohùn orò.,menyo20k,7
Èwo ló tó ẹ̀kọọ́ gbà nínú ewé ìrúgbàá?,menyo20k,8
Èwo ni ti Síkírá nílùú Ìwó.,menyo20k,6
Ewújù tí yóò tú ọ̀pẹ: gbogbo eyín ẹ̀ ni yóò kán tán.,menyo20k,12
Ewúrẹ́ kì í bíni ká lọ sísọ̀ àgùntàn lọ jẹ̀.,menyo20k,10
Èèyàn bí ọ̀bọ lọ̀bọ ń ya láṣọ.,menyo20k,7
"Èèyàn ò ríbi sùn, ajá ń hanrun.",menyo20k,7
Èèyàn tí ò nítìjú ojú kan ni ìbá ní; a gbórín a tó tẹṣin.,menyo20k,14
"""""""Ẹ fà á wọlé"""" ló yẹ ẹlẹ́ṣin.""",menyo20k,7
Ẹgbẹ́ ẹni là ń gúnyán ewùrà dè.,menyo20k,7
Ẹ̀gbẹ̀rì ò mọ̀ pé arẹwà kì í gbé ẹ̀kú; gbogbo eyín kin-kìn-kin lábẹ́ aṣọ.,menyo20k,14
"""Ẹlẹ́ẹ̀ẹ́dẹ́ ń lọ ẹ̀ẹ́dẹ́, o ní """"Ẹ̀ẹ́dẹ́gbẹ̀ta ni àbí ẹ̀ẹ́dẹ́gbẹ̀fà?""""; èwo lo gbé níbẹ̀?""",menyo20k,14
"Ẹlẹ́dẹ̀ ń pàfọ̀, ó rò pé òún ń ṣoge.",menyo20k,9
"Ẹni à bá fi sóko kó dàparò, ó ní òun ẹni ilé.",menyo20k,12
Ẹni à bá tà ká fowóo rẹ̀ ra àtùpà: ó ní òun à-jí-tanná-wò-lóru.,menyo20k,13
Ẹni à bá tà ká fowóo rẹ̀ ra èbù: ó ní èlé òún kó ọ̀ọ́dúnrún.,menyo20k,15
Ẹni à ń gbé gẹ̀gẹ̀ ni yó ba araa rẹ̀ jẹ́.,menyo20k,11
Ẹní bá dẹ ojúu rẹ̀ sílẹ̀ á rímúu rẹ̀.,menyo20k,9
Ẹní dádé ti kúrò lọ́mọdé.,menyo20k,5
Ẹni tí a bá ń dáṣọ fún kì í ka èèwọ̀.,menyo20k,11
Ẹni tí a fẹ́ yàtọ̀ sí ẹni tó ní kò sí irú òun.,menyo20k,13
Ẹni tí a lè gbé kì í dawọ́.,menyo20k,8
Ẹni tí à ń wò láwò-sunkún ń wo araa rẹ̀ láwò-rẹ́rìn-ín.,menyo20k,11
"Ẹni tí a ò fẹ́, àlọ́ ò kàn án.",menyo20k,9
Ẹni tí a ò fẹ́ nílùú kì í jó lójú agbo.,menyo20k,11
"Ẹni tí kò lè gbé eèrà, tí ń kùsà sí erin, títẹ́ ní ń tẹ́.",menyo20k,15
Ẹni tí kò tó gèlètè kì í mí fìn-ìn.,menyo20k,9
Ẹni tó tijú tì í fún araa rẹ̀.,menyo20k,8
"""Ẹnìkan kì í jẹ́ """"Àwá dé.""""""",menyo20k,6
Ẹran kí la ò jẹ rí? Ọ̀pọ̀lọ́ báni lábàtà ó ba búrúbúrú.,menyo20k,12
Ẹ̀rúkọ́ ń ṣe bí ọkọ́.,menyo20k,5
Ẹ̀ṣọ́ kì í gba ọfà lẹ́yìn; iwájú gangan ní ń fií gba ọgbẹ́.,menyo20k,13
Ẹyẹ akòkoó ní òún le gbẹ́ odó; ta ní jẹ́ fi odó akòko gúnyán jẹ?,menyo20k,15
Ẹyẹ ò lè rí omi inú àgbọn bù mu.,menyo20k,9
"Ẹyẹ tó fi ara wé igún, ẹ̀yìn àdìrò ní ń sùn.",menyo20k,11
"Fálànà gbọ́ tìrẹ, tara ẹni là ń gbọ́.",menyo20k,8
Fáàárí ọ̀bọ ò ju inú ìgbẹ́ lọ.,menyo20k,7
Gànràn-gànràn ò yẹ ẹni a bíire.,menyo20k,6
"""""""Gbà jẹ"""" ò yẹ àgbà.""",menyo20k,5
"""""""Gbà mí, gbà mí!"""" ò yẹ àgbà; àgbà kì í ṣe ohun àlémú.""",menyo20k,13
"""""""Gbà mí, gbà mí!"""" ò yẹ eégún; """"ẹran ń lémi bọ̀"""" ò yẹ ọdẹ.""",menyo20k,14
"""""""Gba wèrè,"""" """"N ò gba wèrè"""" lọjà fi ń hó.""",menyo20k,10
Gbogbo èèyàn ní ń sunkún-un Bánjọ; ṣùgbọ́n Bánjọ ò sunkún ara ẹ̀.,menyo20k,12
"Gbogbo ẹgbẹ́ ń jẹ Má-yẹ̀-lóyè, ò ń jẹ Sáré-pẹgbẹ́.",menyo20k,9
Gbogbo ọ̀rọ̀ ní ń ṣojú èké.,menyo20k,6
"Gbọ̀n-ọ́n-gbọ̀n-ọ́n kan ò sí, àfi ẹni tó bá ń ti ara ẹ̀.",menyo20k,12
Ìbàjẹ́ ọjọ́ kan ò tán bọ̀rọ̀.,menyo20k,6
"Ibi tí a bá pè lórí, a kì í fi tẹlẹ̀.",menyo20k,11
Ibi tí a fi ara sí lara ń gbé.,menyo20k,9
Ibi tí a fi iyọ̀ sí ló ń ṣomi sí.,menyo20k,10
Ibi tí a pè lórí ní ń hurun.,menyo20k,8
Ibi tí ayé bá ẹni ni a ti ń jẹ ẹ́.,menyo20k,11
Ìbọ́n dídá olówó ló ní kíwọ̀fà rín rín rín kó sọ àdá nù.,menyo20k,13
Idà ahun la fi ń pa ahun.,menyo20k,7
Idà ń wó ilé ara ẹ̀ ó ní òún ń ba àkọ̀ jẹ́.,menyo20k,13
Ìdí méjéèjì tó olúwaa rẹ̀ jókòó.,menyo20k,6
Igúnnugún bà lé òrùlé; ojú tó ilé ó tó oko.,menyo20k,10
Ìgbà tí ṣìgìdìí bá fẹ́ ṣe eré ẹ̀tẹ́ a ní kí wọ́n gbé òun sójò.,menyo20k,15
Ihò wo lèkúté ń gbé tó ní iṣẹ́ ilé ń díwọ́?,menyo20k,11
"Ìjàkùmọ̀ kì í rin ọ̀sán, ẹni a bíire kì í rin òru.",menyo20k,12
Ìjàlọ ò lè gbé òkúta.,menyo20k,5
Ìjokòó ẹni ní ń múni da ewé ẹ̀kọ nù.,menyo20k,9
Ilé-ni-mo-wà kì í jẹ̀bi ẹjọ́.,menyo20k,5
Ilé kì í jó kí baálé ilé tàkakà.,menyo20k,8
Ilé kì í jó kí oorun kun ojú.,menyo20k,8
"Iná ń jó ògiri ò sá, ó wá ń gbá gẹẹrẹ gẹẹrẹ sómi.",menyo20k,13
"Inú burúkú làgbà ń ní, àgbà kì í ní ojú burúkú.",menyo20k,11
Ipa ọgbẹ́ ní ń sàn; ipa ohùn kì í sàn.,menyo20k,10
Ìpàkọ́ onípàkọ́ là ń rí; eniẹlẹ́ni ní ń rí tẹni.,menyo20k,10
Ìpéǹpéjú ò ní enini; àgbàlagbà irùngbọ̀n ò ṣe òlòó.,menyo20k,9
Irú aṣọ ò tán nínu àṣà.,menyo20k,6
Irú erin ò tán ní Àlọ́.,menyo20k,6
"Ìrùkẹ̀rẹ̀ kì í yan Ifá lódì; oge, dúró o kí mi.",menyo20k,11
Ìsáǹsá ò yọ ẹ̀gún; ìsáǹsá kì í káwo ọbẹ̀.,menyo20k,9
Ìwà ní ń jọ oníwà lójú.,menyo20k,6
Ìwọ̀fà ní ń mú ìwọ̀fà jó.,menyo20k,6
Ìwọ̀n eku nìwọ̀n ìtẹ́; olongo kì í gbé tìmùtìmù.,menyo20k,9
Ìwọ̀sí ní í ba ilé àgbà jẹ́.,menyo20k,7
"Ìyàwó tó na ọmọ ọbàkan, ọ̀rọ̀ ló fẹ́ gbọ́.",menyo20k,9
Jẹ́jẹ́ leégún àgbà ń jó.,menyo20k,5
"Jòkùmọ̀ọ́ ṣe bí ẹ̀lú, aró la bẹ̀ lọ́wẹ̀.",menyo20k,8
Ká ríni lóde ò dàbíi ká báni délé.,menyo20k,8
Ká ríni sọ̀rọ̀ fúnni ò dàbíi ká sọ̀rọ̀ fúnni ká gbà.,menyo20k,11
Ká wí ká gbà ló yẹ ọmọ èèyàn.,menyo20k,8
"Kàkà ká dọ̀bálẹ̀ fún Gàm̀bàrí, ká rọ́jú ká kú.",menyo20k,9
"Kàkà kí àgbò ké, àgbò a kú.",menyo20k,7
"Kàkà kí bàbá ran ọmọ ní àdá bọ oko, oníkálukú a gbé tiẹ̀.",menyo20k,13
"Kàkà kí iga akàn ó padà sẹyìn, a kán.",menyo20k,9
"Kàkà kí kìnìún ṣe akápò ẹkùn, ọlọ́dẹ a mú ọdẹ ẹ̀ ṣe.",menyo20k,12
Kékeré lọ̀pọ̀lọ́ fi ga ju ilẹ̀ lọ.,menyo20k,7
Kì í dọwọ́ọ baba kó ló di ọwọ́ ọmọ.,menyo20k,9
Kí ni àǹfàní kẹ̀tẹ̀kẹ̀tẹ̀ lára kẹ́tẹ́kẹ́tẹ́ à-gùn-fẹsẹ̀-wọ́lẹ̀?,menyo20k,7
Kí ni apárí ń wá ní ìsọ̀ onígbàjámọ̀?,menyo20k,8
Kí ni Dáàró ní kó tó sọ pé olèé kó òun?,menyo20k,11
Kí ni eléwée gbégbé ń tà tí ó ń sọ pé ọjà ò tà?,menyo20k,14
Kí ni ìbá mú igún dé ọ̀dọ̀ọ onídìrí?,menyo20k,8
Kí ni onígbá ń ṣe tí aláwo ò lè ṣe?,menyo20k,10
Kí ni wọ́n ti ń ṣe Àmọ́dù nÍlọrin? Ewúrẹ́ ń jẹ́ bẹ́ẹ̀.,menyo20k,12
Kíjìpá laṣọ ọ̀lẹ; òfì laṣọ àgbà; àgbà tí ò ní tòfì a rọ́jú ra kíjìpá.,menyo20k,15
"Kò rà, kò lówó lọ́wọ́, ó ń wú tutu níwájú onítumpulu.",menyo20k,11
Kò sí ẹni tó dùn mọ́ àfi orí ẹni.,menyo20k,9
Kò sí mi lájọ àjọ ò kún: ara ẹ̀ ló tàn jẹ.,menyo20k,12
Kò sí ohun tí Ṣàngó lè ṣe kó jà lẹ́ẹ̀rùn.,menyo20k,10
Kò-sí-nílé kì í jagun ẹnu tì.,menyo20k,6
Kó-tán-kó-tán lajá ń lá omi.,menyo20k,5
"Labalábá fi ara ẹ̀ wẹ́yẹ, kò lè ṣe ìṣe ẹyẹ.",menyo20k,10
"Lábúlábú fara wé aró, kò lè ṣe bí aró; pòpòǹdó fara wé àgbàdo.",menyo20k,13
Lágbájá ìbá wà a di ìjímèrè; ẹni tó bá níwájú di oloyo?,menyo20k,12
Láká-ǹ-láká ò ṣéé fi làjà; ọmọ eégún ò ṣéé gbé ṣeré.,menyo20k,11
Lásán kọ́ là ń dé ẹtù; ó ní ẹni tórí ẹ̀ ń bá ẹtù mu.,menyo20k,15
Lékèélékèé ò yé ẹyin dúdú; funfun ni wọ́n ńy é ẹyin wọn.,menyo20k,12
"Má tẹ̀ẹ́ lọ́wọ́ oníle, má tẹ̀ẹ́ lọ́wọ́ àlejò; lọ́wọ́ ara ẹni la ti ń tẹ́.",menyo20k,15
Màlúù ò lè lérí níwájú ẹṣin.,menyo20k,6
Mànàmáná ò ṣéé sun iṣu.,menyo20k,5
"""""""M̀bá wà lỌ́yọ̀ọ́ mà ti so ẹṣin""""; àgùntàn-an rẹ̀ á níye nílẹ̀yí.""",menyo20k,12
Mélòó lÈjìgbò tí ọ̀kan ẹ̀ ń jẹ́ Ayé-gbogbo?,menyo20k,8
"Mo dàgbà mo dàgó, aré ọmọdé ò tán lójúù mi.",menyo20k,10
Mo dàgbà tán èweé wù mí.,menyo20k,6
"""""""Mo dára, mo dára,"""" àìdára ní ń pẹ̀kun ẹ̀.""",menyo20k,9
"""""""Mo gbọ́n tán, mo mọ̀ràn tán"""" kì í jẹ́ kí agbọ́n lóró bí oyin.""",menyo20k,14
"""Compare """"Mo mọ̀-ọ́ gùn"""" . . .""",menyo20k,7
"""Compare """"Mo gbọ́n tán, . . . """"""",menyo20k,8
"""Compare """"Mo gbọ́n tan, . . . """"""",menyo20k,8
"""""""N óò gba owóò mi lára ṣòkòtò yìí""""; ìdí làgbàlagbà ń ṣí sílẹ̀.""",menyo20k,13
"""Nláńlá lọmọ abuké ń dá: ó ní """"Ìyá, ìyá, òun ó pọ̀n.""""""",menyo20k,12
Níbo lo forúkọ sí tí ò ń jẹ́ Làm̀bòròkí?,menyo20k,9
Nígbà tí à ń to ọkà a ò to ti ẹmọ́ si.,menyo20k,12
"Nígbà tí o mọ̀ ọ́ gùn, ẹṣin ẹ ẹ́ ṣe ṣẹ́ orókún?",menyo20k,12
Nígbà wo làpò ẹkùn-ún di ìkálá fọ́mọdé?,menyo20k,7
Ó bọ́ lọ́wọ́ iyọ̀ ó dòbu.,menyo20k,6
Ó bọ́ lọ́wọ́ oṣù ó dàràn-mọ́jú.,menyo20k,6
"O dájú dánu, o ò mọ ẹ̀sán mẹ́sàn-án.",menyo20k,8
Ó di àwùjọ ṣòkòtò kí ládugbó tó mọ ara rẹ̀ Lábèṣè.,menyo20k,11
Ó di ọjọ́ alẹ́ kábuké tó mọ̀ pé iké kì í ṣọmọ.,menyo20k,12
O kò mọ ẹ̀wà lóńjẹ à-jẹ-sùn.,menyo20k,6
"Ò ń jàgbọ̀nrín èṣín lọ́bẹ̀, o ní o ti tó tán.",menyo20k,11
O ru ládugbó ò ń rerá; kí ni ká sọ fẹ́ni tó ru Òrìṣàa Yemọja?,menyo20k,15
"Ó tọ́ kí eégún léni lóko àgbàdo, èwo ni ti Pákọ̀kọ̀ láàrin ìlú?",menyo20k,13
"Ó yẹ ẹni gbogbo kó sọ pé iṣu ò jiná, kò yẹ alubàtá.",menyo20k,13
"Ó yẹ ẹni gbogbo kó dínwó aró, kò yẹ atọ̀ọ́lé.",menyo20k,10
"""Ó yẹ ẹni gbogbo kó sọ pé """"Ọlọ́run a-ṣèkan-má-kù,"""" kò yẹ akúkó.""",menyo20k,12
Òfin ni yó sọ ara ẹ̀; ìyàwó tí ń na ọmọ ìyáálé.,menyo20k,12
Ogun tí olójú méjì rí sá ni olójú kan ní òún ń lọ jà.,menyo20k,14
"Ohun méjì ló yẹ Ẹ̀ṣọ́: Ẹ̀ṣọ́ jà, ó lé ogun; Ẹ̀ṣọ́ jà ó kú sógun.",menyo20k,15
Ohun tí à ń tà là ń jẹ; kì í ṣe ọ̀rọ̀ oní-kẹrosíìnì.,menyo20k,13
Ohun tí eèrá bá lè gbé ní ń pè ní ìgànnìkó.,menyo20k,11
Ohun tí kò tó okòó kì í jẹ àgbà níyà.,menyo20k,10
Ojú àlejò la ti ń jẹ gbèsè; ẹ̀yìn-in ẹ̀ là ń san án.,menyo20k,13
Ojú baba ara; awọ́n bí ojú; aṣòró dà bí àgbà.,menyo20k,10
Ojú iná kọ́ lewùrà ń hurun.,menyo20k,6
Ojú kì í pọ́n baálé ilé kó fọwọ́ gbálẹ̀ ilé ẹ̀.,menyo20k,11
Ojú kì í pọ́n babaláwo kó bèèrè ẹbọ àná.,menyo20k,9
Ojú kì í pọ́n òkú ọ̀run kó ní kí ará ayé gba òun.,menyo20k,13
Ojú kì í pọ́nni ká fàbúrò ẹni ṣaya.,menyo20k,8
Ojú kì í pọnni ká fàkísà bora.,menyo20k,7
Ojú kì í pọ́nni ká pọ́n léyín.,menyo20k,7
Ojú ò rọ́lá rí; ó bímọ ẹ̀ ó sọ ọ́ ní Ọláníyọnu.,menyo20k,12
"Ojú ò ti oníṣègùn, ó ní àna òun ń kú lọ.",menyo20k,11
Ojú ti agbọ́ń agbọ́n láfà kò léro.,menyo20k,7
"""Òkùnkùn ò mẹni ọ̀wọ̀; ó dÍfá fún """"Ìwọ́ tá nìyẹn""""?""",menyo20k,10
Olóbìnrin kan kì í pagbo ìja.,menyo20k,6
Olójúkan kì í tàkìtì òró.,menyo20k,5
Olómele kì í sọ pé igi yó dàá lóde lọ́la.,menyo20k,10
Olówó ní ń bá ọlọ́rọ̀ọ́ rìn; ẹgbẹ́ ní ń bá ẹgbẹ́ ṣeré.,menyo20k,12
Olówó ní ń jẹ iyán ẹgbàá.,menyo20k,6
Olóyè kékeré kì í ṣe fáàárí níwájú ọba.,menyo20k,8
"Òní, ẹtú jìnfìn, ọ̀la, ẹtú jìnfìn; ẹtu nìkan lẹran tó wà nígbó?",menyo20k,12
"""Oníbàtá kì í wọ mọ́ṣáláṣí kó ní """"Lèmámù ńkọ́?""""""",menyo20k,9
Onífunra àlejò tí ń tètè ṣe onílé pẹ̀lẹ́.,menyo20k,8
"Onígẹ̀gẹ́ fìlẹ̀kẹ̀ dọ́pọ̀; onílẹ̀kẹ̀ ìbá gbowo, ko rọ́rùn fìlẹ̀kẹ̀ so.",menyo20k,10
Onílé ń jẹ èso gbìngbindò; alèjòó ní kí wọ́n ṣe òun lọ́wọ́ kan ẹ̀wà.,menyo20k,14
OníṢàngó tó jó tí kò gbọn yẹ̀rì: àbùkùu Ṣàngó kọ́; àbùkù ara ẹ̀ ni.,menyo20k,14
Ipa Facebook nínú Brexit - àti ìdẹ́rùbà rẹ̀ sí ìjọba àwarawa.,menyo20k,11
Mo bá lọ sí ìlú kan tí wọ́n ń pè ní Ebbw Vale.,menyo20k,13
"""Ó wà ní South Wales Valleys, t""""ó jẹ́ ibi àkànṣe tí ó pa lọ́wọ́ báyìí.""",menyo20k,15
"""Ìdá méjì-lé-lọ́gọ́ta àwọn ènìyàn níbí l""""ó dìbò láti fi Àjọ-Ìgbìmọ Ilẹ̀ Europe sílẹ̀.""",menyo20k,13
Mo sì fẹ́ mọ ìdí rẹ̀.,menyo20k,6
"Ṣùgbọ́n nísìnyìí, ó rí báyìí.",menyo20k,5
[Owó Ìgbọ̀wọ́ EU: ìdókòwò nínú Wales].,menyo20k,6
Ó wá sími lórí nígbà tí mo pàde ọ̀dọ́mọkùnrin kan níwáju ibi eré ìdárayá náà.,menyo20k,15
"Yíká gbogbo ìlú, oun kan náà ni àwọn ènìyàn ń sọ fún mi.",menyo20k,13
"Torí bí mo ṣe rìn káàkiri, mi ò rí àṣíkiri tàbí ogúnléndé kankan.",menyo20k,13
"""Nítorí ìwé-ìroyìn apá-ọ̀tun l""""ó ṣe àtẹ̀jáde gbogbo ìròyìn nípa ìṣílọ-sí-ìlú-òkèèrè-mìíràn wọ̀nyí.""",menyo20k,11
Tí èyí sì fi púpọ̀ wà ní sàkání apá-òsì Iṣẹ́-ṣíṣe.,menyo20k,10
"Ṣùgbọ́n lẹ́yìn tí àpilẹ̀kọ náà jáde, obìnrin yìí kàn sí mi.",menyo20k,11
"""Mo béèrè wí pé, """"nǹkan wo?""",menyo20k,6
"""""""Ó sọ wí pé gbogbo àwọn nǹkan abanilẹ́rù yìí nípa ìṣílọ-sí-ìlú-òkèèrè-mìíràn, pàápàá jùlọ nípa orílẹ̀-èdeTurkey.""",menyo20k,15
Torí náà mo gbìyànjú láti sàwárí rẹ̀.,menyo20k,7
Ṣùgbọ́n kò sí nǹkankan níbẹ̀.,menyo20k,5
"Kò sí ìtọsẹ̀ nǹkankan, ó ti dúdú pátápátá.",menyo20k,8
"Gbogbo ìbò yìí wáyé nínú òkùnkùn, nítorí ó wáyé lórí Facebook.",menyo20k,11
"Facebook ní àwọn ìdáhùn wọ̀nyí, ó sì kọ̀ láti kó wọn fún wa.",menyo20k,13
"Ní àsìkò kọ̀ọ̀kan, ó kọ̀ jálẹ̀.",menyo20k,6
"""Tí ènìyàn sì ní láti wòye oun t""""ó fa sábàbí""",menyo20k,10
Wọ́n sì wáyé lórí Facebook.,menyo20k,5
Ṣùgbọ́n àwọn òfin wọ̀nyẹn kò ṣiṣẹ́ mọ́.,menyo20k,7
Ìbò yìí wáyé lápapọ̀ lórí ẹ̀rọ ayélukára-bí-ajere.,menyo20k,7
"""Ohun t""""ó ṣẹlẹ̀ rè é.""",menyo20k,5
A ò ní ìmọ̀ kankan nípa bó ṣe tó ní kíkún.,menyo20k,11
"""Pẹ̀lú owó tí ò bófinmu yìí, """"Dìbo Kúrò"""" ṣe ìtúsílẹ̀ ọ̀pá ìpaná ìfitónilétí-aṣinilọ́nà.""",menyo20k,13
[Àádọ́ta-Ọ̀kẹ́ 76 àwọn ènìyan orílẹ̀-èdè Turkey tí wọ́n ń darapọ̀ mọ́ EU].,menyo20k,12
"Irọ́ ni èyí, irọ́ pátápátá ni.",menyo20k,6
Orílẹ̀-èdè Turkey ò darapọ̀ mọ́ Àjọ-Ìgbìmọ Ilẹ̀ Europe.,menyo20k,8
"""Bóyá o rò wí pé, """" Dáradára, ìnákúnàá díẹ̀ ni ó jẹ́.""",menyo20k,12
""""""" Ṣùgbọ́n èyí ni ìbo jìbìtì t""""ó tóbi jù nílẹ̀ Britain láàárín 100 ọdún.""",menyo20k,14
Ní ìbò ẹ̀kan-láàrín-ìran-kan tó gbára lé ìdá kan ṣoṣo àwọn olùdìbò.,menyo20k,11
"""Ó jẹ́ ọ̀kan lára àwọn ìwà-ọ̀daràn t""""ó wáyé nínú ìdìbò náà.""",menyo20k,11
"""Ẹgbẹ́ rẹ̀, """"Kúrò ní EU"""" -- òun náà rúfin bákan náà.""",menyo20k,11
"Ọkùnrin yìí, Arron Banks, òun ló ṣe onígbọ̀wọ́ ìpolongo yìí.",menyo20k,10
Tàbí tó bá ṣe wí pé ọmọ ilẹ̀ Britain ni.,menyo20k,10
Ṣùgbọ́n mà á sọ fún ọ wí pé Brexit àti Trump jọ wọnú arawọn ni.,menyo20k,15
Okùnrin yìí sọ fúnmi wí pé Brexit ni àwokòtò-ìṣàyẹ̀wò fún Trump.,menyo20k,11
Nǹkan tí wọ́n ń fi sóri Facebook nìyí.,menyo20k,8
Mi ò sì fẹ́ pe èyí gan-an nírọ́.,menyo20k,8
[ìṣílọ-sí-ìlú-òkèèrè-mìíràn láìsí ìgbaniwọlé túmọ̀ sí ìdótì] Nítorí ó jọ ìwà-ọ̀daràn ju ìkórìra lọ sí mi.,menyo20k,15
Ó ṣì ń ṣàn lórí àwọn gbàgede ìmọ̀-ẹ̀rọ.,menyo20k,8
Ṣùgbọ́n díẹ̀ nínú nǹkan tó ń lọ lókè là ń rí.,menyo20k,11
"Mo lo àìmọye oṣù tí mò ń tọpa òṣìṣẹ́-fẹ̀yìntì kan, Christopher Wiley.",menyo20k,12
Ó gba iṣẹ́ odidi ọdún kan gbáko láti lè mú Christopher sórí àkọsílẹ̀.,menyo20k,13
"Ṣùgbọ́n a pàpà dé ibẹ̀, ó ku ọjọ́ kan kí á ṣe àtẹ̀jáde.",menyo20k,13
A gba ìdúkokò ìpẹ̀lẹ́jọ́ mìíràn.,menyo20k,5
"Kì í ṣe láti Cambridge Analytica lásíkò yìí, ṣùgbọ́n láti Facebook.",menyo20k,11
A ṣáà ṣe é ṣá.,menyo20k,5
"Facebook, ihà tí ò dára nínú ìtàn ni o wà nínú ìyẹn.",menyo20k,12
Ìdí nìyẹn tí mo fi wà níbí.,menyo20k,7
"Láti báa yín sọ̀rọ̀ tààrà, àwọn òòṣa ti Silicon Valley.",menyo20k,10
Dákẹ́ rọ́rọ́ àti tí-ń-ṣekú-pani tí a kò lè rí sójú.,menyo20k,10
Ìmọ̀-ẹ̀rọ tí o ti ṣàpilẹ̀ṣe rẹ̀ yìí yanilẹ́nu.,menyo20k,8
"Ṣùgbọ́n báyìí, ọ̀gangan-ibi-ìṣẹ̀lẹ̀ ìwà-ọ̀daran ni.",menyo20k,5
Kò sì tó láti sọ wí pé o ó ṣe dáadáa lọ́jọ́ iwájú.,menyo20k,13
"""Bóyá o sì ń rò, """"Ó dáa, àwọn ìpolówó díẹ̀ náà ni.""",menyo20k,12
"Àwọn ènìyán sì gbọ́n ju ìyẹn lọ, àbí?",menyo20k,8
"""Ní èyí tí mo máa sọ wí pé, """"kòngẹ́ ire pẹ̀lú ìyẹn.""",menyo20k,12
Nítorí nǹkan tí ìbo Brexit ṣàpèjúwe rẹ̀ ni wí pé ẹ̀tọ̀ ìjọba àwarawa ti fọ́.,menyo20k,15
Ẹ̀yin lẹ si sì fọ́ ọ.,menyo20k,6
"Ìyípo ni, ẹ̀yin lẹ sì ṣe àtìlẹyìn fún un.",menyo20k,9
Ó sì tóbi ju ẹnìkànkan wa lọ.,menyo20k,7
"""Kì í ṣe nípa òsì tàbí ọ̀tún tàbí """"Kúrò"""" tàbí """"Dúró"""" tàbí Trump tàbí ẹlòmíràn.""",menyo20k,15
"Tórí bó ṣe rí yìí, mi ò rò bẹ́ẹ̀.",menyo20k,9
"Ìbéèrè mi síi yín ni, ṣe nǹkan tí ẹ fẹ́ rèé?",menyo20k,11
Nítorí ẹ bẹ̀rẹ̀ láti so àwọn ènìyàn pọ̀ ni.,menyo20k,9
Ẹ sì ń kọ̀ láti gbà pé ìmọ̀-ẹ̀rọ yìí kan náà ń pín wa níyà.,menyo20k,15
Ìtan South Wales Valleys jẹ́ ti ìjà fún ẹ̀tọ́.,menyo20k,9
Èyí kìí ṣe ìbáwí -- kókó àyípada ni.,menyo20k,8
"Ó dọwọ́ọ wa -- ìwọ, èmi àti gbogbo wa.",menyo20k,9
Àwa la ní láti gba ìṣàkóso padà.,menyo20k,7
"Gẹ́gẹ́ bí ọmọdé, mo máa ń lo gbogbo àsìkò mi ní ilé ìyá-àgbà ìyá mi.",menyo20k,15
Àsìkò yìí ni agbára di ìṣòro.,menyo20k,6
Ṣùgbọ́n àwọn ìṣòro agbára pọ̀ gan-an ju iye kan lọ.,menyo20k,10
Àbí ṣé kí o jẹ́ kí ara rẹ̀ máa lọ́?,menyo20k,10
"""Èyí ń tú àṣìírí ọ̀rọ̀ t""""ó tóbi tó sì gba ètò.""",menyo20k,11
"Iye owó ìsọdọ̀tun, bíbo oru, àkójọpọ̀ agbára àti imọ̀-ẹ̀rọ agbára inú-ilé gbogbo ti ń dínkù.",menyo20k,15
"Ìdí nìyí, nígbà tí mo wà lọ́mọdún méjì-lé-lógún, mo dá ilé-iṣẹ́ àìjère RETI sílẹ̀.",menyo20k,14
Ṣùgbọ́n kò sí ọ̀nà kan ṣoṣo láti yanjú èyí.,menyo20k,9
"Mo nígbàgbọ́ nínú agbára ní àwọn àwùjọ agbègbè, nínú àyípadà ipa àjọṣepọ̀.",menyo20k,12
"Ní báyìí, orílẹ̀-ède US ń ná ju bílíọ́nù mẹ́ta lọ́dún lórí ìrànlọ́wọ́ sísan owó agbára.",menyo20k,15
"Lóòótọ́, bílíọ́nù mẹ́tà-dín-láàdọ́ta àlàfo ìníkápá agbára-ilé ló wà, nítorí náà ìrànlọ́wọ́ nìkan ò tó.",menyo20k,14
Èyí ń yí ìgbésíayé padà.,menyo20k,5
Àǹfààní rèé fún àwọn ẹbí láti lo àdínkù owó-agbára láti ṣe ìgbọ̀wọ́ ọjọ́-iwájú wọn.,menyo20k,14
Ṣùgbọ́n èyí kìí ṣe nípa wọn nìkan.,menyo20k,7
Ǹjẹ́ a lè dá àyípadà ojú ọjọ́ dúró pẹ̀lu yíyọ CO2 kúrò nínú afẹ́fẹ́?,menyo20k,14
"Láti dènà àyípadà ojú ọjọ́ tó léwu, a máa nílò láti gé ìtúsílẹ̀ kù kíákíá.",menyo20k,15
"Ìyẹ́n gbọ́dọ̀ jẹ́ ọ̀rọ̀ tí ò mú awuyewuye dání, ní ìdánilójú pẹ̀lú àwọn olùgbọ́ yìí.",menyo20k,15
Ṣùgbọ́n nǹkankan rèé tó lè fa awuyewuye díẹ̀ lọ́wọ́: kò ní tó.,menyo20k,12
Gbogbo èrò wọ̀nyí ló wá pẹ̀lú kùdìẹ̀kudiẹ.,menyo20k,7
Kò dájú pé ìkakan nínú wọn lè yanjú rẹ̀ lóun nìkan.,menyo20k,11
Báwo ni iyẹ́n ṣe ń ṣiṣẹ́?,menyo20k,6
Ìgbésẹ̀ Agbara Iná-mànàmáná Origen máa ń fi afẹ́fẹ́-ìdáná àtilẹ̀tu sínú pádi epo-rọ̀bì.,menyo20k,12
Ó ń ṣẹ̀da òyì-èédú lóòótọ́.,menyo20k,5
"Lápapọ̀, ìgbésẹ̀ náà kì í pèse òyì-èédú.",menyo20k,7
Ó máa ń yọ òyì-èédú kúrò nínú afẹ́fẹ́ ni.,menyo20k,9
"Pẹ̀lú ìgbésẹ̀ yìí, fígọ̀ yẹn jẹ́ pẹ̀lú àyọkúrò ẹgbẹ̀ta.",menyo20k,9
"Lóòótọ́, ẹ ó gbà ju iye tí ẹ fi sílẹ̀ lọ̀.",menyo20k,11
Ṣùgbọ́n ibí yìí ló ti máa ń di àmúdijú gidi gan-an.,menyo20k,11
A nílò láti ṣèto ìdarí lẹ́sẹẹsẹ fún àwọn ìdánwò láti ṣe àyẹ̀wò yìí láìséwu.,menyo20k,14
Ó sì tóbi bákan náà.,menyo20k,5
A ò lè ma pẹ́ àwọn ìṣòro tó lágbára wọ̀nyí mọ́,menyo20k,11
A nílò láti dàgbà sókè ká sì kojú àbájáde àwọn ìwa wa.,menyo20k,12
Ṣé ọ̀rọ̀ nípa ìwòsan àyípadà ojú ọjọ́ ń dèna ìpinnu láti gé ìtúsílẹ̀ ni?,menyo20k,14
"Ṣùgbọ́n lẹ́yìn tí a ti ṣe bẹ́ẹ̀, a ṣì nílò láti ṣe àyẹ̀wo wọn.",menyo20k,14
Ǹjẹ́ a lè ṣe ìwòsan àyípadà ojú-ọjọ́?,menyo20k,7
"Mi ò mọ̀, ṣùgbọ́n a ò lè mọ̀ tí a ò bá gbíyànjú.",menyo20k,13
A nílò ìpinnu láìsí ìgbéraga.,menyo20k,5
Iṣẹ́ tó pọ̀ ni eléyìí máa jẹ́.,menyo20k,7
Ẹ lè ṣàpèjúwe rẹ̀ gẹ́gẹ́ bi iṣẹ́-àkànṣe ọjọ́-iwájú.,menyo20k,8
"Iṣẹ́ yẹn, àǹfààní yẹn, àwọn tí a ṣẹ̀ sílẹ̀ ni wọ́n ni í.",menyo20k,13
"Nítorí náà, ṣe ẹ fẹ́ mú àyípadà bá ilé-ayé?",menyo20k,9
Mo kọ̀ fẹ́ bi yín ní àwọn ìbéèrè mìíràn bi mélòó kan ni.,menyo20k,13
Ẹ sọ díẹ̀ si fúnwa nípa èro fífi ẹfun sínú omi-òkun.,menyo20k,11
"Ẹ sọ̀rọ̀ nípa pé, a nílò láti ṣe ìdánwò lórí èyí.",menyo20k,11
Báwo ni ìdánwò tó ṣe é gbáralé ṣe máa ri?,menyo20k,10
Ẹ ó ṣe ìdánwò kékeré.,menyo20k,5
"Bí kò bá dáa yín lójú, ẹ ò ní ṣe bẹ́ẹ̀.",menyo20k,11
CA: tani yóò ṣe onígbọ̀wọ́ irú ìdánwò bẹ́ẹ̀?,menyo20k,8
Nítorí wọ́n nípa lára gbogbo àgbáyé ní àwọn ìpele kan.,menyo20k,10
Ṣé ìdí nìyẹn tí nǹkankan ò ṣe tíì ṣẹlẹ̀ nípa eléyìí?,menyo20k,11
"CA: kódà nínú àwọn omi orílẹ̀-èdè, ẹ mọ̀, àwọn omi-òkun náà jápọ̀.",menyo20k,12
Ẹfun yẹn máa jáde síta yẹn.,menyo20k,6
Báwo lẹ ó ṣe tako ìyẹn?,menyo20k,6
TK: mo rò wí pé ẹ mẹ́nu ba nǹkankan tó ṣe pàtàkì púpọ̀,menyo20k,13
Nípa ìfàyègbà àwùjọ láti ṣiṣẹ́ ni.,menyo20k,6
A sì nílò láti bá àwọn ènìyàn sọ̀rọ̀ lọ́nà tó hàn kedere.,menyo20k,12
A nílò láti bi wọ́n ṣíwájú.,menyo20k,6
"Ẹ̀kúnrẹ́rẹ́, ìdáhùn ajẹmọ́ agbègbè sí COVID-19.",menyo20k,6
"""Ọ̀rọ̀ yẹn, """"ẹ̀kúnrẹ́rẹ́"""" ṣe pàtàkì sí nǹkan tí à ń ṣe.""",menyo20k,11
"Ẹ mọ̀, ọ̀pọ̀ àwọn ìdásí máa ń kojú mọ́ ayò àmúdijú, ńlá kan ni.",menyo20k,14
Ṣùgbọ́n ìyẹn ò tó láti wá ìyanjú sí ayò náà.,menyo20k,10
Ẹ ò lè yanjú ètò-ẹ̀kọ́ láìnímọ̀ nípa ọ̀gangan-ipò ilé tàbí ayíká ilé àwọn akẹ́kọ̀ọ́ kékèèké.,menyo20k,15
"Tàbí ọ̀gangan-ipò ìlera tó fẹjú, ìṣaralóore tàbí ìdájọ́ ìwà-ọ̀daràn.",menyo20k,9
"Ìwọn àyípadà fún wa kì í ṣe ọmọ kọ̀ọ̀kan, gbogbo àdúgbò ni.",menyo20k,12
Ẹ ní láti ṣe ọ̀pọ̀lọpọ̀ nǹkan lẹ́ẹ̀kan náà.,menyo20k,8
A ní dátà ogún ọdún láti fi ṣẹ̀rí pé èyí ń ṣiṣé.,menyo20k,12
A ti ṣe ìwúrí fún àwọn tó ń ṣe é lágbàáyé.,menyo20k,11
"Nítorí náà àwọn ìyanjú náà gbọ́dọ̀ jẹ́ ẹ̀kúnrẹ́rẹ́, wọ́n gbọ́dọ̀ jẹ́ lápapọ̀.",menyo20k,12
Nísisìyí a wà nínú àjàkálẹ̀ àrùn káríayé.,menyo20k,7
COVID-19 ti fi àwọn nǹkan ti a ti mọ̀ tẹ́lẹ̀ pé òótọ́ ni hàn wá.,menyo20k,15
"Léyìn ìwádìí díẹ̀, a wá mọ̀ wí pé ìya Sean wà nílé-ìwòsàn nítorí COVID.",menyo20k,14
"Nitorí náà Sean, àbúro rẹ̀ kékeré àti ìya rẹ̀ ní láti lọ sílé àwọn aláìní.",menyo20k,15
Ìtan Sean kìí ṣe ní Harlem Children's Zone nìkan.,menyo20k,9
Gbogbo èsi ẹlẹ́yàmẹyà ìtàn àti ètò àìdókòwò ti wá papọ̀ mọ́ COVID-19.,menyo20k,12
Èkúnrẹ́rẹ́ àwòṣe wa gbé Harlem Children's Zone sínu ìjàgùdu COVID lọ́nà ọ̀tọ̀.,menyo20k,12
A mọ̀ wí pé àwọn ẹbí wa nílò owó lọ́wọ́ wọn lásíkò yìí.,menyo20k,13
"Ìkejì, dídáààbò bo àwọn akọ́gun-séwujù wa.",menyo20k,6
A mọ̀ wí pé àwọn ẹbí wa nílò àǹfààní sí àwọn ohun-èlo-kòṣeémánì àti ìfitónilétí.,menyo20k,14
"Oúnjẹ nìyẹn, ìbòmú nìyẹn, àkójọpọ̀ ohun-èlò àti ìpolongo ìlera gbogbogbò.",menyo20k,10
"Ìkẹ́ta, dídí àlàfo àìdọ́gba àrọ́wọ́tó ẹ̀rọ- ayélukára.",menyo20k,7
A nígbàgbọ́ wí pé ẹ̀tọ kòṣeémánì ni ẹ̀rọ̀-ayélukára jẹ́.,menyo20k,9
"Ìkarùn-ún, mímú àdínkù bá àrùn ọpọlọ.",menyo20k,6
"Àwọn ìran kan wà nínú ewu níní PTSD, nítorí àpọ̀jù májèlé ti láàláà.",menyo20k,13
"Àwọn náà ni Oakland, Minneapolis, Chicago, Detroit, Newark àti Atlanta.",menyo20k,10
A máa ní ipa ní ìpele mẹ́ta.,menyo20k,7
A ò tíì sọ ìrètí nù rárá.,menyo20k,7
A sì ń pè yín láti darapọ̀ mọ́ wa níwáju ogun yìí.,menyo20k,12
"Lóòótọ́, gbogbo ilé-iṣẹ́ àwùjọ ti pòórá.",menyo20k,6
"Àwọn ìbéèrè nípa ààbò, nígbà tí kò bá sí ètò ààbò, máa ń bani lẹ́rù.",menyo20k,15
Ìrònú nípa ìlere nígbà tí kò bá sí ètò-ìlera náà ń bani lẹ́rù.,menyo20k,13
""""""" """"Àbúrò mi lóbìrin, tó lóyún, ń da ẹ̀jẹ̀.""",menyo20k,9
Tani kí n kọjú sí?,menyo20k,5
""""""" """"Àwọn oníṣégùn-òyìnbó dà, àwọn olùtọ́-ilé-ìwòsàn dà?""",menyo20k,7
"Tí mo bá lè ri ọ̀kan, ṣé wọ́n ṣe é gbàgbọ́?",menyo20k,11
Báwo ni màá ṣe sanwó fún wọn?,menyo20k,7
Irú owó wo ni màá fi sanwó fún wọn?,menyo20k,9
""""""" """"Tí mo bá nílò òògùn, níbo ni màá ti rí wọn?""",menyo20k,12
"Bí mo bá lo àwọn òògùn wọ̀nyẹn, ṣé ayédèrú niwọ́n lóòótọ́?",menyo20k,11
""""""" Àti bẹ́ẹ̀ àti bẹ́ẹ̀.""",menyo20k,5
Mo mọ èyí nígbà tí mo kúrò ní Kosovo.,menyo20k,9
"Èmi, gẹ́gẹ́ bí oníṣẹ́ ìwádìí, fẹ́ bẹ́rẹ̀ iṣẹ́ lórí ìṣòro yìí lẹ́sẹ̀kẹsẹ̀.",menyo20k,12
""""""" Mo sì gbọ́dọ̀ sọ wí pé, mo ní àwọn akẹgbẹ́ tó dántọ́.""",menyo20k,13
"""Wọ́n ṣe ìfẹnukò tó yani lẹ́nu t""""ó sì bíni nínú.""",menyo20k,10
Ìgbà tí ọ̀nà-àbáyọ òṣèlú yẹn bá ti di ṣíṣe.,menyo20k,9
Torí náà èyí kò fi bẹ́ẹ̀ yà mí lẹ́nu rárá.,menyo20k,10
Ẹ jẹ́ kí n fún yín ní àwọn àpẹẹrẹ bíi mélòó kan.,menyo20k,12
"Lọ́dún tó kọjá, ẹ lè rántí, Ebólà kọlu orílẹ̀-ède Liberia ti Ìwò-oòrùn Ilẹ̀-Adúláwọ̀.",menyo20k,13
"Láti ojú-ìwòye yẹn, àwọn Ọmọ Haiti sì ń tẹ̀síwájú láti kú nítorí ìjì-ilẹ̀ pàápàá dòní.",menyo20k,15
Mo pàde arákùnrin yìí láìpẹ́ yìí.,menyo20k,6
Onímọ̀-ìṣègùn Nezar Ismet rè é.,menyo20k,5
"Òun ni Alákòso fún Ètò-Ìlera ní agbègbè olómìnira àríwá orílẹ̀-èdè Iraq, ní Kurdistan.",menyo20k,13
Àìmọye ẹgbẹ̀rún nínú àwọn ṣẹ̀ṣẹdé wọ̀nyí ní wọ́n ti ní ìrìrí ìpòrúru-ọkàn tí-kò-ṣe-é-gbàgbọ́.,menyo20k,13
Àwọn oníṣégùn-òyìnbo rẹ̀ ń ṣiṣẹ́ fún wákàtí 16 lójúmọ́ láìgbowó.,menyo20k,10
"Mo máa ń ní àníyàn méjì, àríyànjiyàn méjì.",menyo20k,8
Nǹkan tó ṣẹlẹ̀ ní orílẹ̀-ède Afganistan gaan nìyẹn.,menyo20k,8
Àwọn adarí ẹ̀ka ètò-ìlera wọ̀nyí ti ṣe àṣeyọrí tó pọ̀ ní Afganistan.,menyo20k,12
Wọ́n ti fi ìkanra ṣe àfikún àǹfààní sí ìtọ́jú ìlera fún ọ̀pọ̀ àwọn ará-ìlú.,menyo20k,14
Wọ́n ń lo àwọn nǹkan bí ìwífúni-alálàyé láti ṣe ìpinnu.,menyo20k,10
"Ìyẹn kìí ṣe nǹkankan nípa ìrànwọ́ ilẹ̀-òkèèrè, ìdẹ̀rùn àjálù nìkan nìyẹn o.",menyo20k,12
"Nítorí náà iṣẹ́ wa, bó ṣe rí, hàn kedere.",menyo20k,9
Nígbà náà ni a gbọ́dọ̀ kébòsí kí a sì juwọ́ wa.,menyo20k,11
Àwọn ènìyàn wọ̀nyí ń fi ẹ̀mi ara wọn wéwu.,menyo20k,9
Mo rò wí pé a lè bá akínkanjú wọn dọ́gba pẹ̀lú àwọn ìrànlọ́wọ́ kọ̀ọ̀kan.,menyo20k,14
"""Ẹ̀lẹ́ẹ̀kẹ́ta: a nílò láti jáde síta k""""á sì ṣe àwọn àjọṣepọ̀ tuntun.""",menyo20k,12
Mo wòye ohun tí èyí túmọ̀ sí.,menyo20k,7
""""""" """"Hmm, bóyá kò dára.""",menyo20k,5
""""""" Nǹkan tí màá sọ fún yín nìyẹn.""",menyo20k,8
Wọn ò sọ nípa kíkọ́ àwọn ògiri.,menyo20k,7
Mo sì rò wí pé ìran tiwa náà gbọdọ̀ ṣe bẹ́ẹ̀.,menyo20k,11
Àwọn ẹ̀kọ́ látara àrùn-ọlọ́jẹ̀-ọ̀nà-èémí ọdún 1918.,menyo20k,6
Kíni nǹkan náà tí à ń ronú nípa rẹ̀?,menyo20k,9
Ìyẹn túmọ̀ sí wí pé ààrun wíwá ọkọ̀-ọ̀fẹ́ẹ̀ rẹ ti ń tẹ̀lé ẹ.,menyo20k,13
"Lóòótọ́, àjàkálẹ̀ àrùn kan yóò di ọ̀pọ̀lọpọ̀ Katrina lẹ́ẹ̀kan ṣoṣo.",menyo20k,10
Ní ìparí ọdún Kérésì tó kọjá àwọn orílẹ̀-èdè mẹ́tàlá nìkan ni wọ́n ti rí H5N1.,menyo20k,15
Màá sì wọnú ìdi rẹ̀ tó fi dáwasí láìpẹ́.,menyo20k,9
"Lára àwọn ohun-ọ̀sìn abìyẹ́, pàápàá jùlọ adìyẹ, ìda ogọ́rùn ni ìṣekúpani rẹ̀.",menyo20k,12
Torí náà kí ló ń mú wa ronú?,menyo20k,8
Kò ní ṣewá ní àǹfààní tó pọ̀ nígbà tí àjàkálẹ̀ àrùn káríayé bá ṣẹ̀.,menyo20k,14
Ẹ ti gbọ́ nípa òògùn àjẹsára tí à ń kó pamọ́ lọ́pọ̀.,menyo20k,12
Bẹ́ẹ̀ ni yóò ṣe ìdíwọ́ ńlá fún àwọn ètò ìmúrasílẹ̀.,menyo20k,10
"Fún àpẹẹrẹ, China ni wọ́n ti ń ṣe gbogbo ìbòmú.",menyo20k,10
"""Èyí kì í ṣe irú àrùn-ọlọ́jẹ̀-ọ̀nà-èémí t""""ó wà nínú ọgbà yín.""",menyo20k,11
"Ó dára, mo ti dẹ́rù bàyín.",menyo20k,6
"Báyì ẹ ń rò ó, ìjọba máa ṣe nǹkan sí i.",menyo20k,11
A sì ti náwó tó pọ̀.,menyo20k,6
"Àbọ̀ àwọn ìpínlẹ̀ ni kò ní ní àyè nílé-ìwosàn ní ọ̀sẹ̀ àkọ́kọ́, bóyá ọ̀sẹ̀ méjì.",menyo20k,15
Ìpínlẹ̀ ogójì ti ní àdínkù àwọn olùtọ́-ilé-ìwòsàn gidi.,menyo20k,8
"Nínú ewu àjàkálẹ̀ àrùn káríayé, ẹ ti wọ wàhálà ńlá.",menyo20k,10
Kí wá ni àwọn ènìyàn ti ń fowó ṣe?,menyo20k,9
"Eré-ìdárayá, gbígbánìyàn síṣẹ́, káàkiri àgbáyé.",menyo20k,5
Ẹ jẹ́ ká dọ́gbọ́n pé àjàkalẹ̀ àrùn káríayé wà.,menyo20k,9
Ẹ jẹ́ kí gbogbo ènìyàn sáré káàkiri kí ẹ sì kó ipa yín.,menyo20k,13
Èsì gangan ni wí pé ìpòrúru-ọkàn ti wà.,menyo20k,8
Ọ̀pọ̀lọpọ̀ àwọn ènìyàn wọ̀nyí ò mọ̀ nǹkan tí iṣẹ́ wọn yóò jẹ́.,menyo20k,12
Kò sẹ́ni ti mọ okùn àṣẹ.,menyo20k,6
Èyí tókù dọwọ́ àwùjọ ìbílẹ̀ yín.,menyo20k,6
"Gbogbo rẹ jẹ́ nípa àgbègbe yín, tí ẹ̀ ń gbé.",menyo20k,10
"""Ẹ ó sì ní ìfigagbága t""""ó pọ̀.""",menyo20k,7
Ó ṣeni láàánú pé wọ́n ṣe é tako ìrísí H5N1 lọ́wọ́lọ́wọ́ yìí ni.,menyo20k,13
A mọ̀ wí pé kòkòrò náà yóò yí padà.,menyo20k,9
Ó máa di kòkòrò tó yátọ̀.,menyo20k,6
Òògùn àjẹsára náà lè má wùló.,menyo20k,6
Ibí ni ìpinnu náà ti máa wọlé.,menyo20k,7
Ìwọ ni olórí agbègbè ìbílẹ̀ rẹ.,menyo20k,6
Àwọn wọ̀nyí wà ní Hong Kong; a ò ní nǹkan tó jọ bẹ́ẹ̀ níbí.,menyo20k,14
Lásíkò àjàkálẹ̀ ààrun SARS ní Beijing ìyàsọ́tọ̀ dàbi ẹní ṣe ìrànlọ́wọ́.,menyo20k,11
A ò ní ìpinnu tó dọ́gba nípa ìyàsọ́tọ̀ ní orílẹ̀-ède United States.,menyo20k,12
"Àwọn ìpínlẹ̀ kan ní ìpinnu ọ̀tọ̀, orílẹ̀-èdè sí orílẹ̀-èdè.",menyo20k,9
Ṣùgbọ́n àwọn nǹkan tí ò mú ọpọlọ dání ńkọ́?,menyo20k,9
"""Ṣé k""""á ti gbogbo ilé-ẹ̀kọ́ pa ni?""",menyo20k,7
Àwọn òṣìṣẹ́ ńkọ́ nígbà náà?,menyo20k,5
Wọn ò ní lọ síbi iṣẹ́ tí àwọn ọmọ wọn ò bá sí nílé-ẹ̀kọ́.,menyo20k,14
Ìjọba ilẹ̀ Britain ṣe àwòṣe ẹrọ-ìbáraẹnisọ̀rọ̀ kan.,menyo20k,7
"""Kò sẹ́ni t""""ó ń ṣe ike-pélébé-ìsanwó-sí-lórí.""",menyo20k,6
Sísan owó ìdójútófò rẹ ò lọ.,menyo20k,6
Pàtàkì jùlọ ọrọ̀-ajé yóò wà nínú àjálù ńlá.,menyo20k,8
"Àwọn oníṣẹ́ẹ ọ́físì nìkan nìyẹn o, àwọn òṣìṣé ilé-ìfowópamọ́.",menyo20k,9
A gbà pé èrò tó dára ni láti máa fọwọ́ wa lọ́pọ̀lọpọ̀.,menyo20k,12
Ilé-ẹ̀kọ́ ìmọ̀-ìṣègùn gbíyànjú láti wo ìbéèrè ìbòmú.,menyo20k,7
"Ìbòmú tó bá ìgbà mu, tó ń léwájú, tí yóò bá ojúù rẹ mu?",menyo20k,14
Àbí ṣé a lè lo oríṣiríṣi ìbòmú?,menyo20k,7
Yègèdè! Wọ́n ti ní SARS.,menyo20k,5
Kì í ṣe àwọn kòkòrò àìfojúrí tó ń fò.,menyo20k,9
"Bí ẹ bá lọ sórí ẹ̀rọ-ayélukára nísìyìí, e ó rí ọ̀pọ̀lọpọ̀ afitóni aṣinilọ́nà.",menyo20k,13
E ó sì padà rà á -- èyí ni wọ́n ń pè ní ìbòju N95.,menyo20k,15
Àwọn ìtọ́kasí kan wà pé ó lè ra àsìkò díẹ̀ fun yín láàárín àjàkálẹ̀ àrùn.,menyo20k,15
Síbẹ̀síbẹ̀ ọ̀pọ̀lọpọ̀ àwọn ìjọba ti gbé gbogbo àwọn ìlànà-ìṣe àrùn-ọlọ́jẹ̀-ọ̀nà-èémí wọn lórí ìkójọ òògun Tamiflu.,menyo20k,15
A ti ṣe ìkójọ èyí tí yóò tó fún ìdá 30.,menyo20k,11
Wọ́n ti kọjá ìgbà wọn.,menyo20k,5
"Kí la mọ̀ láti ọdún 1918, àjàkálẹ̀ àrùn alágbára tó ṣẹlẹ̀ gbẹ̀yìn?",menyo20k,12
Ìjọba àpapọ̀ ti gbé ọ̀pọ̀lọpọ̀ ojúṣe rẹ̀ jù sílẹ̀.,menyo20k,9
Nítorí náà a pàpà wá ní àlẹ̀lu-iṣẹ́ òfin yìí káàkiri ilẹ̀ America.,menyo20k,12
"Gbogbo agbègbè, orílẹ̀-èdè, àti ìpínlẹ̀ ń ṣe nǹkan tiwọn.",menyo20k,9
Àwọn òfin àti ètò ìgbàgbọ́ ni wọn ò jọra wọn.,menyo20k,10
Àjàkálẹ̀ àrùn náà tàn-yíká nígbà mẹ́ta ní oṣù 18 láìsí ìrìna ọkọ̀ òfuurufú ajèrè.,menyo20k,14
"Ìjì kejì yípadà, ìjì aṣekúpani-ńlá.",menyo20k,5
Ní ìjì àkọ́kọ́ a ní àwọn oṣìṣẹ́ ìlera tí ó tó.,menyo20k,11
Lápapọ̀ a pàdánù ẹgbẹ̀rún-lọ́nà 700 àwọn ènìyàn.,menyo20k,7
Kòkòrò náà fi ìdá 100 ṣekúpa àwọn obìnrin aláboyún a ò sì mọ ìdí rẹ̀.,menyo20k,15
Wọ́n fi-wé àjàkálẹ̀ àrùn náà.,menyo20k,5
"""A ò mọ iye ènìyàn t""""ó kú pàtó.""",menyo20k,8
Ìdíyelé náà tí ò ṣe é gbójúlé jẹ́ àádọ́ta-ọ̀kẹ́ 35.,menyo20k,10
Èyí wá láti ara ìwífúni-alálàyé ti ilẹ̀ Europe àti North America.,menyo20k,11
Ìgbàgbọ́ tó lágbára wà wí pé ní àwọn agbegbè oloṣì àkọsílẹ̀ ikú tún pọ̀ púpọ̀.,menyo20k,15
"Gẹ́gẹ́ bí orílẹ̀-èdè, a ò ṣe tán.",menyo20k,7
Kíni ìyẹn túmọ̀ sí fun yín?,menyo20k,6
"Ìbòmú wo ló ń ṣiṣẹ́, ìbòmú wo ni ò ṣiṣẹ́.",menyo20k,10
ìwádìí ilé-ẹ̀kọ́ ìmò-ìṣègùn rò ó wí pé ẹ ò lè ṣe àtúnṣe ìbòmú.,menyo20k,13
Ǹjẹ́ ẹ ní àyè láti ṣe ìkópamọ́ọ oúnjẹ fún oṣù méjì-dín-lógún?,menyo20k,11
Oúnjẹ tó tó oṣù mẹ́rìn-dín-lógún?,menyo20k,5
Mi ò rò wí pé ìyẹ́n bá ìrònú mu.,menyo20k,9
"""Lọ́wọ́lọ́wọ́ báyìí ọ̀pọ̀lọpọ̀ ìgbaradì l""""ó ní akùdé t""""ó fẹjú.""",menyo20k,9
""""""" kí ẹ sì gbé agbára lé ibi tó yẹ kí ẹ gbé agbára lé.""",menyo20k,15
Ní akérépin èto ìfowópamọ́ Britain fi hàn pé ìbáraeni-sọ̀rọ̀ lè ṣe ìrànlọ́wọ́.,menyo20k,12
Ṣùgbọ́n ṣe ẹ lè ṣe ìtẹ̀síwájú ilé-iṣẹ́ yín báyẹn?,menyo20k,9
"Tí ẹ bá ní ẹ̀rọ-ayélukára, bóyá ẹ lè ṣe bẹ́ẹ̀.",menyo20k,10
Yàtọ̀ sí ìyẹn ẹ ti wọ wàhálà.,menyo20k,7
Imú mi dùn láti gba ìbéére yín.,menyo20k,7
Ọ̀kan lára ònwòran: Àwọn nǹkan wo ló lè sọ iye àkókò àjàkálẹ̀ àrùn kan?,menyo20k,14
"Mo lè fun yín ní àkójọpọ̀ ìṣí, èyí, ìyẹn, àti òmíràn.",menyo20k,11
Ṣùgbọ́n màá sọ wí pé lódodo a ò mọ̀.,menyo20k,9
Ẹ̀kọ́ nípa àjọṣepọ̀ láàárín ènìyàn àti àwùjọ tó jẹ́ àmúdijú ni.,menyo20k,11
Ọ̀kan lára ònwòran: irú aṣokùnfà wo lẹ̀ ń wá?,menyo20k,9
Ẹ nímọ̀ ju ẹnìkan kan wa lọ.,menyo20k,7
"Láti sọ pé ahh, tí èyí bá ṣẹlẹ̀ a máa ní àjàkálẹ̀ àrùn?",menyo20k,13
LG: ìgbà tí ẹ bá ti ń rí èri àkóràn ènìyàn sí ènìyàn tó lágbára.,menyo20k,15
Ǹjẹ́ ẹ lè sọ̀rọ̀ nípa ìyẹ̀n?,menyo20k,6
Ṣùgbọ́n a ò mọ ìdi rẹ̀ rárá.,menyo20k,7
Ètò náà ò hàn kedere.,menyo20k,5
A ò nímọ̀ Kankan nípa nǹkan tí ìyẹ́n máa ṣe.,menyo20k,10
"Ẹ lè máa fa àbájáde abéwudé sí ọmọ yín lára, pẹ̀lú ṣíṣe nǹkan bẹ́ẹ̀.",menyo20k,14
Mo ti sọ nígbà pípẹ́ pé nǹkan tí a nílò ni ìdámọ̀ àìsàn kánkán.,menyo20k,14
Ẹ lè ṣe é fún àwọn ọmọ yín.,menyo20k,8
Ó máa ń pa àwọ̀ dà.,menyo20k,6
Ó máa sọ fún yín bóyá ẹ ní H5N1.,menyo20k,9
Ṣùgbọ́n a ò tíì débẹ̀.,menyo20k,5
Kò sì tíì sí irú ìdókòwò tó lè gbé wa débẹ̀.,menyo20k,11
"Ṣé ìyẹn ṣe é ṣe, ṣé ẹ rò bẹ́ẹ̀, níbí?",menyo20k,10
Mò ń sọ nípa pé ìda ogọ́rùn àpapọ̀ ikú pọ̀ púpọ̀.,menyo20k,11
Nígbà tó sì lọ yípo àgbáyé ó padà wá ní ẹ̀da aṣekúpani tó le.,menyo20k,14
Kíni ìdá àwọn ènìyàn tó kó o tí ó páwọ́n?,menyo20k,10
Lẹ́ẹ̀kan sí i a ò mọ̀ lóòótọ́.,menyo20k,7
Ṣùgbọ́n a ò fi bẹ́ẹ̀ mọ̀.,menyo20k,6
Ṣùgbọ́n ó ṣẹlẹ̀ wí pé ní ọdún 1918 bí ọ̀rọ́ ṣe rí kọ́ nìyẹn rárá.,menyo20k,15
Mo sì ma ṣe àfikún pé a rí nǹkan kan náà pẹ̀lu SARS.,menyo20k,13
A ò tíì rí nǹkankan kódà díẹ̀ tó dàbí èyí rí tẹ́lẹ̀.,menyo20k,12
Gbogbo ètò àjẹsára àìfaragbàìsàn-láàyè ti lúwẹ̀ wọnú ẹ̀dọ̀fóóró.,menyo20k,8
"Bẹ́ẹ̀ ni wọ́n kú, wọ́n rì sínú oje ara wọn, ti òtútù-ẹ̀gbẹ́.",menyo20k,12
Ṣùgbọ́n kì í ṣe kòkòrò-àìfojúrí òtútù-ẹ̀gbẹ́.,menyo20k,6
Kì í ṣe òtútù-ẹ̀gbẹ́ ni yóò dáhùn sí òògùn ìbupá.,menyo20k,10
Mo rò wí pé àkókò mí ti tó.,menyo20k,8
Mo dúpẹ́ lọ́wọ gbogbo yín fún àkíyèsí yín.,menyo20k,8
Àwọn ogúnléndé ni ẹ̀tọ́ sí ìdáààbòbò.,menyo20k,6
"Bruno Giusani: kọmíṣọ́nà, ẹ ṣeun ti ẹ wá sí TED.",menyo20k,10
António Guterres: ìdùnnú mi ni.,menyo20k,5
BG: ẹ jẹ́ ká bẹ́rẹ̀ pẹ̀lú ònkà.,menyo20k,7
Ṣùgbọ́n mo fẹ́ wò ó díè pẹ̀lú ojú-ìwòye ìgbà-díẹ̀ àti ìgbà-pípẹ́.,menyo20k,11
"Okùnfà náà ni ìgbà tó jẹ́ wí pé lójijì, ìrànwọ́ látókèrè dínkù.",menyo20k,12
"Ìyẹn, ní èróngbà tèmi, ni okùnfa rẹ̀.",menyo20k,7
Ogun tó wà ní orílẹ̀-ède Syria ti ń ṣẹlẹ̀ fún ọdún márùn-ún.,menyo20k,12
Ẹ sọ̀rọ̀ nípa ẹgbẹ̀rún-lọ́na-ẹgbẹ̀rún kan ènìyàn.,menyo20k,6
"Báyìí, ní Lebanon, a ní atìpó kan nínú ọmọ orílẹ̀ ède Lebanon mẹ́ta.",menyo20k,13
"Ó ń tiraka, bẹ́ẹ̀ ni, ṣùgbọ́n ó ń gbìyànjú.",menyo20k,9
BG: Ó ti ń dẹnukọlẹ̀.,menyo20k,5
AG: ó yẹ kí orílẹ̀-èdè mi gba ẹgbẹ̀rún merin.,menyo20k,9
Ẹgbẹ̀rún mẹ́rin ní orílẹ̀-ède Portugal ò túmọ̀ sí nǹkankan.,menyo20k,9
"Àwọn ni orílẹ̀-èdè mẹ́ta tí, nígbẹ́yìn, wón ń gba àwọn atìpó náà.",menyo20k,12
Àwọn ará ilẹ̀ Europe tókù ń wò láìṣe nǹkankan.,menyo20k,9
"BG: e jẹ́ kí n bèrè ìbéèrè mẹ́ta, kí ń ṣe ìṣe alátakò.",menyo20k,13
"Màá gbìyànjú láti bère wọn, láti sọ ojú abẹ níkò.",menyo20k,10
Kì í ṣe nípa àwọn atìpó nìkan; àwọn àyè míràn tún wà.,menyo20k,12
Olórí ìgbìmọ̀ ìjọba ti --,menyo20k,5
"""Nítorí náà èro wọn ni wí pé, """"Wọ́n ń bọ̀ wá sí abúlé mi.""",menyo20k,14
"Nítorí náà, kíni ipò yín?",menyo20k,5
Báwo lẹ ṣe rò wí pé àwọn ènìyàn yìí ṣe ń húwà?,menyo20k,12
Gbogbo ibodè Ethiopia ló wà ní ṣíṣí sílè.,menyo20k,8
Wọ́n ní gbogbo àwọn alájọgbé.,menyo20k,5
Wọ́n ní àwọn ọmọ orílẹ̀-ède Eritrea.,menyo20k,6
Ìyẹn ṣe àgbéjáde àìrígbòwọ́ àpapọ̀ àwọn àjọ tó ń ṣiṣẹ́ lórí àwọn ọ̀rọ̀ wọ̀nyí.,menyo20k,14
AG: à ń rí altìlẹyìn si.,menyo20k,6
Màá sọ wí pé à ń sún mọ́ ìpele ọdún tó kọjá.,menyo20k,12
Ó burú jáì lásìko ooru.,menyo20k,5
"Níbí a ní àtúnyẹ́wò ìpìlẹ fún òṣùwọ̀n, èròngbà, àti pàtàki ìdàgbàsókè ìfọwọ́sowọ́pọ̀ tí a fẹ́.",menyo20k,15
"Fún àpẹẹrẹ, orílẹ̀-ède Lebanon àti Jordan jẹ́ àwọn orílẹ̀-èdè tí ìpawówọlé wọn wà lágbede méjì.",menyo20k,15
"Ní báyìí, lónì èyí ò mọ́pọ̀lọ dáni, nítorí wọ́n ń ṣe ìpèse dáadáa gbogbogbò àgbáyé.",menyo20k,15
BG: Ta ló yẹ kó máa pèse ìrànlọ́wọ́ yìí?,menyo20k,9
"Orílẹ̀-èdè sí orílẹ̀-èdè, àjọ ilẹ̀ òkèèrè, Àjọ-ìgbìmọ Ilẹ̀ Europe?",menyo20k,9
Ta ló yẹ kó máa mú ìrànlọ́wọ́ yìí wá?,menyo20k,9
AG: A nílò láti so gbogbo ìgbìyànjú papọ̀.,menyo20k,8
Ó hàn gbangba wí pé ìfọwọ́sowọ́pọ̀ aṣeméjì ṣe pàkàkì.,menyo20k,9
Ó hàn gbangba wí pé ìfọwọ́sowọ́pọ̀ ọlọ́pọ̀ ṣe pàkàkì.,menyo20k,9
"Rárá, ẹ tẹ́tí sí èyí.",menyo20k,5
""""""" Kíni èsì tí ẹ ó fi sí ìyẹn?""",menyo20k,9
"AG: Ó dáa, kìí ṣe Donald Trump nìkan.",menyo20k,8
"Ní báyìí, mo ti wà nínú ìjọba rí.",menyo20k,8
Torí nǹkan tí ẹ̀ ń sọ --,menyo20k,7
"""Ó kàn ń sọ fún wọn pé, """"òótọ́ lẹ sọ, à ń takò yín.""",menyo20k,14
Ní tèmi ó hàn kedere.,menyo20k,5
"Ní tèmi ó hàn kedere pé gbogbo àwùjọ yóò di, oníran-púpọ̀, aláṣà-púpọ̀, ẹlẹ́sìnpúpọ̀ lọ́jọ́ iwájú.",menyo20k,15
"Láti gbìyànjú láti dẹ̀na rẹ̀ jẹ́, ní ìwòye tèmi, kò ṣe é ṣe.",menyo20k,13
"ilẹ̀ Europe, ní ọ̀pọ̀ ìgbà, kùnà nínú ìdókòwò yẹn ní bíi ẹ̀wá ọdún díẹ̀ sẹ́yìn.",menyo20k,15
"BG: ẹ ó fi iṣẹ́ yín sílẹ̀ nígbẹ̀yin odún yìí, lẹ́yìn ọdún mẹ́wà.",menyo20k,13
"Lọ́dún tó kọjá, a pèsè ìrànlọ́wọ́ fún ẹgbẹ̀rún-lọ́nà 124.",menyo20k,9
"Lónìí, a ní ju ẹgbẹ̀rún-lọ́nà-ẹgbẹ̀rún 60 lọ.",menyo20k,7
"Ní ìgbà yẹn, a ti ní, àwọn rógbòdìyàn kan tí wọ́n yanjú.",menyo20k,12
AG: mi ò rò wí pé mo má kọ ìwé kankan.,menyo20k,11
"ìyẹn, èmi ò ní ṣe é.",menyo20k,6
"BG: kọmíṣọ́nà, ẹ ṣeun fún iṣẹ́ tí ẹ̀ ṣe.",menyo20k,9
Ẹ ṣeun tí ẹ wá sí TED.,menyo20k,7
Ọjọ́-iwájú agbára ìtànṣán-oòrùn tó rẹwà.,menyo20k,5
"Lásíkò oru tó kọjá, mo ń rin ìrìnàjo afẹ́ kiri àwọn òke orílẹ̀-ède Austria.",menyo20k,14
"Gbogbo ìgbà tí mo bá rí pátákó-igun-mẹ́rin agbára ìtànsán-oòrùn, inú mi máa ń dùn ni.",menyo20k,15
"Ahéré yìí, tó wà láàárín ibìkan, ní àyè tó rẹwà, tó ti tó tán.",menyo20k,14
Orúkọ mi ni Marjan Van Aubel mo dé olùṣelọ́jọ̀ agbára ìtànsán oòrùn.,menyo20k,12
"Mò ń ṣiṣẹ́ nínú ìṣelọ́jọ̀ onígun mẹ́ta, alálòpẹ́ àti ìmọ̀-ẹ̀rọ.",menyo20k,10
"Iṣẹ́ ni wà ní àwọn ilé-ọnà káàkiri àgbáyé, bíi MoMA.",menyo20k,10
"Láti ìgbà náà, mo mọ̀ wí pé mo kọ̀ fẹ́ gbájúmọ́ agbára ìtànsán oòrùn ni.",menyo20k,15
Iye-owó agbára ìtànsán oòrùn ti wálẹ̀ gan-an.,menyo20k,7
Ìdí ni wí pé orílẹ̀-ède China ti bẹ̀rẹ̀ síní pèse wọn lọ́pọ̀ yanturu.,menyo20k,13
Bákan náà agbára wọn ti lékún gidi gan-an.,menyo20k,8
Wọ́n ti ní ìdá 44 àtàbọ̀ agbára báyìí.,menyo20k,8
Ìmọ̀ ẹ̀rọ yìí kò gbára lé nǹkan.,menyo20k,7
Pádi agbára ìtànsán-oòrùn nílò láti di gbígbé wọnú àwùjọ wa dáadáa síi.,menyo20k,12
Àyípadà ojú-ọjọ́ ni ìṣòro tó tóbi jù lásìko tiwa.,menyo20k,9
Gbogbo wa la lè lọ́wọ́ sí àyípadà.,menyo20k,7
Ẹ jẹ́ kí n fún yín ní àpẹẹrẹ díẹ̀ nipa iṣẹ́ mi.,menyo20k,12
"Mò ń ṣe àjọṣepọ̀ pẹ̀lu Swarovski, ilé-iṣẹ́ òkúta-mímọ́-gaara.",menyo20k,8
Ẹ ń mú iná wọnú ilé nìyẹn.,menyo20k,7
"Nǹkan tó dára jù ni wí pé, wọ́n tún ń ṣiṣẹ́ nínú ilé.",menyo20k,13
"Nítorí náà, fún àpẹẹrẹ, àwọ̀ pupa lágbára ju àwọ aró lọ.",menyo20k,11
"Nínú iṣẹ́ mi, ó ṣe pàtàkì púpọ̀, ìṣọgbọọgba láàárín agbára-láti-ṣiṣẹ́ àti ìṣelọ́sọ̀ọ́.",menyo20k,12
"Bí ojú-ibi-ìgbénǹkanlé bá ṣe pọ̀ tó, ni iye agbára-iná tí ẹ lè gbàjọ.",menyo20k,13
Mò ń ṣe àfikún iṣẹ́ sí nǹkan náà.,menyo20k,8
Fèrèsé ò ní láti jẹ́ fèrèsé lásán mọ́.,menyo20k,8
Ó tún lè ṣiṣẹ́ gẹ́gẹ́ bí ilé-iṣẹ́ agbára kékeré.,menyo20k,9
Àwọn ìmọ̀-ẹ̀rọ tó yanilẹ́nu wà níta níbẹ̀ yẹn.,menyo20k,8
"Bí mo bá wò yíká nísìyìí, mo máa ń rí gbogbo àyè gẹ́gẹ́ bi àǹfààní.",menyo20k,15
"Pẹ̀lú èrò yìí lọ́kàn mi, mo ṣẹ̀da ẹ̀rọ amúnáwá.",menyo20k,9
À lo awòjìjí agbáara ìtànsán oòrùn tó hàn kedere láti tan ojú-ọjọ́ inú ilé rẹ̀.,menyo20k,15
"Pẹ̀lú títópọ̀ ní ìpele-ìpele, ẹ lè gbin irè-oko tó pọ̀ sóri ìwọ̀ onírìnméjì lọ́pọ̀ si.",menyo20k,15
"Ìkórè ìtànsán-oòrùn oníbejì ni, fún àpapọ̀ pádi agbára ìtànsán-oòrùn àti fún nǹkan ọ̀gbìn.",menyo20k,13
"Ó dàbi ogbà àjàrà ọjọ́ iwájú, níbi tí ati ń ṣàjọyọ̀ àwọn ìmọ̀-ẹ̀rọ ìgbàlódé wọ̀nyí.",menyo20k,15
"Mo nígbàgbọ́ nínú agbára ìtànsán oòrùn àwarawa: agbára ìtànsán oòrùn fún gbogbo ènìyàn, níbi gbogbo.",menyo20k,15
Èróngbà mi ni láti jẹ́ kí gbogbo àyè ó wúlò.,menyo20k,10
"Ẹ ronú nípa èyí lórí òṣùwọ̀n ńlá: ní àwọn ìlú-ńlá, oríṣiríṣi àyè ló wà.",menyo20k,14
Oòrùn ṣì wà fún gbogbo ènìyàn.,menyo20k,6
Bí kòkòro oyin ṣe lè jẹ́ kí àlááfia ó wà láàárín erin àti ọmọ ènìyàn.,menyo20k,15
Ní pàtàkì sí àwùjọ àánú àti àmúdijú wọn ni àwọn obìnrin olórí ilé.,menyo20k,13
Ṣùgbọ́n mo ń wò ó pé mélòó nínú yín ni wọ́n ti dẹ́rùbà lóòótọ́.,menyo20k,14
"Ọ̀run ló jẹ́ fún òdọ́, olùbẹ̀rẹ̀ ẹ́kọ̀ọ́ nípa ẹranko bíi tèmi.",menyo20k,11
"Ibí yìí ni mo ti ní ìmọ̀lára lóòótọ́, pé ilé ni mo wà.",menyo20k,13
"Lónì, à ń súmọ́ níní ẹgbẹ̀rún lọ́nà erínwó.",menyo20k,8
Ìdojúkọ tó tóbi gan-an ni.,menyo20k,5
Wọn ò ní ìṣúná tó tóbi.,menyo20k,6
Báwo lẹ ṣelè yanjú ọ̀rọ̀ yìí?,menyo20k,6
Ṣùgbọ́n wọ́n ń pín àwọn agbègbè wọ́n sì ń dí àwọn ẹnu ọ̀nà.,menyo20k,13
Kìí pẹ́ tí wọn ó fi ń wó ọ̀kan nínú àwọn òpó wọ̀nyí lulẹ̀.,menyo20k,14
Báyìí e ti wọ wàhálà.,menyo20k,5
Àwọn ènìyàn túbọ̀ ń gbìyànjú láti wá àpẹrẹ tuntun fún ọgbà onínọ́.,menyo20k,12
"Ó dáa, àwọn erin wọ̀nyí ò ronu púpọ̀ nípa àwọn wọ̀nyẹn pẹ̀lú.",menyo20k,12
Ẹ lè wòye wí pé wọn máa rántí ìyẹn kíákíá.,menyo20k,10
Kìí ṣe títa ẹ̀kan ṣoṣo ló ń bàwọ́n lẹ́rù.,menyo20k,9
Báwo ni mo ṣe fẹ́ ṣẹ̀wádi èléyìí?,menyo20k,7
(ohùn oyin tó ń kùn).,menyo20k,5
Àwọn ọgbà afárá oyin wọ̀nyí rọrùn gidi gaan.,menyo20k,8
A lo afárá oyin méjílà àti ẹ̀da afárá oyin méjílà láti dáààbòbo saare ilẹ̀-oko kan.,menyo20k,15
"Bẹ́ẹ̀ sì ni, ó sọ iye owó ọgbà náà di àbọ̀.",menyo20k,11
Àwọn oyin àti ọgbà afárá oyin náà ń gbọn ìyẹ̀rin sóri ilẹ̀ náà.,menyo20k,13
Oyin yìí lówó lórí gidi gan-an gẹ́gẹ́ bi àfikún ìpawówọlé fún àwọn àgbẹ̀.,menyo20k,13
Ǹjẹ́ àdáṣe lè gba gbogbo iṣẹ́ wa lọ?,menyo20k,8
A ṣẹ̀da ọkọ̀ katakata ìdáko láti fi agbára ẹ̀rọ rọ́pò làálàá agbára kíkan ọmọ ènìyàn.,menyo20k,15
A ṣẹ̀da ibi-ìtọkọ̀-papọ̀ láti fi ìṣedéédéé ẹ̀rọ rọ́pò àìṣedéédéé iṣẹ́-ọwọ́ ọmọ ènìyàn.,menyo20k,12
"A kọ-èdè-ìṣiṣẹ́ ẹ̀rọ-ayárabíàṣá láti pààrọ àṣìṣe, àìṣedéédéé ìṣirò ọmọ ènìyàn pẹ̀lú àìṣedéédéé ẹ̀rọ-ayárabíàṣá ìgbàlódé.",menyo20k,14
Àwọn ọgbọ́n ìpilẹ̀ṣe wọ̀nyí ti ṣiṣẹ́.,menyo20k,6
Èyí ń ṣe àfihàn ajọ̀ró-ṣòótọ́.,menyo20k,5
Àwọn ẹ̀rọ wa ń ṣe àlékún iṣẹ́ wa fún wà.,menyo20k,10
Kí ló dé tí iṣẹ́ ṣì ṣe pọ̀?,menyo20k,8
Kí ló dé tí iṣẹ́ ṣe pọ̀.,menyo20k,7
Ìlàna ọrọ̀-ajé tó ṣe pàtàkì méjì ló wà nínú ewu.,menyo20k,10
Ọ̀kan ní ṣe pẹ̀lú ọpọlọ ọmọ ènìyàn àti ọgbọ́n àtinúdá.,menyo20k,10
"Ìkejì níṣe pẹ̀lu àìláyo-ọkàn ọmọ ènìyàn, ọ̀kánjúà, tí ẹ bá fẹ́.",menyo20k,11
"Ìlànà kejì ni ìlàna kòtó, ó sì máa ń ṣe okùnfa iye iṣẹ́ tó wà.",menyo20k,15
Ẹ jẹ́ ká bẹ̀rẹ̀ pẹ̀lú òrùka-O.,menyo20k,6
Iye àwọn tí wọ́n ń fúnni lówó ní ẹ̀ka kọ̀ọ̀kan dínkù pẹ̀lú ìdá mẹ́ta.,menyo20k,14
Ṣùgbọ́n àwọn tí wọ́n ń fúni lówó yìí ń ṣiṣẹ́ ọ̀tọ̀.,menyo20k,11
"Ní tòótọ́, ó máa ń jẹ́ kí wọ́n ṣe pàtàkì si ni.",menyo20k,12
Ó máa ń ṣe àfikún ìwúlò ọrọ̀-ajé wọn ni.,menyo20k,9
Ẹ jẹ́ kín fún-un yín ní àpẹẹrẹ kan tó fojú hàn.,menyo20k,11
Ìkọ̀ọ̀kan nínú àwọn ìsopọ̀ wọ̀nyẹn gbọ́dọ̀ ṣẹlẹ̀ kí iṣẹ́ náà lè di àṣeyọrí.,menyo20k,13
Bóyá nǹkan mìíràn ló máa kán báyẹn.,menyo20k,7
"Ní gbèdéke, gbogbo nǹkan ló gbára lé e.",menyo20k,8
Kókó-ọ̀rọ̀ tó tún fẹjú rè é.,menyo20k,6
"Nínú ọ̀pọ̀lọ pọ̀ iṣẹ́ tí à ń ṣe, àwa ni òrùka-O.",menyo20k,11
Ó ń ṣe àfikún sí pàtàki ìmọ̀ọ́ṣe ìyanjú-ìṣòro wọn àti àjọṣepọ̀ wọn pẹ̀lú àwọn oníbàárà.,menyo20k,15
Èyí ló mú mi lọ síbi ìlànà kejì: kòtó.,menyo20k,9
"Àwọn ẹ̀rọ ò lè ṣe wọ́n, ṣùgbọ́n wọ́n ṣì gbọdọ̀ di ṣíṣe.",menyo20k,12
Ṣùgbọ́n ìyen ò sọ fún mi iye iṣẹ́ tí yóò wà.,menyo20k,11
"Ní ọdún 1900, ìdá ogójì gbogbo ìgbanisíṣẹ́ ní orílẹ̀-ède US jẹ́ lórí oko.",menyo20k,13
"Lónì, ó ti dínkù ní ìdá méjì.",menyo20k,7
Kí ló dé tí àwọn àgbẹ́ ṣe kéré lónì?,menyo20k,9
Kìí ṣe nítorí pé a ò jẹun púpọ̀.,menyo20k,8
"Ó fojú hàn kedere, ìmọ̀-ẹ̀rọ lè pa iṣẹ́.",menyo20k,8
Àpẹẹrẹ kan ṣoṣo ni iṣẹ́-àgbẹ̀ jẹ́.,menyo20k,6
Àwọn mìíràn bi irú rẹ̀ tún wà.,menyo20k,7
Ṣùgbọ́n ọ̀pọ̀lọpọ̀ ènìyàn kìí fẹ́ ṣe ìyẹn.,menyo20k,7
Wọ́n ṣetán láti ṣiṣẹ́ kárakára láti kórè ìmọ̀-ẹ̀rọ lọ́pọ̀ bó ṣe wà fún wọn.,menyo20k,14
Wíwà lọ́pọ̀ àwọn ohun-èlò kò tíì pa ọ̀wọ́n ti a kẹ́fín.,menyo20k,11
Ṣé ìyẹn túmọ̀ sí wí pé kò sí nǹkankan láti bẹ̀rù?,menyo20k,11
"Ìdáṣe, ìgbanisíṣẹ́, ṣìgìdì-òyìnbó àti iṣẹ́ -- gbogbo wọn máa mójútó ara wọn?",menyo20k,12
Kì í ṣe àríyànjiyàn mi nìyẹn.,menyo20k,6
"Ẹ wo orílẹ̀-èdè méjì, Norway àti Saudi Arabia.",menyo20k,8
Norway jẹ́ òṣèlú àwarawa tó ń dágbà.,menyo20k,7
"Lápapọ̀, àwọn ọmọ-ilú rẹ̀ ń ṣe iṣẹ́ àti eré papọ̀.",menyo20k,10
Ó wà láàárín ipò àkọ́kọ́ sí ìkẹ́rin ní àtò ìdùnú orílẹ̀-èdè.,menyo20k,11
Saudi Arabia jẹ́ ilú ọlọ́ba tí àwọn ọmọ-ìlú rẹ̀ ò ní ònà sí ìtẹ̀síwájú araẹni.,menyo20k,15
"Pẹ̀lú ṣíṣe àfiwé lásán, orílẹ̀ ède US wà nípò kejìlá tàbí ìkẹtàlá.",menyo20k,12
Àwọn ilé iṣẹ́ wọn ni.,menyo20k,5
Norway ti dókòwò láti kọ́ àwùjọ tó ní àǹfààní àti àgbékiri ọrọ̀-ajé.,menyo20k,12
"Orílẹ̀-èdè méjì, tí wọ́n lọ́rọ̀, tí ọrọ̀ wọn ò dọ́gba.",menyo20k,10
Ìdojúkọ náà kìí ṣe wí pé kò sí iṣẹ́.,menyo20k,9
Orílẹ̀-ède US tí ṣe àfikún àádọ́ta-ọ̀kẹ́ mẹ́rìnlá iṣẹ́ láti ìgbà òpin òjòjo ọrọ̀-ajé tó lágbára.,menyo20k,15
"Ìgbanisíṣẹ́ pọ̀ nínú àwọn iṣẹ́ yìí, ìdàgbàsókè ìgbanisíṣẹ́.",menyo20k,8
Ìdí tí àárín yìí fi ń há yìí kìí ṣémò.,menyo20k,10
"Èyí kìí ṣe àfojúsùn ìlọsíwájú mi, mo sì ń ṣeyè méjì pé tiyín nìyẹn.",menyo20k,14
Ṣùgbọ́n àwọn ìròyìn tó wúnilórí nìyí.,menyo20k,6
Ọ̀pọ̀ nínú wọn ni ò ní ṣe é gbà síṣẹ́.,menyo20k,10
Ìwà òpònú ni láti sọ wí pé kò sí nǹkankan láti bẹ̀rù.,menyo20k,12
Ó hàn gbangba pé a lè ṣi eléyí.,menyo20k,8
Kì í ṣe àwọn ẹ̀ro ni yóò ṣe ìyẹn.,menyo20k,9
Kì í ṣe ọjà gan-an ni yóò ṣe é.,menyo20k,9
Àwa àti àwọn ilé-iṣẹ́ wa la máa ṣe ìyẹn.,menyo20k,9
"Ní báyìí, mo bẹ̀rẹ̀ atótónu yìí pẹ̀lú ajọ̀ró-ṣòótọ́.",menyo20k,8
Àwọn ẹ̀rọ wa ń ṣe iṣẹ́ wa fún wa lọ́pọ̀lọpọ̀.,menyo20k,10
Ìtàn ti ń fún wa ní ìdáhùn sí ajọ̀ró-ṣòótọ́ yẹn ní tẹ̀lé-ń-tẹ̀lé.,menyo20k,12
Gbogbo ìgbà ni iṣẹ́ tuntun máa ń wà láti ṣe.,menyo20k,10
Ìdìde sí ìdojúkọ yìí kìí ṣe àdáṣe.,menyo20k,7
Kìí ṣe pé kò ní náni lówó.,menyo20k,7
Ṣùgbọ́n ó ṣe é ṣe.,menyo20k,5
Àwọn ìròyìn tó ń fún ni ní ìwúrí rèé.,menyo20k,9
"Nítorí ìṣiṣẹ́ wa, a ti dolówó.",menyo20k,6
"Ó ṣe é jiyàn, a ò lè tẹ̀tì láti má ṣe é.",menyo20k,12
Nítorí gbogbo ènìyàn ló mọ̀ wí pé àsìkò yìí yátọ̀.,menyo20k,10
Bẹ́ẹ̀ ni àsìkò yìí yátọ̀.,menyo20k,5
Àwọn àsọtẹ́lẹ̀ wọ̀nyí bàmi bí onígbèraga.,menyo20k,6
""""""" Mí o lọ́kàn láti ta tẹ́tẹ́ yẹn tako ọgbọ́n inú ọmọ ènìyàn.""",menyo20k,13
Ṣùgbọ́n ọjọ́ iwájú ò gbára lé ìrònú mi.,menyo20k,8
Kí lẹ rò wí pé ìdá méjì-dín-lógójì àwọn òṣìṣẹ́ yóò máa ṣe?,menyo20k,12
""""""" mi ò bà má sọ pé, """"Óh, a mọ èyí.""",menyo20k,11
"A máa ṣe ìpèse àwọn ohun-èlò, àwọn ẹ̀rọ ayàwòrán-ara fún ìṣègùn, ìkọ́ni ní yógà, Bitmojì.",menyo20k,15
Mi ò bá ti má nì ìmọ̀ kankan.,menyo20k,8
"Lápapọ̀, màá sọ wí pé ó ti rí bẹ́ẹ̀.",menyo20k,9
"Ṣùgbọ́n nígbà tí a dánu dúró díẹ̀ nínú ìfọ̀rọ̀jomitoro náà, Rosie fọwọ́ tọ́mi léjìká.",menyo20k,14
"""Ó wí pé. """"Ǹjẹ́ mo lè bi ọ́ ní ìbéèrè kan.""",menyo20k,11
"""Mo ní, """"bẹ́ẹ̀ ni, Rosie.""",menyo20k,5
"""""""Ṣé aláwọ̀ dúdú ni ọ́ ni?""",menyo20k,6
Ìya Jenny àti Rosie ò fi bẹ́ẹ̀ jìnọ̀ sí wa.,menyo20k,10
"Wọ́n wà nínú ilé-ìdáná wọ́n sì ń gbọ́ ọ̀rọ wa, ojú tìwọ́n.",menyo20k,12
"""Wọ́n ní, """"Rosie! O ò lè ma bère irú ìbéèrè báyẹn lọ́wọ́ àwọn ènìyàn.""",menyo20k,14
""""""" Jenny jẹ́ ọ̀rẹ́ mi, mo sì mọ̀ wí pé ojú tìí gidi gan-an.""",menyo20k,14
"Inú mi bájẹ́ nítorí tiẹ̀, ṣùgbọ́n kò ṣẹ̀mí.",menyo20k,8
Torí náà kí la ṣe?,menyo20k,5
Ó dájú pé kò rí báyìí.,menyo20k,6
""""""" Ó dáa, kínni nǹkan t""""ó ń sọ nípa ẹ̀?""",menyo20k,10
Ṣé ó rò wí pé wọ́n burẹ́wà ni?,menyo20k,8
Èyí sì ní láti yípadà.,menyo20k,5
"Ní báyìí, Ursula Burns rè é",menyo20k,6
"Àwọn ènìyán mọ̀ ọ́ fún ìrísí rẹ̀, èyí tí ẹ̀ rí níbí.",menyo20k,12
"Irun ilẹ̀ Adúláwò tó kéré, tí wọ́n gé dọ́gba dáadáa, tó rí ìtọ́jú gidi.",menyo20k,14
"""Burns ni a fẹ́ràn láti má ape """"ọmọbìnrin tó jẹ́ abínibí.""",menyo20k,11
"Ó ń já danù, ó ń tu, ó gbẹ ó sì le gidi gan-an.",menyo20k,14
"Bíi ẹgbẹ̀rún ọdún tó dára, mo ṣe àkójọpọ̀ rẹ̀ sórí ẹ̀rọ ayélukára",menyo20k,12
Mo sì ṣe àkójọpọ̀ bí ìrísí irun mi ṣe bẹ̀rẹ̀ síní yí padà.,menyo20k,13
Ìbẹ̀ru ohun tó lè ṣẹlẹ̀ -- báwo ni àwọ́n ṣe fẹ́ rí?,menyo20k,12
Báwo ni àwọ́n ṣe máa rí ara àwọn pẹ̀lú ìṣọwọ́ ṣerun àmútọ̀run wá wọ̀nyí?,menyo20k,14
A ò mọ nǹkan tí ẹ̀ ń sọ.,menyo20k,8
""""""" Ṣùgbọ́n àwọn nǹkan tí a mọ̀ rèé.""",menyo20k,8
Màá fiyín sílẹ̀ pẹ̀lú èyí.,menyo20k,5
Ẹ ṣá a ní àtẹ́wọ́.,menyo20k,5
Nítorí èyí -- èyí ju nípa ìṣọwọ́ ṣerun lọ.,menyo20k,9
Nípa ìfẹ́ràn ara ẹni àti ìmọyì ara ẹni ni.,menyo20k,9
Nípa níní ìgboyà láti má kàá sábẹ́ ipá ìrètí àwọn tókù ni.,menyo20k,12
"Ní ìparí, níní ìgboyà rọrùn nígbà ti a bá lè gbáralé ìkáàánú àwọn tó kù.",menyo20k,15
"Nítorí náà lẹ́yìn ònìí, mo lérò wí pé a lè gbáralé e yín.",menyo20k,13
Òntẹ̀-ìka yín ń ṣàfihàn nǹkan ju bí ẹ ṣe lérò lọ,menyo20k,11
"Kódà lálẹ́ yìí, ǹjẹ́ ẹ ti ṣe àkíyèsí jíjókò láì fi ọwọ́ kan nǹkankan?",menyo20k,14
"Ó dáa, ẹ ò dá wà.",menyo20k,6
"Ìkúnfúnọpẹ́, àwọn ọ̀daràn ń ṣàfojúdi agbára òntẹ̀-ìka, bákan náà.",menyo20k,9
A kọ̀ nílò láti ní ìmọ̀-ẹ̀rọ tó tọ́ láti jẹ́ kí wọ́n sọ̀rọ̀ ni.,menyo20k,14
Ẹ jẹ́ kí n múu yín rin ìrìnàjò ìkápá aláìlérò kan.,menyo20k,11
Ṣùgbọ́n ṣe afitóni yìí tó láti fi àṣẹ ọba mú?,menyo20k,10
"Rárá, wọ́n sì sọ fún wa pé ká túṣu désálẹ̀ ìkòkò pẹ̀lú ìwádìí wa.",menyo20k,14
"A ṣàwárí rẹ̀, bákan náà, ìdúró àwọn ìdá-kékééké-nǹkan-tí-ó-ṣù-pọ̀ méjì tó yanilẹ́nu.",menyo20k,11
"Ọ̀kan jẹ́ apa-ìrẹ̀wẹ̀sì-ọkàn, ọ̀kan sì jẹ́ ìdá-kékééké-nǹkan-tí-ó-ṣù-pọ̀ molecule tó yátọ̀ gidi gan-an.",menyo20k,12
Ní báyìí Thomson ti di afurasí tó ṣe é ṣe.,menyo20k,10
Ẹ̀rọ igbọ̀n agbọ̀n ńlá lè ràn wá lọ́wọ́ síwájú síi.,menyo20k,10
"Pẹ̀lú ṣíṣe bẹ́ẹ̀, bí a ṣe lè ṣe ìyàsọ́tọ̀ bátánì etíi méjééjì nìyẹn.",menyo20k,13
"Ní báyìí, a lè gbájúmọ́ òntẹ̀-ìka kan ṣoṣo -- tó jẹ́ ti aṣekúpani yẹn.",menyo20k,14
"Lẹ́yìn náà, ìgbésẹ̀ kejì àwọn ìdá-kékééké-nǹkan-tí-ó-ṣù-pọ̀ mẹ́ta wọ̀nyí tí mo ti rí yìí dà?",menyo20k,14
"""Pẹ̀lú ṣíṣe èyí, apá kan àwòrán òntẹ̀-ìka aṣekúpani náà nìkan l""""ó hàn.""",menyo20k,12
"Ìyẹn ni wí pé, àwọn nǹkan wọ̀nyẹn wà nínú òntẹ̀ aṣekúpani náà nìkan ni.",menyo20k,14
Ṣùgbọ́n òtítọ́ ibẹ̀ ni wí pé ọ̀ntẹ̀ yẹn ò tíì dára tó láti ṣe ìdánímọ̀.,menyo20k,15
Ìbámu náà jáde sí ti Thomson.,menyo20k,6
Tèmi kìí ṣe àlá mọ́; ìpinnu ni.,menyo20k,7
Mo nígbàgbọ́ pé ìgbà ọ̀tun ni èyí fún ṣíṣe àkọsílẹ̀ ìwà-ọ̀daràn.,menyo20k,11
Àwọn ìdá-kékééké-nǹkan-tí-ó-ṣù-pọ̀ jẹ́ asọ̀tàn nípa àṣírí wa pẹ̀lú ìfọwọ́kàn kan.,menyo20k,10
A máa ń gbọ́ lọ́pọ̀ ìgbà lásíkò yìí pé èto ìwọlé látókèèrè ti fọ́.,menyo20k,14
"Àwọn ìwé ìléwọ́ wa ṣòótọ́, wọ́n nítumọ̀ gidi, wọ́n péye ní òtítọ́.",menyo20k,12
"Ṣùgbọ́n ó wá yémi báyìí, wọ́n tún fẹ́ẹ̀ jẹ́ oríṣi wàhálà kan.",menyo20k,12
""""""" Báyìí, àwọn wọ̀nyí ni, bẹ́ẹ̀ ni, àwọn àríyànjiyàn tí à ń gbọ́ lójoojúmọ́.""",menyo20k,14
"Àkọ́kọ́, ìbéèrè kán wà nípa bóyá àwọn aṣíkiri lè di irinṣẹ́ tó wúlò.",menyo20k,13
Báwo la ṣe lè lo àwọn aṣíkiri?,menyo20k,7
Ṣé wọ́n máa jé ká lówó ká sì tún lágbára síi?,menyo20k,11
Ìbéèrè kejì ni wí pé bóyá àwọn aṣíkiri jẹ́ àwọn tókù.,menyo20k,11
Ǹjẹ́ àwọn aṣíkiri lè di ara wa?,menyo20k,7
Ṣé wọ́n níkàpá láti dàbi wa?,menyo20k,6
Ṣé wọ́n níkàpá láti farajọwá?,menyo20k,5
Ṣé wọ́n ṣe tán láti farajọwá?,menyo20k,6
Ìbéèrè kẹ́ta ni bóyá àwọn aṣíkiri jẹ́ ajọ̀fẹ́.,menyo20k,8
Ṣé wọ́n léwu fún wa?,menyo20k,5
Ṣé wọ́n máa gbọ́n ohun-àlùmọ́nì wa gbẹ?,menyo20k,7
Torí náà báwo la ṣe débí?,menyo20k,6
"Níbí, a nílò àwọn ìtàn-ìpìlẹ̀, tó jẹ́ ibi tí ìdánilẹ́kọ̀ ìtàn mi yóò ti wọlé.",menyo20k,15
"Ṣùgbọ́n lẹ́yìn ogun abẹ́lé, ohùn àwọn alátìlẹyìn ọmọ-ìlú gókè ní yíyí àti ní agbára",menyo20k,14
Àwọn ìbéèrè àtijọ́ náà léwu àti ìpínyà.,menyo20k,7
A nílò láti ṣe àtúnyà àwọn enu-àlà náà,menyo20k,8
A nílò láti ṣe àtúnyà àwọn ibodè wa.,menyo20k,8
Ìta rẹ̀ náà wà; ibi gbogbo náà wà.,menyo20k,8
"Bẹ́ẹ̀ ni, àwọn òṣìṣẹ ilẹ̀ America ti pèsè ọrọ̀ ní àwùjọ.",menyo20k,11
Bẹ́ẹ̀ náà ni àwọn aṣíkiri.,menyo20k,5
"Nítorí náà àwọn aṣíkiri ti wà nínú ìjà fún ẹ̀to, ìjọba àwarawa àti òmìnira",menyo20k,14
Wọn ò tíì ní ìbọ́wọ̀ fún enubodè àwọn orílẹ̀-èdè tókù.,menyo20k,10
"Ni ti èyí, ọ̀pọ̀lọpọ̀ àwọn aṣíkiri kulẹ̀ ti wà nínú agbára ilẹ̀ America tẹ́lẹ̀.",menyo20k,14
"Àwọn ìbéèrè mẹ́ta wa jẹ́ nípa ẹ̀tọ́ àwọn òṣìṣẹ́, nípa ojúṣe àti nípa ìdọ́gba.",menyo20k,14
"Àkọ́kọ́, a nílò láti máa bèrè nípa ẹ̀tọ́ àwọn òṣìṣẹ́.",menyo20k,10
Ìdí nìyí tí mo fi jọ̀wọ́ ayé mi fún ètò-ẹ̀kọ́.,menyo20k,10
Ó sì ti mú àyípadà wá.,menyo20k,6
Àwọn akẹ́kọ̀ọ́ wa wà láti mú àyípadà bá àgbáyé.,menyo20k,9
A ní láti lọ pín owó náà yíká.,menyo20k,8
Ṣùgbọ́n wọn yóò sọ èyí di ìjábọ̀ iṣẹ́ fún gbogbo ènìyàn.,menyo20k,11
"Fún èyí, bẹ́ẹ̀ ni, a nílò ètò ìdọ́gba láàrín ọkùnrin àti obìnrin tó lágbára.",menyo20k,14
Mo nígbàgbọ́ nínu ètò-ẹ̀kọ́ àwọn obìnrin.,menyo20k,6
Ṣùgbọ́n inú mi dùn láti lọ́wọ́ sí àyípadà àwùjọ mi.,menyo20k,10
Èyí sì ń jẹ́ kí n kún fáyọ̀.,menyo20k,8
"Tí ẹ bá ti ṣetán, ẹ padà wálé.",menyo20k,8
Ó ti jẹ́ kí ayé mi ní àṣeyọrí.,menyo20k,8
"Nítorí náà, ẹ padà wálé.",menyo20k,5
Bí ìkópamọ́ tí àwùjọ léwájú rẹ̀ ṣe lè dóólà àwọn ẹranko igbó.,menyo20k,12
"O dùn-ún gbọ́, àbí bẹ́ẹ̀ kọ́?",menyo20k,6
Àwọn ènìyàn kan lè má nì òye ǹkan tí èyí túmọ̀ sí.,menyo20k,12
Ṣùgbọ́n ó dámi lójú wí pé gbogbo yín lẹ ti gbọ́ nípa Cecil kìnìhún náà.,menyo20k,15
[Cecil kìnìhún náà (2002-2015) ].,menyo20k,5
(kìnìhún tó ń bú ramú-ramù).,menyo20k,5
Wọ́n sọ wí pé ẹ lè fẹ́ràn ẹranko tí ẹ̀ ń kọ́ nípa rẹ̀.,menyo20k,14
Ikúu rẹ̀ bàmí lọ́kàn jẹ́.,menyo20k,5
Mo ṣe ìpinnu lọ́jọ́ náà pé màá fi gbogbo ayé mi dáábò bo àwọn ẹranko.,menyo20k,15
Nítorí náà kí la nílò láti ṣe?,menyo20k,7
Mò ń pè yín láti wá darapọ̀ pẹ̀lú mi.,menyo20k,9
Mo ti jọ̀wọ ayé mi fún ìdáábò bo kìnìhún.,menyo20k,9
Ààrùn tó ń bani láye jẹ́ ni tó sì ń bani lọ́kàn jẹ́.,menyo20k,13
"Kìí se fún aláìsàn nìkan, ṣùgbọ́n àwọn olólùfẹ aláìsàn náà, bákan náà.",menyo20k,12
Ogun tí ìran ọmọ ènìyàn ti ń jà fún àìmọye ọ̀rún-ọdún ni.,menyo20k,12
"Nígbà tí a ti ṣe àwọn ìtẹ̀síwájú kan, a ò tíì ṣẹ́gun rẹ̀.",menyo20k,13
Méjì nínú ènìyàn márùn-ún ní orílẹ̀-ède US ni yóò ní àìsan jẹjẹrẹ ní ìṣẹ̀mi wọn.,menyo20k,15
"Nínú àwọn wọ̀nyí, ìdá àdọ́rùn (90%) yóò juwọ́lẹ̀ fún ààrùn yìí nítorí ìtànka rẹ̀.",menyo20k,14
Èyí tí mo ti ń kọ́ nípa rẹ̀ fún àìmọye ọdún báyìí.,menyo20k,12
Èro iṣẹ́-àkànṣe mi bá di bíbí.,menyo20k,6
Mo bẹ̀rẹ̀ síní ronú pẹ̀lu ìṣiṣẹ́ tọ àròsọ yìí.,menyo20k,9
"Nítorí náà, mo jura mi sínu iṣẹ́-àkànṣe yìí.",menyo20k,8
"Síbẹ̀, mi ò lè dáṣe é fúnra mi.",menyo20k,8
A ò dẹ̀ tíì ṣetán.,menyo20k,5
"Tí a dẹ̀ ṣe, ní àwòṣe ìtọ́jú ṣíwáju àyẹ̀wò lára ẹranko.",menyo20k,11
"Lóòtọ́, ìtànká ààrun jẹjẹrẹ, títànká, ní wọ́n ń ri gẹ́gẹ́ bi èròjà ìdàgbàsókè kókó.",menyo20k,14
"Síbẹ̀, ọ̀pọ̀lọpọ wa mọ̀ wí pé èyí kìí ṣe òótọ́.",menyo20k,10
Kò sí ẹnìkẹ́ni nínu ikọ̀ mi tó lè sọ àsọtẹ́lẹ̀ irú àwọn èsì yìí.,menyo20k,14
Ó jọ bí ẹni pé a ti kan ǹkan.,menyo20k,9
Àwọn kẹ́sẹ́ tó dára jù tí a lè bèrè fún.,menyo20k,10
Ó gba abúlé kan láti bá mi ṣàyẹ̀wo ìtànká.,menyo20k,9
"Ẹ gbàmígbọ́, láìsí abúlé mi, mi ò ní sí níbí.",menyo20k,10
Ó wà nínu gbogbo wa.,menyo20k,5
"Fún àwa ènìyàn, agbára-àkàndá náà ti pèse àwọn àwárí aláìlẹ́gbẹ́ ní ẹ̀ka ìmọ̀-ìṣègùn àti ìmọ̀-ìjìnlẹ̀.",menyo20k,15
"Àjọṣepọ̀ ni agbára-àkàndá tí mo kọjú sí, láti bá mi jagún ààrun jẹjẹrẹ.",menyo20k,13
"Mo dẹ̀ ní ìdánilójú pé pẹ̀lú àjọṣepọ̀ tó tọ́, a máa ṣègun ààrùn burúkú yìí.",menyo20k,15
Ẹ lè máa dókówò sí àwọn ilé-iṣẹ́ sìgá láìmọ̀.,menyo20k,9
Iṣẹ́ mi àkọ́kọ́ ni ṣíṣé iṣẹ́ fún oṣù mẹ́ta ní ẹ̀ka ààrun jẹjẹrẹ ẹ̀dọ̀fóró.,menyo20k,14
"Ó múnú mi dùn, ó dámi lójú pé ẹ lè wòye rẹ̀.",menyo20k,12
Ó sọ fún mi pé mo wà ní ẹ̀yàn ìpìlẹ̀.,menyo20k,10
Ṣé ìyẹn túmọ̀ sí wí pé àwọn ànfàní yíyàn míràn tún wà?,menyo20k,12
"""Mo ní, """"Ǹjẹ́ o dárúkọ kùkúyè?""",menyo20k,6
"""Ó ní, """"oh, bẹ́ẹ̀ ni, gbogbo ènìyàn sì ni.""",menyo20k,9
"Tí o bá dókówò ní ilé-iṣẹ́ kan, o ti ní díẹ̀ lára ilé-iṣẹ́ yẹn.",menyo20k,14
O fẹ́ kí ilé-iṣẹ́ yẹn gbòòrò kó ṣe àṣeyọrí kó sì gbèrú.,menyo20k,12
Mílíọ́nù méje ènìyàn káàkirí àgbáyé ti kú nítorí kùkúyè ní ọdún tó kọjá nìkan.,menyo20k,14
"Ṣé ìkankan nínu wa máa dókówò ní ilé-iṣẹ́ tuntun, aṣekúpani yẹn?",menyo20k,11
"""Mo bi í léérè, """"ó dáa, ìpín-ìkókówò ilẹ̀-òkèrè wo ni mo ni?""",menyo20k,12
Nígbà náà ni mo mọ̀ wí pé kìí ṣe èmi nìkan.,menyo20k,11
Gbogbo àwọn ọmọ ẹgbẹ́ owó ńlá mi ni.,menyo20k,8
Mo wá mọ̀ wí pé kìí ṣe orílẹ̀-ède Australia nìkan.,menyo20k,10
"Gbogbo ẹ̀ka owó lágbàyé ni, wọ́n sopọ̀ pátápátá mọ́ ilé-iṣẹ́ kùkúyè.",menyo20k,11
Ilé-iṣẹ́ tó ń pèsè èròjà tó ń pa mílíọ́nù méje ènìyàn lọ́dọọdún.,menyo20k,12
"Àwọn adarí owó ní oríṣiríṣi ìpeníjà láti kojú, lásíkò yìí.",menyo20k,10
Ìbéérè àkọ́kọ́: Ǹjẹ́ èròjà tí ilé-iṣẹ́ náà ń pèsè lè di lílò láìséwu?,menyo20k,13
"""""""Rárá"""" ni ìdáhùn fún àwọn ilé-iṣẹ́ kùkúyè.""",menyo20k,7
Òdo nìkan ni iye àìléwu sìgá fún ọmọ ènìyàn.,menyo20k,9
Kò lè ju dúdú àti funfun lọ.,menyo20k,7
"""""""Bẹ́ẹ̀ ni"""" ni ìdáhùn fún kùkúyè.""",menyo20k,6
Lóòtọ́ àdéhùn kùkúyè UN kan wà tí àwọn orílẹ̀-ède bi ọgọ́sàn ti fọwọ́ sí.,menyo20k,14
Wọ́n ṣẹ̀da àdéhùn náà nítorí ipa ewu kùkúyè lágbàyé.,menyo20k,9
Ìbéérè kẹ́ta tan mọ́ èro ìsọ̀rọ̀-papọ̀.,menyo20k,6
Ọ̀pọ̀ àwọn ilé-iṣẹ́ owó ni wọ́n fẹ́ di ọmọ-ìlú gidi lóòtó.,menyo20k,11
Sísọ́rọ̀ papọ̀ pẹ̀lú ilé-iṣẹ́ kùkúyè ò le so èso rere.,menyo20k,10
"Lóòtọ́, sísọ́rọ̀ papọ̀ pẹ̀lú ilé-iṣẹ́ kùkúyè ò tíì yọrí sí àdínkù ikú ọmọ ènìyàn rí.",menyo20k,15
"Ní ọdún 2015, UN gba àwọn ìpinnu ìdàgbàsókè alálòpẹ́ wọlé.",menyo20k,10
"Fún èmi, ìpinnu kẹtà-dín-lógún ni mo fẹ́ràn jù: àjọṣepọ̀ fún ìpinnu náà.",menyo20k,12
"Ṣùgbọ́n ìyẹn, bákan náà, kò tó.",menyo20k,6
Mo dẹ̀ ń kesí wọn láti ṣiṣẹ́ tọ àwọn àpérò àgbáyé.,menyo20k,11
"Ṣùgbọ́n ní àfikún, ewu ìṣòwò wà níbẹ̀.",menyo20k,7
Ẹ jẹ́ ká sọ nípa ìgbésẹ̀ òfin àti ewu tó lè fà.,menyo20k,12
"Lọ́wọ́lọ́wọ́ yìí, àto òwo ilé-iṣẹ́ kùkúyè ni à ń takò.",menyo20k,10
"Lọ́wọ́lọ́wọ́ yìí, ilé-iṣẹ́ kùkúyè ń ṣe àyọkúrò gbogbo ewu ìlera tó tan mọ́ kùkúyè.",menyo20k,14
"Ìjọbá ń san, àwùjọ ń san, ìwọ́ ń san, èmí ń san.",menyo20k,12
Síbẹ̀ wọ́n ń ṣe àpasílé àti àdáni àwọn èrè.,menyo20k,9
Ẹjọ́ yẹn wà ní ilé-ẹjọ́ kò tẹ́milọ́rùn.,menyo20k,7
Ẹ jẹ́ ká tẹ̀síwájú lọ sí okùn ìtajà àti ewu tó wà níbẹ̀.,menyo20k,13
Kò fi bẹ́ẹ̀ jẹ́ mímọ̀ wí pé ilé-iṣẹ́ kùkúyè gbára lé fífi ọmọ ṣọ̀wo ẹrú.,menyo20k,15
Ẹ jẹ́ ká kọ̀ wo ipa rẹ̀ lára àwọn ọmọdé.,menyo20k,10
Ìyẹ́n jẹ́ iye ọmọ tí yóò kún inú pápá-ìṣeré bọ́ọ́lù aláfigigbá Melbourne.,menyo20k,12
Ọ̀pọ̀lọpọ̀ àwọn ọmọ wọ̀nyẹn ni wọ́n wá láti àwọn àwùjọ tó kúṣẹ̀ẹ́ jùlọ lóri ilẹ̀-eèpẹ̀.,menyo20k,15
Ní gbogbo àyè mìíràn ó kéré.,menyo20k,6
Ẹ̀ka owó náà ti ń darapọ̀.,menyo20k,6
"Ìyẹn ni tèmi, lápá kan.",menyo20k,5
"Ní orílẹ̀-ède Australia, New Zealand, Netherlands, Sweden, Denmark, France, Ireland àti USA.",menyo20k,12
"Látọ́dọ̀ àwọn olómìnira owó ìrànwọ́, àwọn alámojútó owó, àwọn owó-ìfẹ̀yìntì, ilé-ìfowopamọ́, abáni-dójútófò àti atún-báni-dójútófò.",menyo20k,14
Àgbéyẹ́wò náà dára wọ́n sì jẹ́wọ́ rẹ̀ lóòtọ́.,menyo20k,8
Ìbéérè tí a ní láti bi ara wa nìyẹn.,menyo20k,9
"Lójú ọ̀nà náà, mo ti ní ọ̀pọ̀lọpọ̀ ìrànlọ́wọ́ àti àtìlẹ́yìn alágbára.",menyo20k,11
"Aláyélúwà, ọmọba-bìnrin Dina Mired, ni aṣojú wa káàkiri àgbáyé fún iṣẹ́ yìí.",menyo20k,12
Ṣùgbọ́n ìkápá láti yí ǹkan padà kò sí lórí àwọn ènìyàn pàtàkì wọ̀nyìí nìkan.,menyo20k,14
Agbára láti ṣe ìyẹn wà lọ́dọ gbogbo wa.,menyo20k,8
Gbogbo wa níbí lè darapọ̀ mọ́ ìyanjú yìí.,menyo20k,8
"Lóòtọ́, gbogbo wa níbí ni a gbọ́dọ̀ darapọ̀ mọ́ ìyanjú náà.",menyo20k,11
"Owó mi ni, owóo wa ni.",menyo20k,6
Ìbéérẹ̀ tó sì mú ọpọlọ dání nìyẹn.,menyo20k,7
"Mo fún pọ̀ níbí, pẹ̀lu mílíọ́nù méje ènìyàn ní ẹ̀gbẹ́ mi lónì.",menyo20k,12
Ìtàgé tó tóbi gan ni èyí.,menyo20k,6
Ṣùgbọ́n kò sí àyè mọ́.,menyo20k,5
[ìjírórò yìí kún fún àwọn àkòónú fún àgbàlagbà].,menyo20k,8
Kò lè gbàgbọ́ ohun tí ojú rẹ̀ rí.,menyo20k,8
Kò ṣe fọ́rán ìbálòpọ̀ kankan rí.,menyo20k,6
"Ṣùgbọ́n ó ṣeni láànú, ẹgbẹ̀rún lónà ẹgbẹ̀rún àwọn ènìyàn yóò gbàgbọ́ pé òun ni.",menyo20k,14
"Ọ̀jọ̀gbọ́n nípa òfin nimí, agbẹjọ́rò àti ajàfẹ́tọ ọmọ ènìyàn.",menyo20k,9
Fọ́rán ìbálópọ̀ ayédèrú náà lọ káàkiri fún wákàtí mẹ́jì-dín-láàdọ́ta (48).,menyo20k,10
"""Àwọn àtẹ̀jáde lórí ẹrọ ayélukára dá a lábà wí pé ó """"ṣí sílẹ̀"""" fún ìbálópọ̀.""",menyo20k,15
"Wọ́n ṣe àtagbà fọ́rán náà ju ìgba ogójì ẹgbẹ̀rún (40,000) lọ.",menyo20k,11
Wọ́n da ìgbésíayé Ranna Ayyub kodò.,menyo20k,6
"Fún àìmọye ọ̀sẹ̀, tipá-tipá ló fi ń jẹun tàbí sọ̀rọ̀.",menyo20k,10
Ẹ̀rú sì ń bà á láti jáde kúrò ní ilẹ́ àwọn mọ̀lẹ́bíi rẹ̀.,menyo20k,13
Tí àwọn tí wọ́n ń dúkokò bá mú ìlérí wọn ṣe ńkó?,menyo20k,12
Wọ́n fi ohùn léde wí pé ọkàn àwọn ò balẹ̀ nípa ààbo rẹ̀.,menyo20k,13
Láìpẹ́ a lè ma ṣéwọ́n lórí àwọn ẹ̀rọ-ìbánisọ̀rọ wa.,menyo20k,9
Ẹ jẹ́ kí n ṣàlàyé.,menyo20k,5
"Gẹ́gẹ́ bí ọmọ ènìyàn, a máa ń fi ẹran-ara fèsì sí ohùn àti àwòrán.",menyo20k,14
Ẹ̀ya ara yẹn náà ni ó lè ṣe ìdíwọ́ fún ìgbàgbọ wa nípa òótọ́.,menyo20k,14
"A máa ń fà sí ìbàjẹ́, abíni-nínú.",menyo20k,7
"Ní báyìí, a máa ń fà sí àwọn afitóni tó papọ̀ mọ́ èro wa.",menyo20k,14
"""Àwọn onímọ̀ iṣẹ́-ọkàn pe ìwà yẹn ní """"ìfẹsẹ̀múlẹ̀ aṣègbè.""",menyo20k,9
"Ní báyìí, fọ́rán ayédèrú ní ànfàní láti fa ewu tó lágbára fún ènìyàn àti àwùjọ.",menyo20k,15
Ẹ lè wòye pé fọ́rán ayédèrú yẹn máa fa rògbòdìyàn tako àwọn ọmọ ogun wọ̀nyẹn.,menyo20k,15
"""Ẹ dẹ̀ lè sọ fúnmi wí pé, """"wá, Danielle, ìyen ò ṣe é ṣe.""",menyo20k,14
Àtẹ̀jíṣẹ́ lásán nìyẹn -- ẹ wòye pé tó bá jẹ́ wí pé fọ́rán aláwòrán ni.,menyo20k,15
"Nítorí náà, ẹ wòye alẹ́ ìbó kọ̀la.",menyo20k,7
Wọ́n máa ń wá àwọn ònwòran tí wọ́n ti dúró láti gbà wọ́n gbọ́.,menyo20k,14
Ìṣiṣẹ́ tọ òtítọ́ náà wà nínú ewu bákan náà.,menyo20k,9
Báwo ni òtítọ́ ṣe lè jẹyọ ní ọjà òye tí fọ́rán ayédèrú ń dà láàmú?,menyo20k,15
Ẹ ò lè gba ǹkan tí ojú àti etí yín ń sọ fún yín gbọ́.,menyo20k,15
"Wọ́n ti pín iṣẹ́ wa fún wa, kò sí iyèméjì nípa rẹ̀.",menyo20k,12
A máa nílò ìfaradà àwùjọ ní ìwọn aláìléwu.,menyo20k,8
"Ní báyìí, a ti wà nínú àpérò gbogbogbò nípa ojúṣe àwọn ilé-iṣẹ́ ìmọ̀-ẹ̀rọ.",menyo20k,13
"Ìpinnu yẹn, yóò gba ìdájọ́ ọmọ ènìyàn, ó dẹ̀ wọ́n.",menyo20k,10
Olùdánilẹ́kọ̀ wa ni òfin jẹ́.,menyo20k,5
Ó máa ń kọ́wa nípa ǹkan tó léwu àti ǹkan tí ò tọ́.,menyo20k,13
"Ní báyìí, òfin ò kápá fọ́rán ayédèrú.",menyo20k,7
Ǹkan tí ó ṣẹlẹ̀ sí Ranna Ayyub túbọ̀ ń ṣẹlẹ̀ si lemọ́-lemọ́.,menyo20k,12
A ní àlàfo òfin tó nílò dídí.,menyo20k,7
"A sì ti ri irú àwọn ìgbésẹ̀ bẹ́ẹ̀ ní orílẹ̀-ède Iceland, UK àti Australia.",menyo20k,14
"Ṣùgbọ́n bẹ́ẹ̀ ni, oríkè kékeré nìyẹn nínu ayò òfin náà.",menyo20k,10
"Ní báyìí, mo mọ̀ wí pé òfin kìí ṣe gbogbo nìṣe.",menyo20k,11
A dẹ̀ ní láti fi ọgbọ́n lò ó.,menyo20k,8
Ó tún ní àwọn ìdíwọ́ àṣeémúlò kànkan.,menyo20k,7
A máa nílò ìdáhùn láti ilẹ̀-òkèrè tó létò.,menyo20k,8
Ètò-ẹ̀kọ́ ní láti wà lára ìdáhùn wa bákan náà.,menyo20k,9
A dẹ̀ rí ìyẹn nínú ìgbẹ̀jọ́ọ Rana Ayyub.,menyo20k,8
"""Wọ́n sọ fún-un pé, """"Wá, ó ń sọ ǹkan yìí di bàbàrà.""",menyo20k,12
Àwọn ọmọkùnrin ni wọ́n ń ṣìṣe ọmọkùnrin.,menyo20k,7
A nílò láti ṣe àsopọ̀ òfin tuntun pẹ̀lú ìgbìyànjú ìfikọ́ra.,menyo20k,10
A gbọ́dọ̀ dojú ètò-ẹ̀kọ́ kọ àwọn ilé-iṣẹ́ ìròyìn bákan náà.,menyo20k,10
Ibí yìí ni ó ti kan gbogbo wa.,menyo20k,8
Ẹnìkànkan nínú wa nílò kíkọ́.,menyo20k,5
A nílò láti ṣe ju báyìí lọ.,menyo20k,7
A nílò irinṣẹ́ aṣàwárí gidi fún ayédèrú.,menyo20k,7
Ranna Ayyub ṣì ń jíjà gùdù pẹ̀lú ìpadàbọ rẹ̀.,menyo20k,9
Ara rẹ̀ ò tíì balẹ̀ láti sọ̀rọ̀ lórí àti kúrò lórí ẹrọ ayélukára.,menyo20k,13
Ǹkan tí àwọn ilé-iṣẹ́ ìmọ̀-ẹ̀rọ mọ̀ nípa àwọn ọmọọ̀ yín.,menyo20k,10
"Lójoojúmọ́, lọ́sọ̀ọ̀sẹ̀, a máa ń gba àwọn àdéhùn àti àsọtẹ́lẹ̀.",menyo20k,10
"Onímọ̀ nípa àjọṣepọ̀ ènìyàn láwùjọ ni mí, mo dẹ̀ tún jẹ ìyá àwọn ọmọdébìnrin méjì.",menyo20k,15
"Èyí jẹ́ nípa ètò, kìí ṣe àwọn ènìyàn.",menyo20k,8
Ìwọ àti ìwà rẹ ò lẹ́bi.,menyo20k,6
Àwọn ẹnìkẹ́ta wọ̀nyí máa ṣe àtagbà ìfitónilétí náà pẹ̀lu ilé-iṣẹ́ mẹ́rìn-dín-lókóò-le-nigba mìíràn.,menyo20k,12
"Nínu mẹ́rìn-dín-lókóò-le-nigba ẹnìkẹ́rin wọ̀nyí, mẹ́ta péré ni wọ́n jẹ́ ti ẹ̀ka ìlera.",menyo20k,12
Wọ́n ń tọpa wọn pẹ̀lú àwọn ìkànì ètò-ẹ̀kọ́ àti àwọn ìmọ̀-ẹ̀rọ ètò-ẹ̀kọ́ ní ilé-ẹ̀kọ wọn.,menyo20k,15
Kí ló jẹ́ pàtàkì tí wọ́n bá ń tọpa àwọn ọmọ mi?,menyo20k,12
A ò ní ǹkankan láti fi pamọ́.,menyo20k,7
"Ó dáa, Ó ṣe pàtàkì.",menyo20k,5
Wọ́n sì ń kó gbogbo dátà yìí jọ láti ṣe ìpinnu ìtọ́ni-dátà nípa ènìyàn.,menyo20k,14
Àwọn ìmọ̀-ẹ̀rọ wọ̀nyí ni wọ́n ń lò níbi gbogbo.,menyo20k,9
Ilé-ìfowópamọ́ ń lò wọ́n láti ṣe ìpinnu ẹ̀yáwó.,menyo20k,8
Àwọn adójútófò ń lò wọ́n láti ṣe ìpinnu owó ìdójútófò.,menyo20k,10
Ṣùgbọ́n àwọn àkọsílẹ̀ yìí lè nípa lórí ẹ̀tọ wa ní àwọn ọ̀nà tó ṣe pàtàkì.,menyo20k,15
Oníṣòwo dátà náà sì gbà láti pèse àkójọpọ̀ náà fún wọn.,menyo20k,11
Ẹ ronú sí irú àṣírí àti àyanjúràn tí èyí jẹ́ fún àwọn ọmọ wa.,menyo20k,14
Ṣùgbọ́n àpẹẹrẹ lásán ni àwọn oníṣòwo dátà ẹ̀kọ́ jẹ́.,menyo20k,9
Ǹjẹ́ a lè ṣe bẹ́ẹ̀?,menyo20k,5
Nítorí wọn ò lè ṣe àkọsílẹ̀ àwọn ènìyàn.,menyo20k,8
Ìtọpa dátà ò kí ń ṣe àwòran irú ènìyàn tí à ń ṣe.,menyo20k,13
"Lọ́wọ́lọ́wọ́ yìí, à ń rí àwọn àpẹẹrẹ ètò aṣègbè àkọ́kọ́.",menyo20k,10
Díẹ̀ nínú àwọn àpẹrẹ wọ̀nyí ń dẹ́rù bani.,menyo20k,8
Mo rò wí pé ìṣòro gidi ni à ń kojú ní àwùjọ wa.,menyo20k,13
Ǹkan tí a nìlò báyìí ni ọ̀nà-àbáyọ òṣèlú.,menyo20k,8
A fẹ́ kí ìjọba mọ̀ wí pé ẹ̀tọ ọmọ ènìyan wa ni ẹ̀to dátà wa.,menyo20k,15
"Àyàfi tí èyí bá ṣẹlẹ̀, a ò lè nírèti ọjọ́-iwájú adọ́gba.",menyo20k,11
Mò ń ronú wí pé àwọn ọmọbìnrin mi máa kojú onírúúrú ètò ẹlẹ́yàmẹ̀yà àti àṣìṣe.,menyo20k,15
Ṣùgbọ́n fún àwọn ọmọbìnrin mi èyí lè yàtọ̀.,menyo20k,8
Mo rò wí pé àsìkó ti tó.,menyo20k,7
Àsìkó ti tó fúnwa láti tẹ̀síwájú.,menyo20k,6
